Using pre-set license
Built from '2022.3/staging' branch; Version is '2022.3.53f1 (df4e529d20d3) revision 14634578'; Using compiler version '192829333'; Build Type 'Release'
OS: 'Windows 11  (10.0.26100) 64bit Core' Language: 'pl' Physical Memory: 32452 MB
BatchMode: 1, IsHumanControllingUs: 0, StartBugReporterOnCrash: 0, Is64bit: 1, IsPro: 1

COMMAND LINE ARGUMENTS:
C:\Program Files\Unity\Hub\Editor\2022.3.53f1\Editor\Unity.exe
-adb2
-batchMode
-noUpm
-name
AssetImportWorker2
-projectPath
D:/programowanie/programowanie/ROK III/SEMESTR V/VR/VR_LAB/Lab02/Island
-logFile
Logs/AssetImportWorker2.log
-srvPort
56805
Successfully changed project path to: D:/programowanie/programowanie/ROK III/SEMESTR V/VR/VR_LAB/Lab02/Island
D:/programowanie/programowanie/ROK III/SEMESTR V/VR/VR_LAB/Lab02/Island
[UnityMemory] Configuration Parameters - Can be set up in boot.config
    "memorysetup-bucket-allocator-granularity=16"
    "memorysetup-bucket-allocator-bucket-count=8"
    "memorysetup-bucket-allocator-block-size=33554432"
    "memorysetup-bucket-allocator-block-count=8"
    "memorysetup-main-allocator-block-size=16777216"
    "memorysetup-thread-allocator-block-size=16777216"
    "memorysetup-gfx-main-allocator-block-size=16777216"
    "memorysetup-gfx-thread-allocator-block-size=16777216"
    "memorysetup-cache-allocator-block-size=4194304"
    "memorysetup-typetree-allocator-block-size=2097152"
    "memorysetup-profiler-bucket-allocator-granularity=16"
    "memorysetup-profiler-bucket-allocator-bucket-count=8"
    "memorysetup-profiler-bucket-allocator-block-size=33554432"
    "memorysetup-profiler-bucket-allocator-block-count=8"
    "memorysetup-profiler-allocator-block-size=16777216"
    "memorysetup-profiler-editor-allocator-block-size=1048576"
    "memorysetup-temp-allocator-size-main=16777216"
    "memorysetup-job-temp-allocator-block-size=2097152"
    "memorysetup-job-temp-allocator-block-size-background=1048576"
    "memorysetup-job-temp-allocator-reduction-small-platforms=262144"
    "memorysetup-allocator-temp-initial-block-size-main=262144"
    "memorysetup-allocator-temp-initial-block-size-worker=262144"
    "memorysetup-temp-allocator-size-background-worker=32768"
    "memorysetup-temp-allocator-size-job-worker=262144"
    "memorysetup-temp-allocator-size-preload-manager=33554432"
    "memorysetup-temp-allocator-size-nav-mesh-worker=65536"
    "memorysetup-temp-allocator-size-audio-worker=65536"
    "memorysetup-temp-allocator-size-cloud-worker=32768"
    "memorysetup-temp-allocator-size-gi-baking-worker=262144"
    "memorysetup-temp-allocator-size-gfx=262144"
Player connection [21324]  Target information:

Player connection [21324]  * "[IP] 192.168.0.229 [Port] 0 [Flags] 2 [Guid] 2445115814 [EditorId] 2445115814 [Version] 1048832 [Id] WindowsEditor(7,KAROL-DELL) [Debug] 1 [PackageName] WindowsEditor [ProjectName] Editor" 

Player connection [21324]  * "[IP] 26.77.29.103 [Port] 0 [Flags] 2 [Guid] 2445115814 [EditorId] 2445115814 [Version] 1048832 [Id] WindowsEditor(7,KAROL-DELL) [Debug] 1 [PackageName] WindowsEditor [ProjectName] Editor" 

Player connection [21324] Host joined multi-casting on [225.0.0.222:54997]...
Player connection [21324] Host joined alternative multi-casting on [225.0.0.222:34997]...
[PhysX] Initialized MultithreadedTaskDispatcher with 32 workers.
Refreshing native plugins compatible for Editor in 8.15 ms, found 3 plugins.
Preloading 0 native plugins for Editor in 0.00 ms.
Initialize engine version: 2022.3.53f1 (df4e529d20d3)
[Subsystems] Discovering subsystems at path C:/Program Files/Unity/Hub/Editor/2022.3.53f1/Editor/Data/Resources/UnitySubsystems
[Subsystems] Discovering subsystems at path D:/programowanie/programowanie/ROK III/SEMESTR V/VR/VR_LAB/Lab02/Island/Assets
GfxDevice: creating device client; threaded=0; jobified=0
Direct3D:
    Version:  Direct3D 11.0 [level 11.1]
    Renderer: NVIDIA GeForce RTX 4070 Laptop GPU (ID=0x2860)
    Vendor:   NVIDIA
    VRAM:     7948 MB
    Driver:   32.0.15.6636
Initialize mono
Mono path[0] = 'C:/Program Files/Unity/Hub/Editor/2022.3.53f1/Editor/Data/Managed'
Mono path[1] = 'C:/Program Files/Unity/Hub/Editor/2022.3.53f1/Editor/Data/MonoBleedingEdge/lib/mono/unityjit-win32'
Mono config path = 'C:/Program Files/Unity/Hub/Editor/2022.3.53f1/Editor/Data/MonoBleedingEdge/etc'
Using monoOptions --debugger-agent=transport=dt_socket,embedding=1,server=y,suspend=n,address=127.0.0.1:56112
Begin MonoManager ReloadAssembly
Registering precompiled unity dll's ...
Register platform support module: C:/Program Files/Unity/Hub/Editor/2022.3.53f1/Editor/Data/PlaybackEngines/WindowsStandaloneSupport/UnityEditor.WindowsStandalone.Extensions.dll
Registered in 0.004659 seconds.
- Loaded All Assemblies, in  0.266 seconds
Native extension for WindowsStandalone target not found
Mono: successfully reloaded assembly
- Finished resetting the current domain, in  0.227 seconds
Domain Reload Profiling: 493ms
	BeginReloadAssembly (83ms)
		ExecutionOrderSort (0ms)
		DisableScriptedObjects (0ms)
		BackupInstance (0ms)
		ReleaseScriptingObjects (0ms)
		CreateAndSetChildDomain (1ms)
	RebuildCommonClasses (21ms)
	RebuildNativeTypeToScriptingClass (6ms)
	initialDomainReloadingComplete (39ms)
	LoadAllAssembliesAndSetupDomain (116ms)
		LoadAssemblies (82ms)
		RebuildTransferFunctionScriptingTraits (0ms)
		AnalyzeDomain (114ms)
			TypeCache.Refresh (113ms)
				TypeCache.ScanAssembly (99ms)
			ScanForSourceGeneratedMonoScriptInfo (0ms)
			ResolveRequiredComponents (0ms)
	FinalizeReload (227ms)
		ReleaseScriptCaches (0ms)
		RebuildScriptCaches (0ms)
		SetupLoadedEditorAssemblies (183ms)
			LogAssemblyErrors (0ms)
			InitializePlatformSupportModulesInManaged (7ms)
			SetLoadedEditorAssemblies (5ms)
			RefreshPlugins (0ms)
			BeforeProcessingInitializeOnLoad (2ms)
			ProcessInitializeOnLoadAttributes (136ms)
			ProcessInitializeOnLoadMethodAttributes (33ms)
			AfterProcessingInitializeOnLoad (0ms)
			EditorAssembliesLoaded (0ms)
		ExecutionOrderSort2 (0ms)
		AwakeInstancesAfterBackupRestoration (0ms)
========================================================================
Worker process is ready to serve import requests
Caller must complete domain reload
Begin MonoManager ReloadAssembly
- Loaded All Assemblies, in  0.483 seconds
Native extension for WindowsStandalone target not found
Package Manager log level set to [2]
[Package Manager] Server::EnsureServerProcessIsRunning -- launch failed, reason: Unity was launched with the -noUpm command-line argument
[Package Manager] UpmClient::Send -- Unable to send message (not connected to UPM process).
[Package Manager] Cannot connect to Unity Package Manager local server
Mono: successfully reloaded assembly
- Finished resetting the current domain, in  0.401 seconds
Domain Reload Profiling: 882ms
	BeginReloadAssembly (95ms)
		ExecutionOrderSort (0ms)
		DisableScriptedObjects (3ms)
		BackupInstance (0ms)
		ReleaseScriptingObjects (0ms)
		CreateAndSetChildDomain (12ms)
	RebuildCommonClasses (47ms)
	RebuildNativeTypeToScriptingClass (16ms)
	initialDomainReloadingComplete (60ms)
	LoadAllAssembliesAndSetupDomain (262ms)
		LoadAssemblies (215ms)
		RebuildTransferFunctionScriptingTraits (0ms)
		AnalyzeDomain (105ms)
			TypeCache.Refresh (90ms)
				TypeCache.ScanAssembly (81ms)
			ScanForSourceGeneratedMonoScriptInfo (10ms)
			ResolveRequiredComponents (3ms)
	FinalizeReload (402ms)
		ReleaseScriptCaches (0ms)
		RebuildScriptCaches (0ms)
		SetupLoadedEditorAssemblies (319ms)
			LogAssemblyErrors (0ms)
			InitializePlatformSupportModulesInManaged (3ms)
			SetLoadedEditorAssemblies (2ms)
			RefreshPlugins (0ms)
			BeforeProcessingInitializeOnLoad (38ms)
			ProcessInitializeOnLoadAttributes (259ms)
			ProcessInitializeOnLoadMethodAttributes (12ms)
			AfterProcessingInitializeOnLoad (4ms)
			EditorAssembliesLoaded (0ms)
		ExecutionOrderSort2 (0ms)
		AwakeInstancesAfterBackupRestoration (5ms)
Launched and connected shader compiler UnityShaderCompiler.exe after 0.03 seconds
Refreshing native plugins compatible for Editor in 1.39 ms, found 3 plugins.
Preloading 0 native plugins for Editor in 0.00 ms.
Unloading 3176 Unused Serialized files (Serialized files now loaded: 0)
Unloading 21 unused Assets / (408.3 KB). Loaded Objects now: 3669.
Memory consumption went from 144.6 MB to 144.2 MB.
Total: 4.103600 ms (FindLiveObjects: 0.279600 ms CreateObjectMapping: 0.079200 ms MarkObjects: 3.471200 ms  DeleteObjects: 0.272600 ms)

AssetImportParameters requested are different than current active one (requested -> active):
  custom:container-demuxer-ogg: 62fdf1f143b41e24485cea50d1cbac27 -> 
  custom:video-codec-MediaFoundation-h265: 746d11721c4dcdbdad8f713fa42b33f4 -> 
  custom:video-decoder-ogg-theora: a1e56fd34408186e4bbccfd4996cb3dc -> 
  custom:framework-win-MediaFoundation: 216162199b28c13a410421893ffa2e32 -> 
  custom:CustomObjectIndexerAttribute: 9a22284fe3817be447336de3de66b15e -> 
  custom:container-demuxer-webm: 4f35f7cbe854078d1ac9338744f61a02 -> 
  custom:container-muxer-webm: aa71ff27fc2769a1b78a27578f13a17b -> 
  custom:video-decoder-webm-vp8: 9c59270c3fd7afecdb556c50c9e8de78 -> 
  custom:SearchIndexIgnoredProperties: e643bd26f0fe6173181afceb89e7c659 -> 
  custom:AudioImporter_EditorPlatform: d09bf68614088b80899f8185d706f6e7 -> 
  custom:video-encoder-webm-vp8: eb34c28f22e8b96e1ab97ce403110664 -> 
  custom:audio-decoder-ogg-vorbis: bf7c407c2cedff20999df2af8eb42d56 -> 
  custom:audio-encoder-webm-vorbis: bf7c407c2cedff20999df2af8eb42d56 -> 
========================================================================
Received Prepare
Caller must complete domain reload
Begin MonoManager ReloadAssembly
- Loaded All Assemblies, in  5.794 seconds
Native extension for WindowsStandalone target not found
[Package Manager] Server::EnsureServerProcessIsRunning -- launch failed, reason: Unity was launched with the -noUpm command-line argument
[Package Manager] UpmClient::Send -- Unable to send message (not connected to UPM process).
[Package Manager] Cannot connect to Unity Package Manager local server
Mono: successfully reloaded assembly
- Finished resetting the current domain, in 19.034 seconds
Domain Reload Profiling: 24827ms
	BeginReloadAssembly (112ms)
		ExecutionOrderSort (0ms)
		DisableScriptedObjects (3ms)
		BackupInstance (0ms)
		ReleaseScriptingObjects (0ms)
		CreateAndSetChildDomain (28ms)
	RebuildCommonClasses (20ms)
	RebuildNativeTypeToScriptingClass (6ms)
	initialDomainReloadingComplete (18ms)
	LoadAllAssembliesAndSetupDomain (5636ms)
		LoadAssemblies (5682ms)
		RebuildTransferFunctionScriptingTraits (0ms)
		AnalyzeDomain (12ms)
			TypeCache.Refresh (6ms)
				TypeCache.ScanAssembly (0ms)
			ScanForSourceGeneratedMonoScriptInfo (0ms)
			ResolveRequiredComponents (4ms)
	FinalizeReload (19034ms)
		ReleaseScriptCaches (0ms)
		RebuildScriptCaches (0ms)
		SetupLoadedEditorAssemblies (299ms)
			LogAssemblyErrors (0ms)
			InitializePlatformSupportModulesInManaged (4ms)
			SetLoadedEditorAssemblies (2ms)
			RefreshPlugins (0ms)
			BeforeProcessingInitializeOnLoad (36ms)
			ProcessInitializeOnLoadAttributes (240ms)
			ProcessInitializeOnLoadMethodAttributes (13ms)
			AfterProcessingInitializeOnLoad (3ms)
			EditorAssembliesLoaded (0ms)
		ExecutionOrderSort2 (0ms)
		AwakeInstancesAfterBackupRestoration (5ms)
Refreshing native plugins compatible for Editor in 3.63 ms, found 3 plugins.
Preloading 0 native plugins for Editor in 0.00 ms.
Unloading 3148 Unused Serialized files (Serialized files now loaded: 0)
Unloading 16 unused Assets / (372.9 KB). Loaded Objects now: 3672.
Memory consumption went from 138.8 MB to 138.4 MB.
Total: 2.857800 ms (FindLiveObjects: 0.191800 ms CreateObjectMapping: 0.077900 ms MarkObjects: 2.408000 ms  DeleteObjects: 0.179100 ms)

Prepare: number of updated asset objects reloaded= 0
AssetImportParameters requested are different than current active one (requested -> active):
  custom:container-demuxer-ogg: 62fdf1f143b41e24485cea50d1cbac27 -> 
  custom:video-codec-MediaFoundation-h265: 746d11721c4dcdbdad8f713fa42b33f4 -> 
  custom:video-decoder-ogg-theora: a1e56fd34408186e4bbccfd4996cb3dc -> 
  custom:framework-win-MediaFoundation: 216162199b28c13a410421893ffa2e32 -> 
  custom:CustomObjectIndexerAttribute: 9a22284fe3817be447336de3de66b15e -> 
  custom:container-demuxer-webm: 4f35f7cbe854078d1ac9338744f61a02 -> 
  custom:container-muxer-webm: aa71ff27fc2769a1b78a27578f13a17b -> 
  custom:video-decoder-webm-vp8: 9c59270c3fd7afecdb556c50c9e8de78 -> 
  custom:SearchIndexIgnoredProperties: e643bd26f0fe6173181afceb89e7c659 -> 
  custom:AudioImporter_EditorPlatform: d09bf68614088b80899f8185d706f6e7 -> 
  custom:video-encoder-webm-vp8: eb34c28f22e8b96e1ab97ce403110664 -> 
  custom:audio-decoder-ogg-vorbis: bf7c407c2cedff20999df2af8eb42d56 -> 
  custom:audio-encoder-webm-vorbis: bf7c407c2cedff20999df2af8eb42d56 -> 
========================================================================
Received Import Request.
  Time since last request: 2927.126923 seconds.
  path: Assets/MyAssets/Scripts/MainMenuBtns.cs
  artifactKey: Guid(18d35bf9221cc0846aada5fd27081023) Importer(815301076,1909f56bfc062723c751e8b465ee728b)
Start importing Assets/MyAssets/Scripts/MainMenuBtns.cs using Guid(18d35bf9221cc0846aada5fd27081023) Importer(815301076,1909f56bfc062723c751e8b465ee728b) [PhysX] Initialized MultithreadedTaskDispatcher with 32 workers.
 -> (artifact id: 'bab72aac7493219e024bd0f3defb1939') in 0.004676 seconds
Number of updated asset objects reloaded before import = 0
Number of asset objects unloaded after import = 0
========================================================================
Received Import Request.
  Time since last request: 0.088726 seconds.
  path: Assets/MyAssets/Scripts/TriggerZone.cs
  artifactKey: Guid(234d8050cb409174cae9a3723eb4890f) Importer(815301076,1909f56bfc062723c751e8b465ee728b)
Start importing Assets/MyAssets/Scripts/TriggerZone.cs using Guid(234d8050cb409174cae9a3723eb4890f) Importer(815301076,1909f56bfc062723c751e8b465ee728b) [PhysX] Initialized MultithreadedTaskDispatcher with 32 workers.
 -> (artifact id: 'a2123b498e5e5f426205256096e82a0a') in 0.000388 seconds
Number of updated asset objects reloaded before import = 0
Number of asset objects unloaded after import = 0
========================================================================
Received Prepare
Caller must complete domain reload
Begin MonoManager ReloadAssembly
- Loaded All Assemblies, in  0.494 seconds
Native extension for WindowsStandalone target not found
[Package Manager] Server::EnsureServerProcessIsRunning -- launch failed, reason: Unity was launched with the -noUpm command-line argument
[Package Manager] UpmClient::Send -- Unable to send message (not connected to UPM process).
[Package Manager] Cannot connect to Unity Package Manager local server
Mono: successfully reloaded assembly
- Finished resetting the current domain, in  0.516 seconds
Domain Reload Profiling: 1010ms
	BeginReloadAssembly (110ms)
		ExecutionOrderSort (0ms)
		DisableScriptedObjects (4ms)
		BackupInstance (0ms)
		ReleaseScriptingObjects (0ms)
		CreateAndSetChildDomain (21ms)
	RebuildCommonClasses (38ms)
	RebuildNativeTypeToScriptingClass (12ms)
	initialDomainReloadingComplete (25ms)
	LoadAllAssembliesAndSetupDomain (308ms)
		LoadAssemblies (349ms)
		RebuildTransferFunctionScriptingTraits (0ms)
		AnalyzeDomain (20ms)
			TypeCache.Refresh (7ms)
				TypeCache.ScanAssembly (0ms)
			ScanForSourceGeneratedMonoScriptInfo (8ms)
			ResolveRequiredComponents (4ms)
	FinalizeReload (516ms)
		ReleaseScriptCaches (0ms)
		RebuildScriptCaches (0ms)
		SetupLoadedEditorAssemblies (288ms)
			LogAssemblyErrors (0ms)
			InitializePlatformSupportModulesInManaged (4ms)
			SetLoadedEditorAssemblies (2ms)
			RefreshPlugins (0ms)
			BeforeProcessingInitializeOnLoad (40ms)
			ProcessInitializeOnLoadAttributes (226ms)
			ProcessInitializeOnLoadMethodAttributes (13ms)
			AfterProcessingInitializeOnLoad (3ms)
			EditorAssembliesLoaded (0ms)
		ExecutionOrderSort2 (0ms)
		AwakeInstancesAfterBackupRestoration (5ms)
Refreshing native plugins compatible for Editor in 4.09 ms, found 3 plugins.
Preloading 0 native plugins for Editor in 0.00 ms.
Unloading 3148 Unused Serialized files (Serialized files now loaded: 0)
Unloading 16 unused Assets / (373.0 KB). Loaded Objects now: 3676.
Memory consumption went from 138.5 MB to 138.2 MB.
Total: 2.274100 ms (FindLiveObjects: 0.148100 ms CreateObjectMapping: 0.043000 ms MarkObjects: 1.911000 ms  DeleteObjects: 0.171200 ms)

Prepare: number of updated asset objects reloaded= 0
AssetImportParameters requested are different than current active one (requested -> active):
  custom:container-demuxer-ogg: 62fdf1f143b41e24485cea50d1cbac27 -> 
  custom:video-codec-MediaFoundation-h265: 746d11721c4dcdbdad8f713fa42b33f4 -> 
  custom:video-decoder-ogg-theora: a1e56fd34408186e4bbccfd4996cb3dc -> 
  custom:framework-win-MediaFoundation: 216162199b28c13a410421893ffa2e32 -> 
  custom:CustomObjectIndexerAttribute: 9a22284fe3817be447336de3de66b15e -> 
  custom:container-demuxer-webm: 4f35f7cbe854078d1ac9338744f61a02 -> 
  custom:container-muxer-webm: aa71ff27fc2769a1b78a27578f13a17b -> 
  custom:video-decoder-webm-vp8: 9c59270c3fd7afecdb556c50c9e8de78 -> 
  custom:SearchIndexIgnoredProperties: e643bd26f0fe6173181afceb89e7c659 -> 
  custom:AudioImporter_EditorPlatform: d09bf68614088b80899f8185d706f6e7 -> 
  custom:video-encoder-webm-vp8: eb34c28f22e8b96e1ab97ce403110664 -> 
  custom:audio-decoder-ogg-vorbis: bf7c407c2cedff20999df2af8eb42d56 -> 
  custom:scripting/monoscript/fileName/MainMenuBtns.cs: 7a4c553ed157df86ad49bd371125fa92 -> 
  custom:audio-encoder-webm-vorbis: bf7c407c2cedff20999df2af8eb42d56 -> 
  custom:scripting/precompiled-assembly-types:Assembly-CSharp: 0a18ae305fd082b858405db6b43577ba -> 51bdbbc7743e4ed3f8333c67aed2824c
========================================================================
Received Import Request.
  Time since last request: 29.202049 seconds.
  path: Assets/MyAssets/Scripts/MainMenuBtns.cs
  artifactKey: Guid(18d35bf9221cc0846aada5fd27081023) Importer(815301076,1909f56bfc062723c751e8b465ee728b)
Start importing Assets/MyAssets/Scripts/MainMenuBtns.cs using Guid(18d35bf9221cc0846aada5fd27081023) Importer(815301076,1909f56bfc062723c751e8b465ee728b) [PhysX] Initialized MultithreadedTaskDispatcher with 32 workers.
 -> (artifact id: 'c78dafb647ae14aeff25b3f56d41be13') in 0.005942 seconds
Number of updated asset objects reloaded before import = 0
Number of asset objects unloaded after import = 0
========================================================================
Received Import Request.
  Time since last request: 68.113078 seconds.
  path: Assets/MyAssets/Scripts/MainMenuBtns.cs
  artifactKey: Guid(18d35bf9221cc0846aada5fd27081023) Importer(815301076,1909f56bfc062723c751e8b465ee728b)
Start importing Assets/MyAssets/Scripts/MainMenuBtns.cs using Guid(18d35bf9221cc0846aada5fd27081023) Importer(815301076,1909f56bfc062723c751e8b465ee728b) [PhysX] Initialized MultithreadedTaskDispatcher with 32 workers.
 -> (artifact id: '2fe539c4e09f992a024928a7e8526e49') in 0.000365 seconds
Number of updated asset objects reloaded before import = 0
Number of asset objects unloaded after import = 0
========================================================================
Received Import Request.
  Time since last request: 11.807196 seconds.
  path: Assets/MyAssets/Scripts/MainMenuBtns.cs
  artifactKey: Guid(18d35bf9221cc0846aada5fd27081023) Importer(815301076,1909f56bfc062723c751e8b465ee728b)
Start importing Assets/MyAssets/Scripts/MainMenuBtns.cs using Guid(18d35bf9221cc0846aada5fd27081023) Importer(815301076,1909f56bfc062723c751e8b465ee728b) [PhysX] Initialized MultithreadedTaskDispatcher with 32 workers.
 -> (artifact id: '2d9255590cccb12303c82445cec4547c') in 0.000923 seconds
Number of updated asset objects reloaded before import = 0
Number of asset objects unloaded after import = 0
========================================================================
Received Import Request.
  Time since last request: 4.501230 seconds.
  path: Assets/MyAssets/Scripts/MainMenuBtns.cs
  artifactKey: Guid(18d35bf9221cc0846aada5fd27081023) Importer(815301076,1909f56bfc062723c751e8b465ee728b)
Start importing Assets/MyAssets/Scripts/MainMenuBtns.cs using Guid(18d35bf9221cc0846aada5fd27081023) Importer(815301076,1909f56bfc062723c751e8b465ee728b) [PhysX] Initialized MultithreadedTaskDispatcher with 32 workers.
 -> (artifact id: '796e0b3f77a37ecf2709549468352891') in 0.000415 seconds
Number of updated asset objects reloaded before import = 0
Number of asset objects unloaded after import = 0
========================================================================
Received Import Request.
  Time since last request: 34.760317 seconds.
  path: Assets/MyAssets/Scripts/MainMenuBtns.cs
  artifactKey: Guid(18d35bf9221cc0846aada5fd27081023) Importer(815301076,1909f56bfc062723c751e8b465ee728b)
Start importing Assets/MyAssets/Scripts/MainMenuBtns.cs using Guid(18d35bf9221cc0846aada5fd27081023) Importer(815301076,1909f56bfc062723c751e8b465ee728b) [PhysX] Initialized MultithreadedTaskDispatcher with 32 workers.
 -> (artifact id: '8a2f22e3119400f16aacba089ee33ed1') in 0.000463 seconds
Number of updated asset objects reloaded before import = 0
Number of asset objects unloaded after import = 0
========================================================================
Received Prepare
Caller must complete domain reload
Begin MonoManager ReloadAssembly
- Loaded All Assemblies, in  0.325 seconds
Native extension for WindowsStandalone target not found
[Package Manager] Server::EnsureServerProcessIsRunning -- launch failed, reason: Unity was launched with the -noUpm command-line argument
[Package Manager] UpmClient::Send -- Unable to send message (not connected to UPM process).
[Package Manager] Cannot connect to Unity Package Manager local server
Mono: successfully reloaded assembly
- Finished resetting the current domain, in  0.467 seconds
Domain Reload Profiling: 791ms
	BeginReloadAssembly (142ms)
		ExecutionOrderSort (0ms)
		DisableScriptedObjects (3ms)
		BackupInstance (0ms)
		ReleaseScriptingObjects (0ms)
		CreateAndSetChildDomain (35ms)
	RebuildCommonClasses (20ms)
	RebuildNativeTypeToScriptingClass (6ms)
	initialDomainReloadingComplete (17ms)
	LoadAllAssembliesAndSetupDomain (140ms)
		LoadAssemblies (199ms)
		RebuildTransferFunctionScriptingTraits (0ms)
		AnalyzeDomain (17ms)
			TypeCache.Refresh (7ms)
				TypeCache.ScanAssembly (0ms)
			ScanForSourceGeneratedMonoScriptInfo (5ms)
			ResolveRequiredComponents (4ms)
	FinalizeReload (467ms)
		ReleaseScriptCaches (0ms)
		RebuildScriptCaches (0ms)
		SetupLoadedEditorAssemblies (261ms)
			LogAssemblyErrors (0ms)
			InitializePlatformSupportModulesInManaged (3ms)
			SetLoadedEditorAssemblies (2ms)
			RefreshPlugins (0ms)
			BeforeProcessingInitializeOnLoad (32ms)
			ProcessInitializeOnLoadAttributes (206ms)
			ProcessInitializeOnLoadMethodAttributes (14ms)
			AfterProcessingInitializeOnLoad (4ms)
			EditorAssembliesLoaded (0ms)
		ExecutionOrderSort2 (0ms)
		AwakeInstancesAfterBackupRestoration (5ms)
Refreshing native plugins compatible for Editor in 1.05 ms, found 3 plugins.
Preloading 0 native plugins for Editor in 0.00 ms.
Unloading 3148 Unused Serialized files (Serialized files now loaded: 0)
Unloading 16 unused Assets / (373.3 KB). Loaded Objects now: 3679.
Memory consumption went from 138.6 MB to 138.2 MB.
Total: 2.248500 ms (FindLiveObjects: 0.140000 ms CreateObjectMapping: 0.042100 ms MarkObjects: 1.875300 ms  DeleteObjects: 0.190000 ms)

Prepare: number of updated asset objects reloaded= 0
AssetImportParameters requested are different than current active one (requested -> active):
  custom:container-demuxer-ogg: 62fdf1f143b41e24485cea50d1cbac27 -> 
  custom:video-codec-MediaFoundation-h265: 746d11721c4dcdbdad8f713fa42b33f4 -> 
  custom:video-decoder-ogg-theora: a1e56fd34408186e4bbccfd4996cb3dc -> 
  custom:framework-win-MediaFoundation: 216162199b28c13a410421893ffa2e32 -> 
  custom:CustomObjectIndexerAttribute: 9a22284fe3817be447336de3de66b15e -> 
  custom:container-demuxer-webm: 4f35f7cbe854078d1ac9338744f61a02 -> 
  custom:container-muxer-webm: aa71ff27fc2769a1b78a27578f13a17b -> 
  custom:video-decoder-webm-vp8: 9c59270c3fd7afecdb556c50c9e8de78 -> 
  custom:SearchIndexIgnoredProperties: e643bd26f0fe6173181afceb89e7c659 -> 
  custom:AudioImporter_EditorPlatform: d09bf68614088b80899f8185d706f6e7 -> 
  custom:video-encoder-webm-vp8: eb34c28f22e8b96e1ab97ce403110664 -> 
  custom:audio-decoder-ogg-vorbis: bf7c407c2cedff20999df2af8eb42d56 -> 
  custom:scripting/monoscript/fileName/MainMenuBtns.cs: 7a4c553ed157df86ad49bd371125fa92 -> 
  custom:audio-encoder-webm-vorbis: bf7c407c2cedff20999df2af8eb42d56 -> 
  custom:scripting/precompiled-assembly-types:Assembly-CSharp: 0a18ae305fd082b858405db6b43577ba -> 51bdbbc7743e4ed3f8333c67aed2824c
========================================================================
Received Prepare
Caller must complete domain reload
Begin MonoManager ReloadAssembly
- Loaded All Assemblies, in  0.271 seconds
Native extension for WindowsStandalone target not found
[Package Manager] Server::EnsureServerProcessIsRunning -- launch failed, reason: Unity was launched with the -noUpm command-line argument
[Package Manager] UpmClient::Send -- Unable to send message (not connected to UPM process).
[Package Manager] Cannot connect to Unity Package Manager local server
Mono: successfully reloaded assembly
- Finished resetting the current domain, in  0.545 seconds
Domain Reload Profiling: 815ms
	BeginReloadAssembly (99ms)
		ExecutionOrderSort (0ms)
		DisableScriptedObjects (4ms)
		BackupInstance (0ms)
		ReleaseScriptingObjects (0ms)
		CreateAndSetChildDomain (19ms)
	RebuildCommonClasses (21ms)
	RebuildNativeTypeToScriptingClass (6ms)
	initialDomainReloadingComplete (20ms)
	LoadAllAssembliesAndSetupDomain (124ms)
		LoadAssemblies (167ms)
		RebuildTransferFunctionScriptingTraits (0ms)
		AnalyzeDomain (10ms)
			TypeCache.Refresh (4ms)
				TypeCache.ScanAssembly (0ms)
			ScanForSourceGeneratedMonoScriptInfo (0ms)
			ResolveRequiredComponents (4ms)
	FinalizeReload (546ms)
		ReleaseScriptCaches (0ms)
		RebuildScriptCaches (0ms)
		SetupLoadedEditorAssemblies (330ms)
			LogAssemblyErrors (0ms)
			InitializePlatformSupportModulesInManaged (4ms)
			SetLoadedEditorAssemblies (2ms)
			RefreshPlugins (0ms)
			BeforeProcessingInitializeOnLoad (35ms)
			ProcessInitializeOnLoadAttributes (268ms)
			ProcessInitializeOnLoadMethodAttributes (18ms)
			AfterProcessingInitializeOnLoad (4ms)
			EditorAssembliesLoaded (0ms)
		ExecutionOrderSort2 (0ms)
		AwakeInstancesAfterBackupRestoration (6ms)
Refreshing native plugins compatible for Editor in 1.38 ms, found 3 plugins.
Preloading 0 native plugins for Editor in 0.00 ms.
Unloading 3149 Unused Serialized files (Serialized files now loaded: 0)
Unloading 16 unused Assets / (373.1 KB). Loaded Objects now: 3682.
Memory consumption went from 138.8 MB to 138.4 MB.
Total: 2.352900 ms (FindLiveObjects: 0.210900 ms CreateObjectMapping: 0.048800 ms MarkObjects: 1.925400 ms  DeleteObjects: 0.166800 ms)

Prepare: number of updated asset objects reloaded= 0
AssetImportParameters requested are different than current active one (requested -> active):
  custom:container-demuxer-ogg: 62fdf1f143b41e24485cea50d1cbac27 -> 
  custom:video-codec-MediaFoundation-h265: 746d11721c4dcdbdad8f713fa42b33f4 -> 
  custom:video-decoder-ogg-theora: a1e56fd34408186e4bbccfd4996cb3dc -> 
  custom:framework-win-MediaFoundation: 216162199b28c13a410421893ffa2e32 -> 
  custom:CustomObjectIndexerAttribute: 9a22284fe3817be447336de3de66b15e -> 
  custom:container-demuxer-webm: 4f35f7cbe854078d1ac9338744f61a02 -> 
  custom:container-muxer-webm: aa71ff27fc2769a1b78a27578f13a17b -> 
  custom:video-decoder-webm-vp8: 9c59270c3fd7afecdb556c50c9e8de78 -> 
  custom:SearchIndexIgnoredProperties: e643bd26f0fe6173181afceb89e7c659 -> 
  custom:AudioImporter_EditorPlatform: d09bf68614088b80899f8185d706f6e7 -> 
  custom:video-encoder-webm-vp8: eb34c28f22e8b96e1ab97ce403110664 -> 
  custom:audio-decoder-ogg-vorbis: bf7c407c2cedff20999df2af8eb42d56 -> 
  custom:scripting/monoscript/fileName/MainMenuBtns.cs: 7a4c553ed157df86ad49bd371125fa92 -> 
  custom:audio-encoder-webm-vorbis: bf7c407c2cedff20999df2af8eb42d56 -> 
  custom:scripting/precompiled-assembly-types:Assembly-CSharp: 0a18ae305fd082b858405db6b43577ba -> 51bdbbc7743e4ed3f8333c67aed2824c
========================================================================
Received Prepare
Caller must complete domain reload
Begin MonoManager ReloadAssembly
- Loaded All Assemblies, in  0.272 seconds
Native extension for WindowsStandalone target not found
[Package Manager] Server::EnsureServerProcessIsRunning -- launch failed, reason: Unity was launched with the -noUpm command-line argument
[Package Manager] UpmClient::Send -- Unable to send message (not connected to UPM process).
[Package Manager] Cannot connect to Unity Package Manager local server
Mono: successfully reloaded assembly
- Finished resetting the current domain, in  0.463 seconds
Domain Reload Profiling: 734ms
	BeginReloadAssembly (95ms)
		ExecutionOrderSort (0ms)
		DisableScriptedObjects (2ms)
		BackupInstance (0ms)
		ReleaseScriptingObjects (0ms)
		CreateAndSetChildDomain (17ms)
	RebuildCommonClasses (20ms)
	RebuildNativeTypeToScriptingClass (6ms)
	initialDomainReloadingComplete (18ms)
	LoadAllAssembliesAndSetupDomain (132ms)
		LoadAssemblies (168ms)
		RebuildTransferFunctionScriptingTraits (0ms)
		AnalyzeDomain (17ms)
			TypeCache.Refresh (6ms)
				TypeCache.ScanAssembly (0ms)
			ScanForSourceGeneratedMonoScriptInfo (5ms)
			ResolveRequiredComponents (4ms)
	FinalizeReload (464ms)
		ReleaseScriptCaches (0ms)
		RebuildScriptCaches (0ms)
		SetupLoadedEditorAssemblies (265ms)
			LogAssemblyErrors (0ms)
			InitializePlatformSupportModulesInManaged (4ms)
			SetLoadedEditorAssemblies (2ms)
			RefreshPlugins (0ms)
			BeforeProcessingInitializeOnLoad (33ms)
			ProcessInitializeOnLoadAttributes (210ms)
			ProcessInitializeOnLoadMethodAttributes (12ms)
			AfterProcessingInitializeOnLoad (4ms)
			EditorAssembliesLoaded (0ms)
		ExecutionOrderSort2 (0ms)
		AwakeInstancesAfterBackupRestoration (5ms)
Refreshing native plugins compatible for Editor in 1.18 ms, found 3 plugins.
Preloading 0 native plugins for Editor in 0.00 ms.
Unloading 3149 Unused Serialized files (Serialized files now loaded: 0)
Unloading 16 unused Assets / (381.0 KB). Loaded Objects now: 3685.
Memory consumption went from 138.8 MB to 138.5 MB.
Total: 2.823900 ms (FindLiveObjects: 0.152100 ms CreateObjectMapping: 0.064100 ms MarkObjects: 2.452000 ms  DeleteObjects: 0.155000 ms)

Prepare: number of updated asset objects reloaded= 0
AssetImportParameters requested are different than current active one (requested -> active):
  custom:container-demuxer-ogg: 62fdf1f143b41e24485cea50d1cbac27 -> 
  custom:video-codec-MediaFoundation-h265: 746d11721c4dcdbdad8f713fa42b33f4 -> 
  custom:video-decoder-ogg-theora: a1e56fd34408186e4bbccfd4996cb3dc -> 
  custom:framework-win-MediaFoundation: 216162199b28c13a410421893ffa2e32 -> 
  custom:CustomObjectIndexerAttribute: 9a22284fe3817be447336de3de66b15e -> 
  custom:container-demuxer-webm: 4f35f7cbe854078d1ac9338744f61a02 -> 
  custom:container-muxer-webm: aa71ff27fc2769a1b78a27578f13a17b -> 
  custom:video-decoder-webm-vp8: 9c59270c3fd7afecdb556c50c9e8de78 -> 
  custom:SearchIndexIgnoredProperties: e643bd26f0fe6173181afceb89e7c659 -> 
  custom:AudioImporter_EditorPlatform: d09bf68614088b80899f8185d706f6e7 -> 
  custom:video-encoder-webm-vp8: eb34c28f22e8b96e1ab97ce403110664 -> 
  custom:audio-decoder-ogg-vorbis: bf7c407c2cedff20999df2af8eb42d56 -> 
  custom:scripting/monoscript/fileName/MainMenuBtns.cs: 7a4c553ed157df86ad49bd371125fa92 -> 
  custom:audio-encoder-webm-vorbis: bf7c407c2cedff20999df2af8eb42d56 -> 
  custom:scripting/precompiled-assembly-types:Assembly-CSharp: 0a18ae305fd082b858405db6b43577ba -> 51bdbbc7743e4ed3f8333c67aed2824c
========================================================================
Received Prepare
Caller must complete domain reload
Begin MonoManager ReloadAssembly
- Loaded All Assemblies, in  0.250 seconds
Native extension for WindowsStandalone target not found
[Package Manager] Server::EnsureServerProcessIsRunning -- launch failed, reason: Unity was launched with the -noUpm command-line argument
[Package Manager] UpmClient::Send -- Unable to send message (not connected to UPM process).
[Package Manager] Cannot connect to Unity Package Manager local server
Mono: successfully reloaded assembly
- Finished resetting the current domain, in  0.467 seconds
Domain Reload Profiling: 716ms
	BeginReloadAssembly (92ms)
		ExecutionOrderSort (0ms)
		DisableScriptedObjects (2ms)
		BackupInstance (0ms)
		ReleaseScriptingObjects (0ms)
		CreateAndSetChildDomain (16ms)
	RebuildCommonClasses (19ms)
	RebuildNativeTypeToScriptingClass (6ms)
	initialDomainReloadingComplete (16ms)
	LoadAllAssembliesAndSetupDomain (115ms)
		LoadAssemblies (157ms)
		RebuildTransferFunctionScriptingTraits (0ms)
		AnalyzeDomain (9ms)
			TypeCache.Refresh (4ms)
				TypeCache.ScanAssembly (0ms)
			ScanForSourceGeneratedMonoScriptInfo (0ms)
			ResolveRequiredComponents (4ms)
	FinalizeReload (467ms)
		ReleaseScriptCaches (0ms)
		RebuildScriptCaches (0ms)
		SetupLoadedEditorAssemblies (276ms)
			LogAssemblyErrors (0ms)
			InitializePlatformSupportModulesInManaged (3ms)
			SetLoadedEditorAssemblies (2ms)
			RefreshPlugins (0ms)
			BeforeProcessingInitializeOnLoad (33ms)
			ProcessInitializeOnLoadAttributes (219ms)
			ProcessInitializeOnLoadMethodAttributes (14ms)
			AfterProcessingInitializeOnLoad (4ms)
			EditorAssembliesLoaded (0ms)
		ExecutionOrderSort2 (0ms)
		AwakeInstancesAfterBackupRestoration (6ms)
Refreshing native plugins compatible for Editor in 1.48 ms, found 3 plugins.
Preloading 0 native plugins for Editor in 0.00 ms.
Unloading 3149 Unused Serialized files (Serialized files now loaded: 0)
Unloading 16 unused Assets / (373.2 KB). Loaded Objects now: 3688.
Memory consumption went from 138.8 MB to 138.5 MB.
Total: 2.862000 ms (FindLiveObjects: 0.165000 ms CreateObjectMapping: 0.043500 ms MarkObjects: 2.488400 ms  DeleteObjects: 0.164300 ms)

Prepare: number of updated asset objects reloaded= 0
AssetImportParameters requested are different than current active one (requested -> active):
  custom:container-demuxer-ogg: 62fdf1f143b41e24485cea50d1cbac27 -> 
  custom:video-codec-MediaFoundation-h265: 746d11721c4dcdbdad8f713fa42b33f4 -> 
  custom:video-decoder-ogg-theora: a1e56fd34408186e4bbccfd4996cb3dc -> 
  custom:framework-win-MediaFoundation: 216162199b28c13a410421893ffa2e32 -> 
  custom:CustomObjectIndexerAttribute: 9a22284fe3817be447336de3de66b15e -> 
  custom:container-demuxer-webm: 4f35f7cbe854078d1ac9338744f61a02 -> 
  custom:container-muxer-webm: aa71ff27fc2769a1b78a27578f13a17b -> 
  custom:video-decoder-webm-vp8: 9c59270c3fd7afecdb556c50c9e8de78 -> 
  custom:SearchIndexIgnoredProperties: e643bd26f0fe6173181afceb89e7c659 -> 
  custom:AudioImporter_EditorPlatform: d09bf68614088b80899f8185d706f6e7 -> 
  custom:video-encoder-webm-vp8: eb34c28f22e8b96e1ab97ce403110664 -> 
  custom:audio-decoder-ogg-vorbis: bf7c407c2cedff20999df2af8eb42d56 -> 
  custom:scripting/monoscript/fileName/MainMenuBtns.cs: 7a4c553ed157df86ad49bd371125fa92 -> 
  custom:audio-encoder-webm-vorbis: bf7c407c2cedff20999df2af8eb42d56 -> 
  custom:scripting/precompiled-assembly-types:Assembly-CSharp: 0a18ae305fd082b858405db6b43577ba -> 51bdbbc7743e4ed3f8333c67aed2824c
========================================================================
Received Prepare
Caller must complete domain reload
Begin MonoManager ReloadAssembly
- Loaded All Assemblies, in  0.276 seconds
Native extension for WindowsStandalone target not found
[Package Manager] Server::EnsureServerProcessIsRunning -- launch failed, reason: Unity was launched with the -noUpm command-line argument
[Package Manager] UpmClient::Send -- Unable to send message (not connected to UPM process).
[Package Manager] Cannot connect to Unity Package Manager local server
Mono: successfully reloaded assembly
- Finished resetting the current domain, in  0.428 seconds
Domain Reload Profiling: 703ms
	BeginReloadAssembly (96ms)
		ExecutionOrderSort (0ms)
		DisableScriptedObjects (3ms)
		BackupInstance (0ms)
		ReleaseScriptingObjects (0ms)
		CreateAndSetChildDomain (20ms)
	RebuildCommonClasses (20ms)
	RebuildNativeTypeToScriptingClass (6ms)
	initialDomainReloadingComplete (17ms)
	LoadAllAssembliesAndSetupDomain (136ms)
		LoadAssemblies (172ms)
		RebuildTransferFunctionScriptingTraits (0ms)
		AnalyzeDomain (15ms)
			TypeCache.Refresh (6ms)
				TypeCache.ScanAssembly (0ms)
			ScanForSourceGeneratedMonoScriptInfo (4ms)
			ResolveRequiredComponents (3ms)
	FinalizeReload (428ms)
		ReleaseScriptCaches (0ms)
		RebuildScriptCaches (0ms)
		SetupLoadedEditorAssemblies (249ms)
			LogAssemblyErrors (0ms)
			InitializePlatformSupportModulesInManaged (3ms)
			SetLoadedEditorAssemblies (2ms)
			RefreshPlugins (0ms)
			BeforeProcessingInitializeOnLoad (31ms)
			ProcessInitializeOnLoadAttributes (196ms)
			ProcessInitializeOnLoadMethodAttributes (13ms)
			AfterProcessingInitializeOnLoad (3ms)
			EditorAssembliesLoaded (0ms)
		ExecutionOrderSort2 (0ms)
		AwakeInstancesAfterBackupRestoration (5ms)
Refreshing native plugins compatible for Editor in 1.05 ms, found 3 plugins.
Preloading 0 native plugins for Editor in 0.00 ms.
Unloading 3149 Unused Serialized files (Serialized files now loaded: 0)
Unloading 16 unused Assets / (381.2 KB). Loaded Objects now: 3691.
Memory consumption went from 138.8 MB to 138.5 MB.
Total: 2.217000 ms (FindLiveObjects: 0.136700 ms CreateObjectMapping: 0.038000 ms MarkObjects: 1.881400 ms  DeleteObjects: 0.160200 ms)

Prepare: number of updated asset objects reloaded= 0
AssetImportParameters requested are different than current active one (requested -> active):
  custom:container-demuxer-ogg: 62fdf1f143b41e24485cea50d1cbac27 -> 
  custom:video-codec-MediaFoundation-h265: 746d11721c4dcdbdad8f713fa42b33f4 -> 
  custom:video-decoder-ogg-theora: a1e56fd34408186e4bbccfd4996cb3dc -> 
  custom:framework-win-MediaFoundation: 216162199b28c13a410421893ffa2e32 -> 
  custom:CustomObjectIndexerAttribute: 9a22284fe3817be447336de3de66b15e -> 
  custom:container-demuxer-webm: 4f35f7cbe854078d1ac9338744f61a02 -> 
  custom:container-muxer-webm: aa71ff27fc2769a1b78a27578f13a17b -> 
  custom:video-decoder-webm-vp8: 9c59270c3fd7afecdb556c50c9e8de78 -> 
  custom:SearchIndexIgnoredProperties: e643bd26f0fe6173181afceb89e7c659 -> 
  custom:AudioImporter_EditorPlatform: d09bf68614088b80899f8185d706f6e7 -> 
  custom:video-encoder-webm-vp8: eb34c28f22e8b96e1ab97ce403110664 -> 
  custom:audio-decoder-ogg-vorbis: bf7c407c2cedff20999df2af8eb42d56 -> 
  custom:scripting/monoscript/fileName/MainMenuBtns.cs: 7a4c553ed157df86ad49bd371125fa92 -> 
  custom:audio-encoder-webm-vorbis: bf7c407c2cedff20999df2af8eb42d56 -> 
  custom:scripting/precompiled-assembly-types:Assembly-CSharp: 0a18ae305fd082b858405db6b43577ba -> 51bdbbc7743e4ed3f8333c67aed2824c
========================================================================
Received Prepare
Caller must complete domain reload
Begin MonoManager ReloadAssembly
- Loaded All Assemblies, in  0.252 seconds
Native extension for WindowsStandalone target not found
[Package Manager] Server::EnsureServerProcessIsRunning -- launch failed, reason: Unity was launched with the -noUpm command-line argument
[Package Manager] UpmClient::Send -- Unable to send message (not connected to UPM process).
[Package Manager] Cannot connect to Unity Package Manager local server
Mono: successfully reloaded assembly
- Finished resetting the current domain, in  0.567 seconds
Domain Reload Profiling: 819ms
	BeginReloadAssembly (89ms)
		ExecutionOrderSort (0ms)
		DisableScriptedObjects (3ms)
		BackupInstance (0ms)
		ReleaseScriptingObjects (0ms)
		CreateAndSetChildDomain (16ms)
	RebuildCommonClasses (21ms)
	RebuildNativeTypeToScriptingClass (6ms)
	initialDomainReloadingComplete (17ms)
	LoadAllAssembliesAndSetupDomain (119ms)
		LoadAssemblies (158ms)
		RebuildTransferFunctionScriptingTraits (0ms)
		AnalyzeDomain (10ms)
			TypeCache.Refresh (4ms)
				TypeCache.ScanAssembly (0ms)
			ScanForSourceGeneratedMonoScriptInfo (0ms)
			ResolveRequiredComponents (3ms)
	FinalizeReload (568ms)
		ReleaseScriptCaches (0ms)
		RebuildScriptCaches (0ms)
		SetupLoadedEditorAssemblies (330ms)
			LogAssemblyErrors (0ms)
			InitializePlatformSupportModulesInManaged (5ms)
			SetLoadedEditorAssemblies (2ms)
			RefreshPlugins (0ms)
			BeforeProcessingInitializeOnLoad (43ms)
			ProcessInitializeOnLoadAttributes (258ms)
			ProcessInitializeOnLoadMethodAttributes (17ms)
			AfterProcessingInitializeOnLoad (5ms)
			EditorAssembliesLoaded (0ms)
		ExecutionOrderSort2 (0ms)
		AwakeInstancesAfterBackupRestoration (7ms)
Refreshing native plugins compatible for Editor in 1.37 ms, found 3 plugins.
Preloading 0 native plugins for Editor in 0.00 ms.
Unloading 3149 Unused Serialized files (Serialized files now loaded: 0)
Unloading 16 unused Assets / (373.3 KB). Loaded Objects now: 3694.
Memory consumption went from 138.8 MB to 138.5 MB.
Total: 2.406600 ms (FindLiveObjects: 0.239000 ms CreateObjectMapping: 0.059400 ms MarkObjects: 1.910100 ms  DeleteObjects: 0.197200 ms)

Prepare: number of updated asset objects reloaded= 0
AssetImportParameters requested are different than current active one (requested -> active):
  custom:container-demuxer-ogg: 62fdf1f143b41e24485cea50d1cbac27 -> 
  custom:video-codec-MediaFoundation-h265: 746d11721c4dcdbdad8f713fa42b33f4 -> 
  custom:video-decoder-ogg-theora: a1e56fd34408186e4bbccfd4996cb3dc -> 
  custom:framework-win-MediaFoundation: 216162199b28c13a410421893ffa2e32 -> 
  custom:CustomObjectIndexerAttribute: 9a22284fe3817be447336de3de66b15e -> 
  custom:container-demuxer-webm: 4f35f7cbe854078d1ac9338744f61a02 -> 
  custom:container-muxer-webm: aa71ff27fc2769a1b78a27578f13a17b -> 
  custom:video-decoder-webm-vp8: 9c59270c3fd7afecdb556c50c9e8de78 -> 
  custom:SearchIndexIgnoredProperties: e643bd26f0fe6173181afceb89e7c659 -> 
  custom:AudioImporter_EditorPlatform: d09bf68614088b80899f8185d706f6e7 -> 
  custom:video-encoder-webm-vp8: eb34c28f22e8b96e1ab97ce403110664 -> 
  custom:audio-decoder-ogg-vorbis: bf7c407c2cedff20999df2af8eb42d56 -> 
  custom:scripting/monoscript/fileName/MainMenuBtns.cs: 7a4c553ed157df86ad49bd371125fa92 -> 
  custom:audio-encoder-webm-vorbis: bf7c407c2cedff20999df2af8eb42d56 -> 
  custom:scripting/precompiled-assembly-types:Assembly-CSharp: 0a18ae305fd082b858405db6b43577ba -> 51bdbbc7743e4ed3f8333c67aed2824c
========================================================================
Received Import Request.
  Time since last request: 422.088340 seconds.
  path: Assets/Scenes/SampleScene.unity
  artifactKey: Guid(9fc0d4010bbf28b4594072e72b8655ab) Importer(815301076,1909f56bfc062723c751e8b465ee728b)
Start importing Assets/Scenes/SampleScene.unity using Guid(9fc0d4010bbf28b4594072e72b8655ab) Importer(815301076,1909f56bfc062723c751e8b465ee728b) [PhysX] Initialized MultithreadedTaskDispatcher with 32 workers.
 -> (artifact id: '4bce7f4d0ccad15006b72b1fcb899e9e') in 0.021552 seconds
Number of updated asset objects reloaded before import = 0
Number of asset objects unloaded after import = 0
========================================================================
Received Import Request.
  Time since last request: 156.270554 seconds.
  path: Assets/Scenes/Menu.unity
  artifactKey: Guid(632ab3c6ee53b634fa21892d52c83d02) Importer(815301076,1909f56bfc062723c751e8b465ee728b)
Start importing Assets/Scenes/Menu.unity using Guid(632ab3c6ee53b634fa21892d52c83d02) Importer(815301076,1909f56bfc062723c751e8b465ee728b) [PhysX] Initialized MultithreadedTaskDispatcher with 32 workers.
 -> (artifact id: 'feacd784e0c8d71b116a1a135bdac40b') in 0.000864 seconds
Number of updated asset objects reloaded before import = 0
Number of asset objects unloaded after import = 0
========================================================================
Received Prepare
Caller must complete domain reload
Begin MonoManager ReloadAssembly
- Loaded All Assemblies, in  0.270 seconds
Native extension for WindowsStandalone target not found
[Package Manager] Server::EnsureServerProcessIsRunning -- launch failed, reason: Unity was launched with the -noUpm command-line argument
[Package Manager] UpmClient::Send -- Unable to send message (not connected to UPM process).
[Package Manager] Cannot connect to Unity Package Manager local server
Mono: successfully reloaded assembly
- Finished resetting the current domain, in  0.493 seconds
Domain Reload Profiling: 763ms
	BeginReloadAssembly (100ms)
		ExecutionOrderSort (0ms)
		DisableScriptedObjects (3ms)
		BackupInstance (0ms)
		ReleaseScriptingObjects (0ms)
		CreateAndSetChildDomain (20ms)
	RebuildCommonClasses (25ms)
	RebuildNativeTypeToScriptingClass (6ms)
	initialDomainReloadingComplete (17ms)
	LoadAllAssembliesAndSetupDomain (122ms)
		LoadAssemblies (163ms)
		RebuildTransferFunctionScriptingTraits (0ms)
		AnalyzeDomain (10ms)
			TypeCache.Refresh (5ms)
				TypeCache.ScanAssembly (0ms)
			ScanForSourceGeneratedMonoScriptInfo (0ms)
			ResolveRequiredComponents (3ms)
	FinalizeReload (494ms)
		ReleaseScriptCaches (0ms)
		RebuildScriptCaches (0ms)
		SetupLoadedEditorAssemblies (288ms)
			LogAssemblyErrors (0ms)
			InitializePlatformSupportModulesInManaged (3ms)
			SetLoadedEditorAssemblies (2ms)
			RefreshPlugins (0ms)
			BeforeProcessingInitializeOnLoad (32ms)
			ProcessInitializeOnLoadAttributes (232ms)
			ProcessInitializeOnLoadMethodAttributes (15ms)
			AfterProcessingInitializeOnLoad (4ms)
			EditorAssembliesLoaded (0ms)
		ExecutionOrderSort2 (0ms)
		AwakeInstancesAfterBackupRestoration (5ms)
Refreshing native plugins compatible for Editor in 1.14 ms, found 3 plugins.
Preloading 0 native plugins for Editor in 0.00 ms.
Unloading 3148 Unused Serialized files (Serialized files now loaded: 0)
Unloading 16 unused Assets / (381.4 KB). Loaded Objects now: 3697.
Memory consumption went from 138.6 MB to 138.2 MB.
Total: 2.555700 ms (FindLiveObjects: 0.170800 ms CreateObjectMapping: 0.049000 ms MarkObjects: 2.064500 ms  DeleteObjects: 0.270300 ms)

Prepare: number of updated asset objects reloaded= 0
AssetImportParameters requested are different than current active one (requested -> active):
  custom:container-demuxer-ogg: 62fdf1f143b41e24485cea50d1cbac27 -> 
  custom:video-codec-MediaFoundation-h265: 746d11721c4dcdbdad8f713fa42b33f4 -> 
  custom:video-decoder-ogg-theora: a1e56fd34408186e4bbccfd4996cb3dc -> 
  custom:framework-win-MediaFoundation: 216162199b28c13a410421893ffa2e32 -> 
  custom:CustomObjectIndexerAttribute: 9a22284fe3817be447336de3de66b15e -> 
  custom:container-demuxer-webm: 4f35f7cbe854078d1ac9338744f61a02 -> 
  custom:container-muxer-webm: aa71ff27fc2769a1b78a27578f13a17b -> 
  custom:video-decoder-webm-vp8: 9c59270c3fd7afecdb556c50c9e8de78 -> 
  custom:SearchIndexIgnoredProperties: e643bd26f0fe6173181afceb89e7c659 -> 
  custom:AudioImporter_EditorPlatform: d09bf68614088b80899f8185d706f6e7 -> 
  custom:video-encoder-webm-vp8: eb34c28f22e8b96e1ab97ce403110664 -> 
  custom:audio-decoder-ogg-vorbis: bf7c407c2cedff20999df2af8eb42d56 -> 
  custom:scripting/monoscript/fileName/MainMenuBtns.cs: 7a4c553ed157df86ad49bd371125fa92 -> 
  custom:audio-encoder-webm-vorbis: bf7c407c2cedff20999df2af8eb42d56 -> 
  custom:scripting/precompiled-assembly-types:Assembly-CSharp: 0a18ae305fd082b858405db6b43577ba -> 51bdbbc7743e4ed3f8333c67aed2824c
========================================================================
Received Prepare
Caller must complete domain reload
Begin MonoManager ReloadAssembly
- Loaded All Assemblies, in  0.279 seconds
Native extension for WindowsStandalone target not found
[Package Manager] Server::EnsureServerProcessIsRunning -- launch failed, reason: Unity was launched with the -noUpm command-line argument
[Package Manager] UpmClient::Send -- Unable to send message (not connected to UPM process).
[Package Manager] Cannot connect to Unity Package Manager local server
Mono: successfully reloaded assembly
- Finished resetting the current domain, in  0.513 seconds
Domain Reload Profiling: 792ms
	BeginReloadAssembly (105ms)
		ExecutionOrderSort (0ms)
		DisableScriptedObjects (3ms)
		BackupInstance (0ms)
		ReleaseScriptingObjects (0ms)
		CreateAndSetChildDomain (25ms)
	RebuildCommonClasses (21ms)
	RebuildNativeTypeToScriptingClass (6ms)
	initialDomainReloadingComplete (17ms)
	LoadAllAssembliesAndSetupDomain (129ms)
		LoadAssemblies (172ms)
		RebuildTransferFunctionScriptingTraits (0ms)
		AnalyzeDomain (11ms)
			TypeCache.Refresh (5ms)
				TypeCache.ScanAssembly (0ms)
			ScanForSourceGeneratedMonoScriptInfo (0ms)
			ResolveRequiredComponents (4ms)
	FinalizeReload (513ms)
		ReleaseScriptCaches (0ms)
		RebuildScriptCaches (0ms)
		SetupLoadedEditorAssemblies (291ms)
			LogAssemblyErrors (0ms)
			InitializePlatformSupportModulesInManaged (3ms)
			SetLoadedEditorAssemblies (2ms)
			RefreshPlugins (0ms)
			BeforeProcessingInitializeOnLoad (36ms)
			ProcessInitializeOnLoadAttributes (232ms)
			ProcessInitializeOnLoadMethodAttributes (15ms)
			AfterProcessingInitializeOnLoad (3ms)
			EditorAssembliesLoaded (0ms)
		ExecutionOrderSort2 (0ms)
		AwakeInstancesAfterBackupRestoration (9ms)
Refreshing native plugins compatible for Editor in 1.32 ms, found 3 plugins.
Preloading 0 native plugins for Editor in 0.00 ms.
Unloading 3149 Unused Serialized files (Serialized files now loaded: 0)
Unloading 16 unused Assets / (381.2 KB). Loaded Objects now: 3700.
Memory consumption went from 138.9 MB to 138.5 MB.
Total: 2.645600 ms (FindLiveObjects: 0.241200 ms CreateObjectMapping: 0.075200 ms MarkObjects: 2.145500 ms  DeleteObjects: 0.182900 ms)

Prepare: number of updated asset objects reloaded= 0
AssetImportParameters requested are different than current active one (requested -> active):
  custom:container-demuxer-ogg: 62fdf1f143b41e24485cea50d1cbac27 -> 
  custom:video-codec-MediaFoundation-h265: 746d11721c4dcdbdad8f713fa42b33f4 -> 
  custom:video-decoder-ogg-theora: a1e56fd34408186e4bbccfd4996cb3dc -> 
  custom:framework-win-MediaFoundation: 216162199b28c13a410421893ffa2e32 -> 
  custom:CustomObjectIndexerAttribute: 9a22284fe3817be447336de3de66b15e -> 
  custom:container-demuxer-webm: 4f35f7cbe854078d1ac9338744f61a02 -> 
  custom:container-muxer-webm: aa71ff27fc2769a1b78a27578f13a17b -> 
  custom:video-decoder-webm-vp8: 9c59270c3fd7afecdb556c50c9e8de78 -> 
  custom:SearchIndexIgnoredProperties: e643bd26f0fe6173181afceb89e7c659 -> 
  custom:AudioImporter_EditorPlatform: d09bf68614088b80899f8185d706f6e7 -> 
  custom:video-encoder-webm-vp8: eb34c28f22e8b96e1ab97ce403110664 -> 
  custom:audio-decoder-ogg-vorbis: bf7c407c2cedff20999df2af8eb42d56 -> 
  custom:scripting/monoscript/fileName/MainMenuBtns.cs: 7a4c553ed157df86ad49bd371125fa92 -> 
  custom:audio-encoder-webm-vorbis: bf7c407c2cedff20999df2af8eb42d56 -> 
  custom:scripting/precompiled-assembly-types:Assembly-CSharp: 0a18ae305fd082b858405db6b43577ba -> 51bdbbc7743e4ed3f8333c67aed2824c
========================================================================
Received Prepare
Caller must complete domain reload
Begin MonoManager ReloadAssembly
- Loaded All Assemblies, in  0.317 seconds
Native extension for WindowsStandalone target not found
[Package Manager] Server::EnsureServerProcessIsRunning -- launch failed, reason: Unity was launched with the -noUpm command-line argument
[Package Manager] UpmClient::Send -- Unable to send message (not connected to UPM process).
[Package Manager] Cannot connect to Unity Package Manager local server
Mono: successfully reloaded assembly
- Finished resetting the current domain, in  0.548 seconds
Domain Reload Profiling: 864ms
	BeginReloadAssembly (111ms)
		ExecutionOrderSort (0ms)
		DisableScriptedObjects (3ms)
		BackupInstance (0ms)
		ReleaseScriptingObjects (0ms)
		CreateAndSetChildDomain (29ms)
	RebuildCommonClasses (21ms)
	RebuildNativeTypeToScriptingClass (10ms)
	initialDomainReloadingComplete (20ms)
	LoadAllAssembliesAndSetupDomain (153ms)
		LoadAssemblies (188ms)
		RebuildTransferFunctionScriptingTraits (0ms)
		AnalyzeDomain (21ms)
			TypeCache.Refresh (7ms)
				TypeCache.ScanAssembly (0ms)
			ScanForSourceGeneratedMonoScriptInfo (6ms)
			ResolveRequiredComponents (6ms)
	FinalizeReload (549ms)
		ReleaseScriptCaches (0ms)
		RebuildScriptCaches (0ms)
		SetupLoadedEditorAssemblies (345ms)
			LogAssemblyErrors (0ms)
			InitializePlatformSupportModulesInManaged (4ms)
			SetLoadedEditorAssemblies (2ms)
			RefreshPlugins (0ms)
			BeforeProcessingInitializeOnLoad (42ms)
			ProcessInitializeOnLoadAttributes (282ms)
			ProcessInitializeOnLoadMethodAttributes (13ms)
			AfterProcessingInitializeOnLoad (3ms)
			EditorAssembliesLoaded (0ms)
		ExecutionOrderSort2 (0ms)
		AwakeInstancesAfterBackupRestoration (6ms)
Refreshing native plugins compatible for Editor in 1.10 ms, found 3 plugins.
Preloading 0 native plugins for Editor in 0.00 ms.
Unloading 3149 Unused Serialized files (Serialized files now loaded: 0)
Unloading 16 unused Assets / (373.4 KB). Loaded Objects now: 3703.
Memory consumption went from 138.9 MB to 138.5 MB.
Total: 4.641800 ms (FindLiveObjects: 0.340500 ms CreateObjectMapping: 0.116800 ms MarkObjects: 3.876600 ms  DeleteObjects: 0.306400 ms)

Prepare: number of updated asset objects reloaded= 0
AssetImportParameters requested are different than current active one (requested -> active):
  custom:container-demuxer-ogg: 62fdf1f143b41e24485cea50d1cbac27 -> 
  custom:video-codec-MediaFoundation-h265: 746d11721c4dcdbdad8f713fa42b33f4 -> 
  custom:video-decoder-ogg-theora: a1e56fd34408186e4bbccfd4996cb3dc -> 
  custom:framework-win-MediaFoundation: 216162199b28c13a410421893ffa2e32 -> 
  custom:CustomObjectIndexerAttribute: 9a22284fe3817be447336de3de66b15e -> 
  custom:container-demuxer-webm: 4f35f7cbe854078d1ac9338744f61a02 -> 
  custom:container-muxer-webm: aa71ff27fc2769a1b78a27578f13a17b -> 
  custom:video-decoder-webm-vp8: 9c59270c3fd7afecdb556c50c9e8de78 -> 
  custom:SearchIndexIgnoredProperties: e643bd26f0fe6173181afceb89e7c659 -> 
  custom:AudioImporter_EditorPlatform: d09bf68614088b80899f8185d706f6e7 -> 
  custom:video-encoder-webm-vp8: eb34c28f22e8b96e1ab97ce403110664 -> 
  custom:audio-decoder-ogg-vorbis: bf7c407c2cedff20999df2af8eb42d56 -> 
  custom:scripting/monoscript/fileName/MainMenuBtns.cs: 7a4c553ed157df86ad49bd371125fa92 -> 
  custom:audio-encoder-webm-vorbis: bf7c407c2cedff20999df2af8eb42d56 -> 
  custom:scripting/precompiled-assembly-types:Assembly-CSharp: 0a18ae305fd082b858405db6b43577ba -> 51bdbbc7743e4ed3f8333c67aed2824c
========================================================================
Received Prepare
Caller must complete domain reload
Begin MonoManager ReloadAssembly
- Loaded All Assemblies, in  0.296 seconds
Native extension for WindowsStandalone target not found
[Package Manager] Server::EnsureServerProcessIsRunning -- launch failed, reason: Unity was launched with the -noUpm command-line argument
[Package Manager] UpmClient::Send -- Unable to send message (not connected to UPM process).
[Package Manager] Cannot connect to Unity Package Manager local server
Mono: successfully reloaded assembly
- Finished resetting the current domain, in  0.507 seconds
Domain Reload Profiling: 803ms
	BeginReloadAssembly (111ms)
		ExecutionOrderSort (0ms)
		DisableScriptedObjects (3ms)
		BackupInstance (0ms)
		ReleaseScriptingObjects (0ms)
		CreateAndSetChildDomain (21ms)
	RebuildCommonClasses (23ms)
	RebuildNativeTypeToScriptingClass (6ms)
	initialDomainReloadingComplete (17ms)
	LoadAllAssembliesAndSetupDomain (138ms)
		LoadAssemblies (182ms)
		RebuildTransferFunctionScriptingTraits (0ms)
		AnalyzeDomain (18ms)
			TypeCache.Refresh (8ms)
				TypeCache.ScanAssembly (0ms)
			ScanForSourceGeneratedMonoScriptInfo (5ms)
			ResolveRequiredComponents (4ms)
	FinalizeReload (508ms)
		ReleaseScriptCaches (0ms)
		RebuildScriptCaches (0ms)
		SetupLoadedEditorAssemblies (278ms)
			LogAssemblyErrors (0ms)
			InitializePlatformSupportModulesInManaged (4ms)
			SetLoadedEditorAssemblies (3ms)
			RefreshPlugins (0ms)
			BeforeProcessingInitializeOnLoad (39ms)
			ProcessInitializeOnLoadAttributes (216ms)
			ProcessInitializeOnLoadMethodAttributes (13ms)
			AfterProcessingInitializeOnLoad (3ms)
			EditorAssembliesLoaded (0ms)
		ExecutionOrderSort2 (0ms)
		AwakeInstancesAfterBackupRestoration (6ms)
Refreshing native plugins compatible for Editor in 1.10 ms, found 3 plugins.
Preloading 0 native plugins for Editor in 0.00 ms.
Unloading 3149 Unused Serialized files (Serialized files now loaded: 0)
Unloading 16 unused Assets / (373.3 KB). Loaded Objects now: 3706.
Memory consumption went from 138.9 MB to 138.5 MB.
Total: 2.734900 ms (FindLiveObjects: 0.339900 ms CreateObjectMapping: 0.080400 ms MarkObjects: 2.156000 ms  DeleteObjects: 0.157500 ms)

Prepare: number of updated asset objects reloaded= 0
AssetImportParameters requested are different than current active one (requested -> active):
  custom:container-demuxer-ogg: 62fdf1f143b41e24485cea50d1cbac27 -> 
  custom:video-codec-MediaFoundation-h265: 746d11721c4dcdbdad8f713fa42b33f4 -> 
  custom:video-decoder-ogg-theora: a1e56fd34408186e4bbccfd4996cb3dc -> 
  custom:framework-win-MediaFoundation: 216162199b28c13a410421893ffa2e32 -> 
  custom:CustomObjectIndexerAttribute: 9a22284fe3817be447336de3de66b15e -> 
  custom:container-demuxer-webm: 4f35f7cbe854078d1ac9338744f61a02 -> 
  custom:container-muxer-webm: aa71ff27fc2769a1b78a27578f13a17b -> 
  custom:video-decoder-webm-vp8: 9c59270c3fd7afecdb556c50c9e8de78 -> 
  custom:SearchIndexIgnoredProperties: e643bd26f0fe6173181afceb89e7c659 -> 
  custom:AudioImporter_EditorPlatform: d09bf68614088b80899f8185d706f6e7 -> 
  custom:video-encoder-webm-vp8: eb34c28f22e8b96e1ab97ce403110664 -> 
  custom:audio-decoder-ogg-vorbis: bf7c407c2cedff20999df2af8eb42d56 -> 
  custom:scripting/monoscript/fileName/MainMenuBtns.cs: 7a4c553ed157df86ad49bd371125fa92 -> 
  custom:audio-encoder-webm-vorbis: bf7c407c2cedff20999df2af8eb42d56 -> 
  custom:scripting/precompiled-assembly-types:Assembly-CSharp: 0a18ae305fd082b858405db6b43577ba -> 51bdbbc7743e4ed3f8333c67aed2824c
========================================================================
Received Prepare
Caller must complete domain reload
Begin MonoManager ReloadAssembly
- Loaded All Assemblies, in  0.274 seconds
Native extension for WindowsStandalone target not found
[Package Manager] Server::EnsureServerProcessIsRunning -- launch failed, reason: Unity was launched with the -noUpm command-line argument
[Package Manager] UpmClient::Send -- Unable to send message (not connected to UPM process).
[Package Manager] Cannot connect to Unity Package Manager local server
Mono: successfully reloaded assembly
- Finished resetting the current domain, in  0.704 seconds
Domain Reload Profiling: 978ms
	BeginReloadAssembly (97ms)
		ExecutionOrderSort (0ms)
		DisableScriptedObjects (3ms)
		BackupInstance (0ms)
		ReleaseScriptingObjects (0ms)
		CreateAndSetChildDomain (20ms)
	RebuildCommonClasses (20ms)
	RebuildNativeTypeToScriptingClass (6ms)
	initialDomainReloadingComplete (17ms)
	LoadAllAssembliesAndSetupDomain (133ms)
		LoadAssemblies (173ms)
		RebuildTransferFunctionScriptingTraits (0ms)
		AnalyzeDomain (11ms)
			TypeCache.Refresh (5ms)
				TypeCache.ScanAssembly (0ms)
			ScanForSourceGeneratedMonoScriptInfo (0ms)
			ResolveRequiredComponents (4ms)
	FinalizeReload (704ms)
		ReleaseScriptCaches (0ms)
		RebuildScriptCaches (0ms)
		SetupLoadedEditorAssemblies (422ms)
			LogAssemblyErrors (0ms)
			InitializePlatformSupportModulesInManaged (5ms)
			SetLoadedEditorAssemblies (3ms)
			RefreshPlugins (0ms)
			BeforeProcessingInitializeOnLoad (44ms)
			ProcessInitializeOnLoadAttributes (348ms)
			ProcessInitializeOnLoadMethodAttributes (18ms)
			AfterProcessingInitializeOnLoad (4ms)
			EditorAssembliesLoaded (0ms)
		ExecutionOrderSort2 (0ms)
		AwakeInstancesAfterBackupRestoration (7ms)
Refreshing native plugins compatible for Editor in 1.91 ms, found 3 plugins.
Preloading 0 native plugins for Editor in 0.00 ms.
Unloading 3149 Unused Serialized files (Serialized files now loaded: 0)
Unloading 16 unused Assets / (373.4 KB). Loaded Objects now: 3709.
Memory consumption went from 138.9 MB to 138.5 MB.
Total: 3.670100 ms (FindLiveObjects: 0.511200 ms CreateObjectMapping: 0.215100 ms MarkObjects: 2.731500 ms  DeleteObjects: 0.211200 ms)

Prepare: number of updated asset objects reloaded= 0
AssetImportParameters requested are different than current active one (requested -> active):
  custom:container-demuxer-ogg: 62fdf1f143b41e24485cea50d1cbac27 -> 
  custom:video-codec-MediaFoundation-h265: 746d11721c4dcdbdad8f713fa42b33f4 -> 
  custom:video-decoder-ogg-theora: a1e56fd34408186e4bbccfd4996cb3dc -> 
  custom:framework-win-MediaFoundation: 216162199b28c13a410421893ffa2e32 -> 
  custom:CustomObjectIndexerAttribute: 9a22284fe3817be447336de3de66b15e -> 
  custom:container-demuxer-webm: 4f35f7cbe854078d1ac9338744f61a02 -> 
  custom:container-muxer-webm: aa71ff27fc2769a1b78a27578f13a17b -> 
  custom:video-decoder-webm-vp8: 9c59270c3fd7afecdb556c50c9e8de78 -> 
  custom:SearchIndexIgnoredProperties: e643bd26f0fe6173181afceb89e7c659 -> 
  custom:AudioImporter_EditorPlatform: d09bf68614088b80899f8185d706f6e7 -> 
  custom:video-encoder-webm-vp8: eb34c28f22e8b96e1ab97ce403110664 -> 
  custom:audio-decoder-ogg-vorbis: bf7c407c2cedff20999df2af8eb42d56 -> 
  custom:scripting/monoscript/fileName/MainMenuBtns.cs: 7a4c553ed157df86ad49bd371125fa92 -> 
  custom:audio-encoder-webm-vorbis: bf7c407c2cedff20999df2af8eb42d56 -> 
  custom:scripting/precompiled-assembly-types:Assembly-CSharp: 0a18ae305fd082b858405db6b43577ba -> 51bdbbc7743e4ed3f8333c67aed2824c
========================================================================
Received Prepare
Caller must complete domain reload
Begin MonoManager ReloadAssembly
- Loaded All Assemblies, in  0.266 seconds
Native extension for WindowsStandalone target not found
[Package Manager] Server::EnsureServerProcessIsRunning -- launch failed, reason: Unity was launched with the -noUpm command-line argument
[Package Manager] UpmClient::Send -- Unable to send message (not connected to UPM process).
[Package Manager] Cannot connect to Unity Package Manager local server
Mono: successfully reloaded assembly
- Finished resetting the current domain, in  0.575 seconds
Domain Reload Profiling: 840ms
	BeginReloadAssembly (99ms)
		ExecutionOrderSort (0ms)
		DisableScriptedObjects (3ms)
		BackupInstance (0ms)
		ReleaseScriptingObjects (0ms)
		CreateAndSetChildDomain (19ms)
	RebuildCommonClasses (21ms)
	RebuildNativeTypeToScriptingClass (6ms)
	initialDomainReloadingComplete (17ms)
	LoadAllAssembliesAndSetupDomain (123ms)
		LoadAssemblies (165ms)
		RebuildTransferFunctionScriptingTraits (0ms)
		AnalyzeDomain (11ms)
			TypeCache.Refresh (5ms)
				TypeCache.ScanAssembly (0ms)
			ScanForSourceGeneratedMonoScriptInfo (0ms)
			ResolveRequiredComponents (4ms)
	FinalizeReload (575ms)
		ReleaseScriptCaches (0ms)
		RebuildScriptCaches (0ms)
		SetupLoadedEditorAssemblies (346ms)
			LogAssemblyErrors (0ms)
			InitializePlatformSupportModulesInManaged (4ms)
			SetLoadedEditorAssemblies (2ms)
			RefreshPlugins (0ms)
			BeforeProcessingInitializeOnLoad (37ms)
			ProcessInitializeOnLoadAttributes (278ms)
			ProcessInitializeOnLoadMethodAttributes (19ms)
			AfterProcessingInitializeOnLoad (5ms)
			EditorAssembliesLoaded (0ms)
		ExecutionOrderSort2 (0ms)
		AwakeInstancesAfterBackupRestoration (7ms)
Refreshing native plugins compatible for Editor in 1.48 ms, found 3 plugins.
Preloading 0 native plugins for Editor in 0.00 ms.
Unloading 3149 Unused Serialized files (Serialized files now loaded: 0)
Unloading 16 unused Assets / (373.6 KB). Loaded Objects now: 3712.
Memory consumption went from 138.9 MB to 138.5 MB.
Total: 2.162900 ms (FindLiveObjects: 0.223100 ms CreateObjectMapping: 0.049500 ms MarkObjects: 1.721700 ms  DeleteObjects: 0.167300 ms)

Prepare: number of updated asset objects reloaded= 0
AssetImportParameters requested are different than current active one (requested -> active):
  custom:container-demuxer-ogg: 62fdf1f143b41e24485cea50d1cbac27 -> 
  custom:video-codec-MediaFoundation-h265: 746d11721c4dcdbdad8f713fa42b33f4 -> 
  custom:video-decoder-ogg-theora: a1e56fd34408186e4bbccfd4996cb3dc -> 
  custom:framework-win-MediaFoundation: 216162199b28c13a410421893ffa2e32 -> 
  custom:CustomObjectIndexerAttribute: 9a22284fe3817be447336de3de66b15e -> 
  custom:container-demuxer-webm: 4f35f7cbe854078d1ac9338744f61a02 -> 
  custom:container-muxer-webm: aa71ff27fc2769a1b78a27578f13a17b -> 
  custom:video-decoder-webm-vp8: 9c59270c3fd7afecdb556c50c9e8de78 -> 
  custom:SearchIndexIgnoredProperties: e643bd26f0fe6173181afceb89e7c659 -> 
  custom:AudioImporter_EditorPlatform: d09bf68614088b80899f8185d706f6e7 -> 
  custom:video-encoder-webm-vp8: eb34c28f22e8b96e1ab97ce403110664 -> 
  custom:audio-decoder-ogg-vorbis: bf7c407c2cedff20999df2af8eb42d56 -> 
  custom:scripting/monoscript/fileName/MainMenuBtns.cs: 7a4c553ed157df86ad49bd371125fa92 -> 
  custom:audio-encoder-webm-vorbis: bf7c407c2cedff20999df2af8eb42d56 -> 
  custom:scripting/precompiled-assembly-types:Assembly-CSharp: 0a18ae305fd082b858405db6b43577ba -> 51bdbbc7743e4ed3f8333c67aed2824c
========================================================================
Received Prepare
Caller must complete domain reload
Begin MonoManager ReloadAssembly
- Loaded All Assemblies, in  0.268 seconds
Native extension for WindowsStandalone target not found
[Package Manager] Server::EnsureServerProcessIsRunning -- launch failed, reason: Unity was launched with the -noUpm command-line argument
[Package Manager] UpmClient::Send -- Unable to send message (not connected to UPM process).
[Package Manager] Cannot connect to Unity Package Manager local server
Mono: successfully reloaded assembly
- Finished resetting the current domain, in  0.505 seconds
Domain Reload Profiling: 773ms
	BeginReloadAssembly (97ms)
		ExecutionOrderSort (0ms)
		DisableScriptedObjects (3ms)
		BackupInstance (0ms)
		ReleaseScriptingObjects (0ms)
		CreateAndSetChildDomain (19ms)
	RebuildCommonClasses (19ms)
	RebuildNativeTypeToScriptingClass (6ms)
	initialDomainReloadingComplete (17ms)
	LoadAllAssembliesAndSetupDomain (129ms)
		LoadAssemblies (171ms)
		RebuildTransferFunctionScriptingTraits (0ms)
		AnalyzeDomain (10ms)
			TypeCache.Refresh (4ms)
				TypeCache.ScanAssembly (0ms)
			ScanForSourceGeneratedMonoScriptInfo (0ms)
			ResolveRequiredComponents (4ms)
	FinalizeReload (505ms)
		ReleaseScriptCaches (0ms)
		RebuildScriptCaches (0ms)
		SetupLoadedEditorAssemblies (279ms)
			LogAssemblyErrors (0ms)
			InitializePlatformSupportModulesInManaged (4ms)
			SetLoadedEditorAssemblies (3ms)
			RefreshPlugins (0ms)
			BeforeProcessingInitializeOnLoad (37ms)
			ProcessInitializeOnLoadAttributes (218ms)
			ProcessInitializeOnLoadMethodAttributes (13ms)
			AfterProcessingInitializeOnLoad (4ms)
			EditorAssembliesLoaded (0ms)
		ExecutionOrderSort2 (0ms)
		AwakeInstancesAfterBackupRestoration (7ms)
Refreshing native plugins compatible for Editor in 1.63 ms, found 3 plugins.
Preloading 0 native plugins for Editor in 0.00 ms.
Unloading 3149 Unused Serialized files (Serialized files now loaded: 0)
Unloading 16 unused Assets / (373.2 KB). Loaded Objects now: 3715.
Memory consumption went from 138.9 MB to 138.5 MB.
Total: 3.167100 ms (FindLiveObjects: 0.258100 ms CreateObjectMapping: 0.051700 ms MarkObjects: 2.553900 ms  DeleteObjects: 0.302100 ms)

Prepare: number of updated asset objects reloaded= 0
AssetImportParameters requested are different than current active one (requested -> active):
  custom:container-demuxer-ogg: 62fdf1f143b41e24485cea50d1cbac27 -> 
  custom:video-codec-MediaFoundation-h265: 746d11721c4dcdbdad8f713fa42b33f4 -> 
  custom:video-decoder-ogg-theora: a1e56fd34408186e4bbccfd4996cb3dc -> 
  custom:framework-win-MediaFoundation: 216162199b28c13a410421893ffa2e32 -> 
  custom:CustomObjectIndexerAttribute: 9a22284fe3817be447336de3de66b15e -> 
  custom:container-demuxer-webm: 4f35f7cbe854078d1ac9338744f61a02 -> 
  custom:container-muxer-webm: aa71ff27fc2769a1b78a27578f13a17b -> 
  custom:video-decoder-webm-vp8: 9c59270c3fd7afecdb556c50c9e8de78 -> 
  custom:SearchIndexIgnoredProperties: e643bd26f0fe6173181afceb89e7c659 -> 
  custom:AudioImporter_EditorPlatform: d09bf68614088b80899f8185d706f6e7 -> 
  custom:video-encoder-webm-vp8: eb34c28f22e8b96e1ab97ce403110664 -> 
  custom:audio-decoder-ogg-vorbis: bf7c407c2cedff20999df2af8eb42d56 -> 
  custom:scripting/monoscript/fileName/MainMenuBtns.cs: 7a4c553ed157df86ad49bd371125fa92 -> 
  custom:audio-encoder-webm-vorbis: bf7c407c2cedff20999df2af8eb42d56 -> 
  custom:scripting/precompiled-assembly-types:Assembly-CSharp: 0a18ae305fd082b858405db6b43577ba -> 51bdbbc7743e4ed3f8333c67aed2824c
========================================================================
Received Prepare
Caller must complete domain reload
Begin MonoManager ReloadAssembly
- Loaded All Assemblies, in  0.270 seconds
Native extension for WindowsStandalone target not found
[Package Manager] Server::EnsureServerProcessIsRunning -- launch failed, reason: Unity was launched with the -noUpm command-line argument
[Package Manager] UpmClient::Send -- Unable to send message (not connected to UPM process).
[Package Manager] Cannot connect to Unity Package Manager local server
Mono: successfully reloaded assembly
- Finished resetting the current domain, in  0.548 seconds
Domain Reload Profiling: 817ms
	BeginReloadAssembly (98ms)
		ExecutionOrderSort (0ms)
		DisableScriptedObjects (2ms)
		BackupInstance (0ms)
		ReleaseScriptingObjects (0ms)
		CreateAndSetChildDomain (19ms)
	RebuildCommonClasses (20ms)
	RebuildNativeTypeToScriptingClass (6ms)
	initialDomainReloadingComplete (18ms)
	LoadAllAssembliesAndSetupDomain (128ms)
		LoadAssemblies (170ms)
		RebuildTransferFunctionScriptingTraits (0ms)
		AnalyzeDomain (10ms)
			TypeCache.Refresh (4ms)
				TypeCache.ScanAssembly (0ms)
			ScanForSourceGeneratedMonoScriptInfo (0ms)
			ResolveRequiredComponents (4ms)
	FinalizeReload (548ms)
		ReleaseScriptCaches (0ms)
		RebuildScriptCaches (0ms)
		SetupLoadedEditorAssemblies (329ms)
			LogAssemblyErrors (0ms)
			InitializePlatformSupportModulesInManaged (6ms)
			SetLoadedEditorAssemblies (2ms)
			RefreshPlugins (0ms)
			BeforeProcessingInitializeOnLoad (38ms)
			ProcessInitializeOnLoadAttributes (260ms)
			ProcessInitializeOnLoadMethodAttributes (19ms)
			AfterProcessingInitializeOnLoad (4ms)
			EditorAssembliesLoaded (0ms)
		ExecutionOrderSort2 (0ms)
		AwakeInstancesAfterBackupRestoration (7ms)
Refreshing native plugins compatible for Editor in 1.65 ms, found 3 plugins.
Preloading 0 native plugins for Editor in 0.00 ms.
Unloading 3149 Unused Serialized files (Serialized files now loaded: 0)
Unloading 16 unused Assets / (373.6 KB). Loaded Objects now: 3718.
Memory consumption went from 138.9 MB to 138.5 MB.
Total: 2.670400 ms (FindLiveObjects: 0.164500 ms CreateObjectMapping: 0.080900 ms MarkObjects: 2.237700 ms  DeleteObjects: 0.186600 ms)

Prepare: number of updated asset objects reloaded= 0
AssetImportParameters requested are different than current active one (requested -> active):
  custom:container-demuxer-ogg: 62fdf1f143b41e24485cea50d1cbac27 -> 
  custom:video-codec-MediaFoundation-h265: 746d11721c4dcdbdad8f713fa42b33f4 -> 
  custom:video-decoder-ogg-theora: a1e56fd34408186e4bbccfd4996cb3dc -> 
  custom:framework-win-MediaFoundation: 216162199b28c13a410421893ffa2e32 -> 
  custom:CustomObjectIndexerAttribute: 9a22284fe3817be447336de3de66b15e -> 
  custom:container-demuxer-webm: 4f35f7cbe854078d1ac9338744f61a02 -> 
  custom:container-muxer-webm: aa71ff27fc2769a1b78a27578f13a17b -> 
  custom:video-decoder-webm-vp8: 9c59270c3fd7afecdb556c50c9e8de78 -> 
  custom:SearchIndexIgnoredProperties: e643bd26f0fe6173181afceb89e7c659 -> 
  custom:AudioImporter_EditorPlatform: d09bf68614088b80899f8185d706f6e7 -> 
  custom:video-encoder-webm-vp8: eb34c28f22e8b96e1ab97ce403110664 -> 
  custom:audio-decoder-ogg-vorbis: bf7c407c2cedff20999df2af8eb42d56 -> 
  custom:scripting/monoscript/fileName/MainMenuBtns.cs: 7a4c553ed157df86ad49bd371125fa92 -> 
  custom:audio-encoder-webm-vorbis: bf7c407c2cedff20999df2af8eb42d56 -> 
  custom:scripting/precompiled-assembly-types:Assembly-CSharp: 0a18ae305fd082b858405db6b43577ba -> 51bdbbc7743e4ed3f8333c67aed2824c
========================================================================
Received Prepare
Caller must complete domain reload
Begin MonoManager ReloadAssembly
- Loaded All Assemblies, in  0.297 seconds
Native extension for WindowsStandalone target not found
[Package Manager] Server::EnsureServerProcessIsRunning -- launch failed, reason: Unity was launched with the -noUpm command-line argument
[Package Manager] UpmClient::Send -- Unable to send message (not connected to UPM process).
[Package Manager] Cannot connect to Unity Package Manager local server
Mono: successfully reloaded assembly
- Finished resetting the current domain, in  0.489 seconds
Domain Reload Profiling: 785ms
	BeginReloadAssembly (109ms)
		ExecutionOrderSort (0ms)
		DisableScriptedObjects (3ms)
		BackupInstance (0ms)
		ReleaseScriptingObjects (0ms)
		CreateAndSetChildDomain (20ms)
	RebuildCommonClasses (21ms)
	RebuildNativeTypeToScriptingClass (7ms)
	initialDomainReloadingComplete (18ms)
	LoadAllAssembliesAndSetupDomain (141ms)
		LoadAssemblies (188ms)
		RebuildTransferFunctionScriptingTraits (0ms)
		AnalyzeDomain (17ms)
			TypeCache.Refresh (7ms)
				TypeCache.ScanAssembly (0ms)
			ScanForSourceGeneratedMonoScriptInfo (5ms)
			ResolveRequiredComponents (4ms)
	FinalizeReload (489ms)
		ReleaseScriptCaches (0ms)
		RebuildScriptCaches (0ms)
		SetupLoadedEditorAssemblies (280ms)
			LogAssemblyErrors (0ms)
			InitializePlatformSupportModulesInManaged (4ms)
			SetLoadedEditorAssemblies (2ms)
			RefreshPlugins (0ms)
			BeforeProcessingInitializeOnLoad (36ms)
			ProcessInitializeOnLoadAttributes (220ms)
			ProcessInitializeOnLoadMethodAttributes (14ms)
			AfterProcessingInitializeOnLoad (4ms)
			EditorAssembliesLoaded (0ms)
		ExecutionOrderSort2 (0ms)
		AwakeInstancesAfterBackupRestoration (6ms)
Refreshing native plugins compatible for Editor in 1.13 ms, found 3 plugins.
Preloading 0 native plugins for Editor in 0.00 ms.
Unloading 3150 Unused Serialized files (Serialized files now loaded: 0)
Unloading 16 unused Assets / (381.3 KB). Loaded Objects now: 3722.
Memory consumption went from 138.9 MB to 138.5 MB.
Total: 2.282100 ms (FindLiveObjects: 0.189000 ms CreateObjectMapping: 0.056500 ms MarkObjects: 1.853900 ms  DeleteObjects: 0.182000 ms)

Prepare: number of updated asset objects reloaded= 0
AssetImportParameters requested are different than current active one (requested -> active):
  custom:container-demuxer-ogg: 62fdf1f143b41e24485cea50d1cbac27 -> 
  custom:video-codec-MediaFoundation-h265: 746d11721c4dcdbdad8f713fa42b33f4 -> 
  custom:video-decoder-ogg-theora: a1e56fd34408186e4bbccfd4996cb3dc -> 
  custom:scripting/monoscript/fileName/LoadScene.cs: 503845d1cdc5fbf085d2de5813e86589 -> 
  custom:framework-win-MediaFoundation: 216162199b28c13a410421893ffa2e32 -> 
  custom:CustomObjectIndexerAttribute: 9a22284fe3817be447336de3de66b15e -> 
  custom:container-demuxer-webm: 4f35f7cbe854078d1ac9338744f61a02 -> 
  custom:container-muxer-webm: aa71ff27fc2769a1b78a27578f13a17b -> 
  custom:video-decoder-webm-vp8: 9c59270c3fd7afecdb556c50c9e8de78 -> 
  custom:SearchIndexIgnoredProperties: e643bd26f0fe6173181afceb89e7c659 -> 
  custom:AudioImporter_EditorPlatform: d09bf68614088b80899f8185d706f6e7 -> 
  custom:video-encoder-webm-vp8: eb34c28f22e8b96e1ab97ce403110664 -> 
  custom:audio-decoder-ogg-vorbis: bf7c407c2cedff20999df2af8eb42d56 -> 
  custom:scripting/monoscript/fileName/MainMenuBtns.cs: 7a4c553ed157df86ad49bd371125fa92 -> 
  custom:audio-encoder-webm-vorbis: bf7c407c2cedff20999df2af8eb42d56 -> 
  custom:scripting/precompiled-assembly-types:Assembly-CSharp: bfeb6204aa176e078880236a193fa896 -> 51bdbbc7743e4ed3f8333c67aed2824c
========================================================================
Received Import Request.
  Time since last request: 1713.300656 seconds.
  path: Assets/LoadScene.cs
  artifactKey: Guid(fdcd3b3b18718f545ac492bcb2ed80e8) Importer(815301076,1909f56bfc062723c751e8b465ee728b)
Start importing Assets/LoadScene.cs using Guid(fdcd3b3b18718f545ac492bcb2ed80e8) Importer(815301076,1909f56bfc062723c751e8b465ee728b) [PhysX] Initialized MultithreadedTaskDispatcher with 32 workers.
 -> (artifact id: '2f8633e5c17e000a3922503753ae0a3e') in 0.032044 seconds
Number of updated asset objects reloaded before import = 0
Number of asset objects unloaded after import = 0
========================================================================
Received Prepare
Caller must complete domain reload
Begin MonoManager ReloadAssembly
- Loaded All Assemblies, in  0.286 seconds
Native extension for WindowsStandalone target not found
[Package Manager] Server::EnsureServerProcessIsRunning -- launch failed, reason: Unity was launched with the -noUpm command-line argument
[Package Manager] UpmClient::Send -- Unable to send message (not connected to UPM process).
[Package Manager] Cannot connect to Unity Package Manager local server
Mono: successfully reloaded assembly
- Finished resetting the current domain, in  0.493 seconds
Domain Reload Profiling: 779ms
	BeginReloadAssembly (100ms)
		ExecutionOrderSort (0ms)
		DisableScriptedObjects (3ms)
		BackupInstance (0ms)
		ReleaseScriptingObjects (0ms)
		CreateAndSetChildDomain (22ms)
	RebuildCommonClasses (22ms)
	RebuildNativeTypeToScriptingClass (9ms)
	initialDomainReloadingComplete (18ms)
	LoadAllAssembliesAndSetupDomain (136ms)
		LoadAssemblies (171ms)
		RebuildTransferFunctionScriptingTraits (0ms)
		AnalyzeDomain (17ms)
			TypeCache.Refresh (7ms)
				TypeCache.ScanAssembly (0ms)
			ScanForSourceGeneratedMonoScriptInfo (5ms)
			ResolveRequiredComponents (4ms)
	FinalizeReload (494ms)
		ReleaseScriptCaches (0ms)
		RebuildScriptCaches (0ms)
		SetupLoadedEditorAssemblies (285ms)
			LogAssemblyErrors (0ms)
			InitializePlatformSupportModulesInManaged (4ms)
			SetLoadedEditorAssemblies (2ms)
			RefreshPlugins (0ms)
			BeforeProcessingInitializeOnLoad (35ms)
			ProcessInitializeOnLoadAttributes (228ms)
			ProcessInitializeOnLoadMethodAttributes (13ms)
			AfterProcessingInitializeOnLoad (3ms)
			EditorAssembliesLoaded (0ms)
		ExecutionOrderSort2 (0ms)
		AwakeInstancesAfterBackupRestoration (6ms)
Refreshing native plugins compatible for Editor in 1.16 ms, found 3 plugins.
Preloading 0 native plugins for Editor in 0.00 ms.
Unloading 3149 Unused Serialized files (Serialized files now loaded: 0)
Unloading 16 unused Assets / (381.5 KB). Loaded Objects now: 3725.
Memory consumption went from 138.6 MB to 138.3 MB.
Total: 2.312800 ms (FindLiveObjects: 0.168700 ms CreateObjectMapping: 0.047000 ms MarkObjects: 1.912600 ms  DeleteObjects: 0.183300 ms)

Prepare: number of updated asset objects reloaded= 0
AssetImportParameters requested are different than current active one (requested -> active):
  custom:container-demuxer-ogg: 62fdf1f143b41e24485cea50d1cbac27 -> 
  custom:video-codec-MediaFoundation-h265: 746d11721c4dcdbdad8f713fa42b33f4 -> 
  custom:video-decoder-ogg-theora: a1e56fd34408186e4bbccfd4996cb3dc -> 
  custom:scripting/monoscript/fileName/LoadScene.cs: 206f1b3f828a012e3128d4c1e305d0fb -> 
  custom:framework-win-MediaFoundation: 216162199b28c13a410421893ffa2e32 -> 
  custom:CustomObjectIndexerAttribute: 9a22284fe3817be447336de3de66b15e -> 
  custom:container-demuxer-webm: 4f35f7cbe854078d1ac9338744f61a02 -> 
  custom:container-muxer-webm: aa71ff27fc2769a1b78a27578f13a17b -> 
  custom:video-decoder-webm-vp8: 9c59270c3fd7afecdb556c50c9e8de78 -> 
  custom:SearchIndexIgnoredProperties: e643bd26f0fe6173181afceb89e7c659 -> 
  custom:AudioImporter_EditorPlatform: d09bf68614088b80899f8185d706f6e7 -> 
  custom:video-encoder-webm-vp8: eb34c28f22e8b96e1ab97ce403110664 -> 
  custom:audio-decoder-ogg-vorbis: bf7c407c2cedff20999df2af8eb42d56 -> 
  custom:scripting/monoscript/fileName/MainMenuBtns.cs: 7a4c553ed157df86ad49bd371125fa92 -> 
  custom:audio-encoder-webm-vorbis: bf7c407c2cedff20999df2af8eb42d56 -> 
  custom:scripting/precompiled-assembly-types:Assembly-CSharp: 0e4a30253e40fdcc1f9d5a11f4c7a3f8 -> 51bdbbc7743e4ed3f8333c67aed2824c
========================================================================
Received Import Request.
  Time since last request: 25.078586 seconds.
  path: Assets/MyAssets/Scripts/LoadScene.cs
  artifactKey: Guid(fdcd3b3b18718f545ac492bcb2ed80e8) Importer(815301076,1909f56bfc062723c751e8b465ee728b)
Start importing Assets/MyAssets/Scripts/LoadScene.cs using Guid(fdcd3b3b18718f545ac492bcb2ed80e8) Importer(815301076,1909f56bfc062723c751e8b465ee728b) [PhysX] Initialized MultithreadedTaskDispatcher with 32 workers.
 -> (artifact id: '77d113e5c5652446ef00c559afbfd772') in 0.003053 seconds
Number of updated asset objects reloaded before import = 0
Number of asset objects unloaded after import = 0
========================================================================
Received Prepare
Caller must complete domain reload
Begin MonoManager ReloadAssembly
- Loaded All Assemblies, in  0.276 seconds
Native extension for WindowsStandalone target not found
[Package Manager] Server::EnsureServerProcessIsRunning -- launch failed, reason: Unity was launched with the -noUpm command-line argument
[Package Manager] UpmClient::Send -- Unable to send message (not connected to UPM process).
[Package Manager] Cannot connect to Unity Package Manager local server
Mono: successfully reloaded assembly
- Finished resetting the current domain, in  0.510 seconds
Domain Reload Profiling: 785ms
	BeginReloadAssembly (99ms)
		ExecutionOrderSort (0ms)
		DisableScriptedObjects (3ms)
		BackupInstance (0ms)
		ReleaseScriptingObjects (0ms)
		CreateAndSetChildDomain (20ms)
	RebuildCommonClasses (21ms)
	RebuildNativeTypeToScriptingClass (6ms)
	initialDomainReloadingComplete (17ms)
	LoadAllAssembliesAndSetupDomain (131ms)
		LoadAssemblies (168ms)
		RebuildTransferFunctionScriptingTraits (0ms)
		AnalyzeDomain (16ms)
			TypeCache.Refresh (7ms)
				TypeCache.ScanAssembly (0ms)
			ScanForSourceGeneratedMonoScriptInfo (4ms)
			ResolveRequiredComponents (3ms)
	FinalizeReload (510ms)
		ReleaseScriptCaches (0ms)
		RebuildScriptCaches (0ms)
		SetupLoadedEditorAssemblies (290ms)
			LogAssemblyErrors (0ms)
			InitializePlatformSupportModulesInManaged (4ms)
			SetLoadedEditorAssemblies (2ms)
			RefreshPlugins (0ms)
			BeforeProcessingInitializeOnLoad (36ms)
			ProcessInitializeOnLoadAttributes (231ms)
			ProcessInitializeOnLoadMethodAttributes (14ms)
			AfterProcessingInitializeOnLoad (3ms)
			EditorAssembliesLoaded (0ms)
		ExecutionOrderSort2 (0ms)
		AwakeInstancesAfterBackupRestoration (5ms)
Refreshing native plugins compatible for Editor in 0.96 ms, found 3 plugins.
Preloading 0 native plugins for Editor in 0.00 ms.
Unloading 3149 Unused Serialized files (Serialized files now loaded: 0)
Unloading 16 unused Assets / (381.5 KB). Loaded Objects now: 3728.
Memory consumption went from 138.6 MB to 138.3 MB.
Total: 2.936000 ms (FindLiveObjects: 0.272500 ms CreateObjectMapping: 0.077100 ms MarkObjects: 2.420100 ms  DeleteObjects: 0.165300 ms)

Prepare: number of updated asset objects reloaded= 0
AssetImportParameters requested are different than current active one (requested -> active):
  custom:container-demuxer-ogg: 62fdf1f143b41e24485cea50d1cbac27 -> 
  custom:video-codec-MediaFoundation-h265: 746d11721c4dcdbdad8f713fa42b33f4 -> 
  custom:video-decoder-ogg-theora: a1e56fd34408186e4bbccfd4996cb3dc -> 
  custom:scripting/monoscript/fileName/LoadScene.cs: 206f1b3f828a012e3128d4c1e305d0fb -> 
  custom:framework-win-MediaFoundation: 216162199b28c13a410421893ffa2e32 -> 
  custom:CustomObjectIndexerAttribute: 9a22284fe3817be447336de3de66b15e -> 
  custom:container-demuxer-webm: 4f35f7cbe854078d1ac9338744f61a02 -> 
  custom:container-muxer-webm: aa71ff27fc2769a1b78a27578f13a17b -> 
  custom:video-decoder-webm-vp8: 9c59270c3fd7afecdb556c50c9e8de78 -> 
  custom:SearchIndexIgnoredProperties: e643bd26f0fe6173181afceb89e7c659 -> 
  custom:AudioImporter_EditorPlatform: d09bf68614088b80899f8185d706f6e7 -> 
  custom:video-encoder-webm-vp8: eb34c28f22e8b96e1ab97ce403110664 -> 
  custom:audio-decoder-ogg-vorbis: bf7c407c2cedff20999df2af8eb42d56 -> 
  custom:scripting/monoscript/fileName/MainMenuBtns.cs: 7a4c553ed157df86ad49bd371125fa92 -> 
  custom:audio-encoder-webm-vorbis: bf7c407c2cedff20999df2af8eb42d56 -> 
  custom:scripting/precompiled-assembly-types:Assembly-CSharp: 0e4a30253e40fdcc1f9d5a11f4c7a3f8 -> 51bdbbc7743e4ed3f8333c67aed2824c
========================================================================
Received Prepare
Caller must complete domain reload
Begin MonoManager ReloadAssembly
- Loaded All Assemblies, in  0.265 seconds
Native extension for WindowsStandalone target not found
[Package Manager] Server::EnsureServerProcessIsRunning -- launch failed, reason: Unity was launched with the -noUpm command-line argument
[Package Manager] UpmClient::Send -- Unable to send message (not connected to UPM process).
[Package Manager] Cannot connect to Unity Package Manager local server
Mono: successfully reloaded assembly
- Finished resetting the current domain, in  0.503 seconds
Domain Reload Profiling: 768ms
	BeginReloadAssembly (97ms)
		ExecutionOrderSort (0ms)
		DisableScriptedObjects (4ms)
		BackupInstance (0ms)
		ReleaseScriptingObjects (0ms)
		CreateAndSetChildDomain (20ms)
	RebuildCommonClasses (20ms)
	RebuildNativeTypeToScriptingClass (6ms)
	initialDomainReloadingComplete (18ms)
	LoadAllAssembliesAndSetupDomain (124ms)
		LoadAssemblies (163ms)
		RebuildTransferFunctionScriptingTraits (0ms)
		AnalyzeDomain (11ms)
			TypeCache.Refresh (5ms)
				TypeCache.ScanAssembly (0ms)
			ScanForSourceGeneratedMonoScriptInfo (0ms)
			ResolveRequiredComponents (3ms)
	FinalizeReload (504ms)
		ReleaseScriptCaches (0ms)
		RebuildScriptCaches (0ms)
		SetupLoadedEditorAssemblies (294ms)
			LogAssemblyErrors (0ms)
			InitializePlatformSupportModulesInManaged (4ms)
			SetLoadedEditorAssemblies (2ms)
			RefreshPlugins (0ms)
			BeforeProcessingInitializeOnLoad (34ms)
			ProcessInitializeOnLoadAttributes (236ms)
			ProcessInitializeOnLoadMethodAttributes (14ms)
			AfterProcessingInitializeOnLoad (4ms)
			EditorAssembliesLoaded (0ms)
		ExecutionOrderSort2 (0ms)
		AwakeInstancesAfterBackupRestoration (6ms)
Refreshing native plugins compatible for Editor in 1.54 ms, found 3 plugins.
Preloading 0 native plugins for Editor in 0.00 ms.
Unloading 3150 Unused Serialized files (Serialized files now loaded: 0)
Unloading 16 unused Assets / (381.4 KB). Loaded Objects now: 3731.
Memory consumption went from 138.9 MB to 138.5 MB.
Total: 2.572600 ms (FindLiveObjects: 0.201400 ms CreateObjectMapping: 0.071900 ms MarkObjects: 2.044800 ms  DeleteObjects: 0.253800 ms)

Prepare: number of updated asset objects reloaded= 0
AssetImportParameters requested are different than current active one (requested -> active):
  custom:container-demuxer-ogg: 62fdf1f143b41e24485cea50d1cbac27 -> 
  custom:video-codec-MediaFoundation-h265: 746d11721c4dcdbdad8f713fa42b33f4 -> 
  custom:video-decoder-ogg-theora: a1e56fd34408186e4bbccfd4996cb3dc -> 
  custom:scripting/monoscript/fileName/LoadScene.cs: 206f1b3f828a012e3128d4c1e305d0fb -> 
  custom:framework-win-MediaFoundation: 216162199b28c13a410421893ffa2e32 -> 
  custom:CustomObjectIndexerAttribute: 9a22284fe3817be447336de3de66b15e -> 
  custom:container-demuxer-webm: 4f35f7cbe854078d1ac9338744f61a02 -> 
  custom:container-muxer-webm: aa71ff27fc2769a1b78a27578f13a17b -> 
  custom:video-decoder-webm-vp8: 9c59270c3fd7afecdb556c50c9e8de78 -> 
  custom:SearchIndexIgnoredProperties: e643bd26f0fe6173181afceb89e7c659 -> 
  custom:AudioImporter_EditorPlatform: d09bf68614088b80899f8185d706f6e7 -> 
  custom:video-encoder-webm-vp8: eb34c28f22e8b96e1ab97ce403110664 -> 
  custom:audio-decoder-ogg-vorbis: bf7c407c2cedff20999df2af8eb42d56 -> 
  custom:scripting/monoscript/fileName/MainMenuBtns.cs: 7a4c553ed157df86ad49bd371125fa92 -> 
  custom:audio-encoder-webm-vorbis: bf7c407c2cedff20999df2af8eb42d56 -> 
  custom:scripting/precompiled-assembly-types:Assembly-CSharp: 0e4a30253e40fdcc1f9d5a11f4c7a3f8 -> 51bdbbc7743e4ed3f8333c67aed2824c
========================================================================
Received Prepare
Caller must complete domain reload
Begin MonoManager ReloadAssembly
- Loaded All Assemblies, in  0.286 seconds
Native extension for WindowsStandalone target not found
[Package Manager] Server::EnsureServerProcessIsRunning -- launch failed, reason: Unity was launched with the -noUpm command-line argument
[Package Manager] UpmClient::Send -- Unable to send message (not connected to UPM process).
[Package Manager] Cannot connect to Unity Package Manager local server
Mono: successfully reloaded assembly
- Finished resetting the current domain, in  0.487 seconds
Domain Reload Profiling: 773ms
	BeginReloadAssembly (100ms)
		ExecutionOrderSort (0ms)
		DisableScriptedObjects (3ms)
		BackupInstance (0ms)
		ReleaseScriptingObjects (0ms)
		CreateAndSetChildDomain (20ms)
	RebuildCommonClasses (21ms)
	RebuildNativeTypeToScriptingClass (6ms)
	initialDomainReloadingComplete (18ms)
	LoadAllAssembliesAndSetupDomain (141ms)
		LoadAssemblies (178ms)
		RebuildTransferFunctionScriptingTraits (0ms)
		AnalyzeDomain (18ms)
			TypeCache.Refresh (7ms)
				TypeCache.ScanAssembly (0ms)
			ScanForSourceGeneratedMonoScriptInfo (4ms)
			ResolveRequiredComponents (4ms)
	FinalizeReload (487ms)
		ReleaseScriptCaches (0ms)
		RebuildScriptCaches (0ms)
		SetupLoadedEditorAssemblies (278ms)
			LogAssemblyErrors (0ms)
			InitializePlatformSupportModulesInManaged (4ms)
			SetLoadedEditorAssemblies (2ms)
			RefreshPlugins (0ms)
			BeforeProcessingInitializeOnLoad (34ms)
			ProcessInitializeOnLoadAttributes (222ms)
			ProcessInitializeOnLoadMethodAttributes (13ms)
			AfterProcessingInitializeOnLoad (3ms)
			EditorAssembliesLoaded (0ms)
		ExecutionOrderSort2 (0ms)
		AwakeInstancesAfterBackupRestoration (5ms)
Refreshing native plugins compatible for Editor in 1.04 ms, found 3 plugins.
Preloading 0 native plugins for Editor in 0.00 ms.
Unloading 3151 Unused Serialized files (Serialized files now loaded: 0)
Unloading 16 unused Assets / (381.5 KB). Loaded Objects now: 3735.
Memory consumption went from 138.9 MB to 138.5 MB.
Total: 2.017900 ms (FindLiveObjects: 0.144400 ms CreateObjectMapping: 0.041900 ms MarkObjects: 1.671800 ms  DeleteObjects: 0.159000 ms)

Prepare: number of updated asset objects reloaded= 0
AssetImportParameters requested are different than current active one (requested -> active):
  custom:container-demuxer-ogg: 62fdf1f143b41e24485cea50d1cbac27 -> 
  custom:video-codec-MediaFoundation-h265: 746d11721c4dcdbdad8f713fa42b33f4 -> 
  custom:video-decoder-ogg-theora: a1e56fd34408186e4bbccfd4996cb3dc -> 
  custom:scripting/monoscript/fileName/LoadScene.cs: 206f1b3f828a012e3128d4c1e305d0fb -> 
  custom:framework-win-MediaFoundation: 216162199b28c13a410421893ffa2e32 -> 
  custom:CustomObjectIndexerAttribute: 9a22284fe3817be447336de3de66b15e -> 
  custom:container-demuxer-webm: 4f35f7cbe854078d1ac9338744f61a02 -> 
  custom:container-muxer-webm: aa71ff27fc2769a1b78a27578f13a17b -> 
  custom:video-decoder-webm-vp8: 9c59270c3fd7afecdb556c50c9e8de78 -> 
  custom:SearchIndexIgnoredProperties: e643bd26f0fe6173181afceb89e7c659 -> 
  custom:AudioImporter_EditorPlatform: d09bf68614088b80899f8185d706f6e7 -> 
  custom:scripting/monoscript/fileName/QuitGame.cs: 5b669f1f803e6c3e0b708e144b6aaea5 -> 
  custom:video-encoder-webm-vp8: eb34c28f22e8b96e1ab97ce403110664 -> 
  custom:audio-decoder-ogg-vorbis: bf7c407c2cedff20999df2af8eb42d56 -> 
  custom:scripting/monoscript/fileName/MainMenuBtns.cs: 7a4c553ed157df86ad49bd371125fa92 -> 
  custom:audio-encoder-webm-vorbis: bf7c407c2cedff20999df2af8eb42d56 -> 
  custom:scripting/precompiled-assembly-types:Assembly-CSharp: 7ecba6acbde0aa4bee68b816917aca9a -> 51bdbbc7743e4ed3f8333c67aed2824c
========================================================================
Received Import Request.
  Time since last request: 263.718316 seconds.
  path: Assets/QuitGame.cs
  artifactKey: Guid(7274004ba797ae445a99cd1b0724375d) Importer(815301076,1909f56bfc062723c751e8b465ee728b)
Start importing Assets/QuitGame.cs using Guid(7274004ba797ae445a99cd1b0724375d) Importer(815301076,1909f56bfc062723c751e8b465ee728b) [PhysX] Initialized MultithreadedTaskDispatcher with 32 workers.
 -> (artifact id: '80c721ae80cab43079da2c0f62b1f62c') in 0.009288 seconds
Number of updated asset objects reloaded before import = 0
Number of asset objects unloaded after import = 0
========================================================================
Received Prepare
Caller must complete domain reload
Begin MonoManager ReloadAssembly
- Loaded All Assemblies, in  0.281 seconds
Native extension for WindowsStandalone target not found
[Package Manager] Server::EnsureServerProcessIsRunning -- launch failed, reason: Unity was launched with the -noUpm command-line argument
[Package Manager] UpmClient::Send -- Unable to send message (not connected to UPM process).
[Package Manager] Cannot connect to Unity Package Manager local server
Mono: successfully reloaded assembly
- Finished resetting the current domain, in  0.514 seconds
Domain Reload Profiling: 794ms
	BeginReloadAssembly (98ms)
		ExecutionOrderSort (0ms)
		DisableScriptedObjects (3ms)
		BackupInstance (0ms)
		ReleaseScriptingObjects (0ms)
		CreateAndSetChildDomain (20ms)
	RebuildCommonClasses (21ms)
	RebuildNativeTypeToScriptingClass (7ms)
	initialDomainReloadingComplete (18ms)
	LoadAllAssembliesAndSetupDomain (137ms)
		LoadAssemblies (173ms)
		RebuildTransferFunctionScriptingTraits (0ms)
		AnalyzeDomain (16ms)
			TypeCache.Refresh (7ms)
				TypeCache.ScanAssembly (0ms)
			ScanForSourceGeneratedMonoScriptInfo (4ms)
			ResolveRequiredComponents (4ms)
	FinalizeReload (514ms)
		ReleaseScriptCaches (0ms)
		RebuildScriptCaches (0ms)
		SetupLoadedEditorAssemblies (305ms)
			LogAssemblyErrors (0ms)
			InitializePlatformSupportModulesInManaged (4ms)
			SetLoadedEditorAssemblies (2ms)
			RefreshPlugins (0ms)
			BeforeProcessingInitializeOnLoad (38ms)
			ProcessInitializeOnLoadAttributes (237ms)
			ProcessInitializeOnLoadMethodAttributes (21ms)
			AfterProcessingInitializeOnLoad (4ms)
			EditorAssembliesLoaded (0ms)
		ExecutionOrderSort2 (0ms)
		AwakeInstancesAfterBackupRestoration (6ms)
Refreshing native plugins compatible for Editor in 1.09 ms, found 3 plugins.
Preloading 0 native plugins for Editor in 0.00 ms.
Unloading 3150 Unused Serialized files (Serialized files now loaded: 0)
Unloading 16 unused Assets / (381.5 KB). Loaded Objects now: 3738.
Memory consumption went from 138.7 MB to 138.3 MB.
Total: 2.032400 ms (FindLiveObjects: 0.155800 ms CreateObjectMapping: 0.039900 ms MarkObjects: 1.606500 ms  DeleteObjects: 0.229100 ms)

Prepare: number of updated asset objects reloaded= 0
AssetImportParameters requested are different than current active one (requested -> active):
  custom:container-demuxer-ogg: 62fdf1f143b41e24485cea50d1cbac27 -> 
  custom:video-codec-MediaFoundation-h265: 746d11721c4dcdbdad8f713fa42b33f4 -> 
  custom:video-decoder-ogg-theora: a1e56fd34408186e4bbccfd4996cb3dc -> 
  custom:scripting/monoscript/fileName/LoadScene.cs: 206f1b3f828a012e3128d4c1e305d0fb -> 
  custom:framework-win-MediaFoundation: 216162199b28c13a410421893ffa2e32 -> 
  custom:CustomObjectIndexerAttribute: 9a22284fe3817be447336de3de66b15e -> 
  custom:container-demuxer-webm: 4f35f7cbe854078d1ac9338744f61a02 -> 
  custom:container-muxer-webm: aa71ff27fc2769a1b78a27578f13a17b -> 
  custom:video-decoder-webm-vp8: 9c59270c3fd7afecdb556c50c9e8de78 -> 
  custom:SearchIndexIgnoredProperties: e643bd26f0fe6173181afceb89e7c659 -> 
  custom:AudioImporter_EditorPlatform: d09bf68614088b80899f8185d706f6e7 -> 
  custom:scripting/monoscript/fileName/QuitGame.cs: 5096369e521a632ecaa19ef6bb193ad3 -> 
  custom:video-encoder-webm-vp8: eb34c28f22e8b96e1ab97ce403110664 -> 
  custom:audio-decoder-ogg-vorbis: bf7c407c2cedff20999df2af8eb42d56 -> 
  custom:scripting/monoscript/fileName/MainMenuBtns.cs: 7a4c553ed157df86ad49bd371125fa92 -> 
  custom:audio-encoder-webm-vorbis: bf7c407c2cedff20999df2af8eb42d56 -> 
  custom:scripting/precompiled-assembly-types:Assembly-CSharp: 6f27a1113dc865297ac9a567d3ed8348 -> 51bdbbc7743e4ed3f8333c67aed2824c
========================================================================
Received Import Request.
  Time since last request: 6.170426 seconds.
  path: Assets/MyAssets/Scripts/QuitGame.cs
  artifactKey: Guid(7274004ba797ae445a99cd1b0724375d) Importer(815301076,1909f56bfc062723c751e8b465ee728b)
Start importing Assets/MyAssets/Scripts/QuitGame.cs using Guid(7274004ba797ae445a99cd1b0724375d) Importer(815301076,1909f56bfc062723c751e8b465ee728b) [PhysX] Initialized MultithreadedTaskDispatcher with 32 workers.
 -> (artifact id: 'a68907ec2664d0aa01ee8e5e2e0c0cde') in 0.002802 seconds
Number of updated asset objects reloaded before import = 0
Number of asset objects unloaded after import = 0
========================================================================
Received Import Request.
  Time since last request: 7.882744 seconds.
  path: Assets/MyAssets/Scripts/QuitGame.cs
  artifactKey: Guid(7274004ba797ae445a99cd1b0724375d) Importer(815301076,1909f56bfc062723c751e8b465ee728b)
Start importing Assets/MyAssets/Scripts/QuitGame.cs using Guid(7274004ba797ae445a99cd1b0724375d) Importer(815301076,1909f56bfc062723c751e8b465ee728b) [PhysX] Initialized MultithreadedTaskDispatcher with 32 workers.
 -> (artifact id: '544a92f739549e31671001af7083fdaf') in 0.000397 seconds
Number of updated asset objects reloaded before import = 0
Number of asset objects unloaded after import = 0
========================================================================
Received Import Request.
  Time since last request: 4.985738 seconds.
  path: Assets/MyAssets/Scripts/QuitGame.cs
  artifactKey: Guid(7274004ba797ae445a99cd1b0724375d) Importer(815301076,1909f56bfc062723c751e8b465ee728b)
Start importing Assets/MyAssets/Scripts/QuitGame.cs using Guid(7274004ba797ae445a99cd1b0724375d) Importer(815301076,1909f56bfc062723c751e8b465ee728b) [PhysX] Initialized MultithreadedTaskDispatcher with 32 workers.
 -> (artifact id: '7dfda6f2e967b4cee21fe3453660853b') in 0.000515 seconds
Number of updated asset objects reloaded before import = 0
Number of asset objects unloaded after import = 0
========================================================================
Received Prepare
Caller must complete domain reload
Begin MonoManager ReloadAssembly
- Loaded All Assemblies, in  0.300 seconds
Native extension for WindowsStandalone target not found
[Package Manager] Server::EnsureServerProcessIsRunning -- launch failed, reason: Unity was launched with the -noUpm command-line argument
[Package Manager] UpmClient::Send -- Unable to send message (not connected to UPM process).
[Package Manager] Cannot connect to Unity Package Manager local server
Mono: successfully reloaded assembly
- Finished resetting the current domain, in  0.506 seconds
Domain Reload Profiling: 805ms
	BeginReloadAssembly (104ms)
		ExecutionOrderSort (0ms)
		DisableScriptedObjects (3ms)
		BackupInstance (0ms)
		ReleaseScriptingObjects (0ms)
		CreateAndSetChildDomain (22ms)
	RebuildCommonClasses (21ms)
	RebuildNativeTypeToScriptingClass (6ms)
	initialDomainReloadingComplete (26ms)
	LoadAllAssembliesAndSetupDomain (141ms)
		LoadAssemblies (175ms)
		RebuildTransferFunctionScriptingTraits (0ms)
		AnalyzeDomain (19ms)
			TypeCache.Refresh (8ms)
				TypeCache.ScanAssembly (0ms)
			ScanForSourceGeneratedMonoScriptInfo (4ms)
			ResolveRequiredComponents (4ms)
	FinalizeReload (506ms)
		ReleaseScriptCaches (0ms)
		RebuildScriptCaches (0ms)
		SetupLoadedEditorAssemblies (297ms)
			LogAssemblyErrors (0ms)
			InitializePlatformSupportModulesInManaged (4ms)
			SetLoadedEditorAssemblies (2ms)
			RefreshPlugins (0ms)
			BeforeProcessingInitializeOnLoad (38ms)
			ProcessInitializeOnLoadAttributes (238ms)
			ProcessInitializeOnLoadMethodAttributes (13ms)
			AfterProcessingInitializeOnLoad (3ms)
			EditorAssembliesLoaded (0ms)
		ExecutionOrderSort2 (0ms)
		AwakeInstancesAfterBackupRestoration (5ms)
Refreshing native plugins compatible for Editor in 1.50 ms, found 3 plugins.
Preloading 0 native plugins for Editor in 0.00 ms.
Unloading 3150 Unused Serialized files (Serialized files now loaded: 0)
Unloading 16 unused Assets / (373.2 KB). Loaded Objects now: 3741.
Memory consumption went from 138.7 MB to 138.3 MB.
Total: 3.271000 ms (FindLiveObjects: 0.313200 ms CreateObjectMapping: 0.059000 ms MarkObjects: 2.554100 ms  DeleteObjects: 0.343300 ms)

Prepare: number of updated asset objects reloaded= 0
AssetImportParameters requested are different than current active one (requested -> active):
  custom:container-demuxer-ogg: 62fdf1f143b41e24485cea50d1cbac27 -> 
  custom:video-codec-MediaFoundation-h265: 746d11721c4dcdbdad8f713fa42b33f4 -> 
  custom:video-decoder-ogg-theora: a1e56fd34408186e4bbccfd4996cb3dc -> 
  custom:scripting/monoscript/fileName/LoadScene.cs: 206f1b3f828a012e3128d4c1e305d0fb -> 
  custom:framework-win-MediaFoundation: 216162199b28c13a410421893ffa2e32 -> 
  custom:CustomObjectIndexerAttribute: 9a22284fe3817be447336de3de66b15e -> 
  custom:container-demuxer-webm: 4f35f7cbe854078d1ac9338744f61a02 -> 
  custom:container-muxer-webm: aa71ff27fc2769a1b78a27578f13a17b -> 
  custom:video-decoder-webm-vp8: 9c59270c3fd7afecdb556c50c9e8de78 -> 
  custom:SearchIndexIgnoredProperties: e643bd26f0fe6173181afceb89e7c659 -> 
  custom:AudioImporter_EditorPlatform: d09bf68614088b80899f8185d706f6e7 -> 
  custom:scripting/monoscript/fileName/QuitGame.cs: 5096369e521a632ecaa19ef6bb193ad3 -> 
  custom:video-encoder-webm-vp8: eb34c28f22e8b96e1ab97ce403110664 -> 
  custom:audio-decoder-ogg-vorbis: bf7c407c2cedff20999df2af8eb42d56 -> 
  custom:scripting/monoscript/fileName/MainMenuBtns.cs: 7a4c553ed157df86ad49bd371125fa92 -> 
  custom:audio-encoder-webm-vorbis: bf7c407c2cedff20999df2af8eb42d56 -> 
  custom:scripting/precompiled-assembly-types:Assembly-CSharp: 6f27a1113dc865297ac9a567d3ed8348 -> 51bdbbc7743e4ed3f8333c67aed2824c
========================================================================
Received Prepare
Caller must complete domain reload
Begin MonoManager ReloadAssembly
- Loaded All Assemblies, in  0.264 seconds
Native extension for WindowsStandalone target not found
[Package Manager] Server::EnsureServerProcessIsRunning -- launch failed, reason: Unity was launched with the -noUpm command-line argument
[Package Manager] UpmClient::Send -- Unable to send message (not connected to UPM process).
[Package Manager] Cannot connect to Unity Package Manager local server
Mono: successfully reloaded assembly
- Finished resetting the current domain, in  0.545 seconds
Domain Reload Profiling: 808ms
	BeginReloadAssembly (97ms)
		ExecutionOrderSort (0ms)
		DisableScriptedObjects (3ms)
		BackupInstance (0ms)
		ReleaseScriptingObjects (0ms)
		CreateAndSetChildDomain (20ms)
	RebuildCommonClasses (19ms)
	RebuildNativeTypeToScriptingClass (6ms)
	initialDomainReloadingComplete (17ms)
	LoadAllAssembliesAndSetupDomain (123ms)
		LoadAssemblies (165ms)
		RebuildTransferFunctionScriptingTraits (0ms)
		AnalyzeDomain (10ms)
			TypeCache.Refresh (4ms)
				TypeCache.ScanAssembly (0ms)
			ScanForSourceGeneratedMonoScriptInfo (0ms)
			ResolveRequiredComponents (4ms)
	FinalizeReload (546ms)
		ReleaseScriptCaches (0ms)
		RebuildScriptCaches (0ms)
		SetupLoadedEditorAssemblies (319ms)
			LogAssemblyErrors (0ms)
			InitializePlatformSupportModulesInManaged (5ms)
			SetLoadedEditorAssemblies (2ms)
			RefreshPlugins (0ms)
			BeforeProcessingInitializeOnLoad (38ms)
			ProcessInitializeOnLoadAttributes (251ms)
			ProcessInitializeOnLoadMethodAttributes (18ms)
			AfterProcessingInitializeOnLoad (5ms)
			EditorAssembliesLoaded (0ms)
		ExecutionOrderSort2 (0ms)
		AwakeInstancesAfterBackupRestoration (8ms)
Refreshing native plugins compatible for Editor in 1.71 ms, found 3 plugins.
Preloading 0 native plugins for Editor in 0.00 ms.
Unloading 3151 Unused Serialized files (Serialized files now loaded: 0)
Unloading 16 unused Assets / (373.5 KB). Loaded Objects now: 3744.
Memory consumption went from 138.9 MB to 138.6 MB.
Total: 2.964100 ms (FindLiveObjects: 0.203000 ms CreateObjectMapping: 0.047100 ms MarkObjects: 2.462100 ms  DeleteObjects: 0.250800 ms)

Prepare: number of updated asset objects reloaded= 0
AssetImportParameters requested are different than current active one (requested -> active):
  custom:container-demuxer-ogg: 62fdf1f143b41e24485cea50d1cbac27 -> 
  custom:video-codec-MediaFoundation-h265: 746d11721c4dcdbdad8f713fa42b33f4 -> 
  custom:video-decoder-ogg-theora: a1e56fd34408186e4bbccfd4996cb3dc -> 
  custom:scripting/monoscript/fileName/LoadScene.cs: 206f1b3f828a012e3128d4c1e305d0fb -> 
  custom:framework-win-MediaFoundation: 216162199b28c13a410421893ffa2e32 -> 
  custom:CustomObjectIndexerAttribute: 9a22284fe3817be447336de3de66b15e -> 
  custom:container-demuxer-webm: 4f35f7cbe854078d1ac9338744f61a02 -> 
  custom:container-muxer-webm: aa71ff27fc2769a1b78a27578f13a17b -> 
  custom:video-decoder-webm-vp8: 9c59270c3fd7afecdb556c50c9e8de78 -> 
  custom:SearchIndexIgnoredProperties: e643bd26f0fe6173181afceb89e7c659 -> 
  custom:AudioImporter_EditorPlatform: d09bf68614088b80899f8185d706f6e7 -> 
  custom:scripting/monoscript/fileName/QuitGame.cs: 5096369e521a632ecaa19ef6bb193ad3 -> 
  custom:video-encoder-webm-vp8: eb34c28f22e8b96e1ab97ce403110664 -> 
  custom:audio-decoder-ogg-vorbis: bf7c407c2cedff20999df2af8eb42d56 -> 
  custom:scripting/monoscript/fileName/MainMenuBtns.cs: 7a4c553ed157df86ad49bd371125fa92 -> 
  custom:audio-encoder-webm-vorbis: bf7c407c2cedff20999df2af8eb42d56 -> 
  custom:scripting/precompiled-assembly-types:Assembly-CSharp: 6f27a1113dc865297ac9a567d3ed8348 -> 51bdbbc7743e4ed3f8333c67aed2824c
========================================================================
Received Prepare
Caller must complete domain reload
Begin MonoManager ReloadAssembly
- Loaded All Assemblies, in  0.268 seconds
Native extension for WindowsStandalone target not found
[Package Manager] Server::EnsureServerProcessIsRunning -- launch failed, reason: Unity was launched with the -noUpm command-line argument
[Package Manager] UpmClient::Send -- Unable to send message (not connected to UPM process).
[Package Manager] Cannot connect to Unity Package Manager local server
Mono: successfully reloaded assembly
- Finished resetting the current domain, in  0.534 seconds
Domain Reload Profiling: 801ms
	BeginReloadAssembly (99ms)
		ExecutionOrderSort (0ms)
		DisableScriptedObjects (3ms)
		BackupInstance (0ms)
		ReleaseScriptingObjects (0ms)
		CreateAndSetChildDomain (19ms)
	RebuildCommonClasses (21ms)
	RebuildNativeTypeToScriptingClass (7ms)
	initialDomainReloadingComplete (18ms)
	LoadAllAssembliesAndSetupDomain (122ms)
		LoadAssemblies (165ms)
		RebuildTransferFunctionScriptingTraits (0ms)
		AnalyzeDomain (11ms)
			TypeCache.Refresh (5ms)
				TypeCache.ScanAssembly (0ms)
			ScanForSourceGeneratedMonoScriptInfo (0ms)
			ResolveRequiredComponents (3ms)
	FinalizeReload (534ms)
		ReleaseScriptCaches (0ms)
		RebuildScriptCaches (0ms)
		SetupLoadedEditorAssemblies (317ms)
			LogAssemblyErrors (0ms)
			InitializePlatformSupportModulesInManaged (4ms)
			SetLoadedEditorAssemblies (2ms)
			RefreshPlugins (0ms)
			BeforeProcessingInitializeOnLoad (36ms)
			ProcessInitializeOnLoadAttributes (253ms)
			ProcessInitializeOnLoadMethodAttributes (17ms)
			AfterProcessingInitializeOnLoad (5ms)
			EditorAssembliesLoaded (0ms)
		ExecutionOrderSort2 (0ms)
		AwakeInstancesAfterBackupRestoration (7ms)
Refreshing native plugins compatible for Editor in 1.30 ms, found 3 plugins.
Preloading 0 native plugins for Editor in 0.00 ms.
Unloading 3151 Unused Serialized files (Serialized files now loaded: 0)
Unloading 16 unused Assets / (373.2 KB). Loaded Objects now: 3747.
Memory consumption went from 138.9 MB to 138.6 MB.
Total: 2.464400 ms (FindLiveObjects: 0.301600 ms CreateObjectMapping: 0.054300 ms MarkObjects: 1.884400 ms  DeleteObjects: 0.223200 ms)

Prepare: number of updated asset objects reloaded= 0
AssetImportParameters requested are different than current active one (requested -> active):
  custom:container-demuxer-ogg: 62fdf1f143b41e24485cea50d1cbac27 -> 
  custom:video-codec-MediaFoundation-h265: 746d11721c4dcdbdad8f713fa42b33f4 -> 
  custom:video-decoder-ogg-theora: a1e56fd34408186e4bbccfd4996cb3dc -> 
  custom:scripting/monoscript/fileName/LoadScene.cs: 206f1b3f828a012e3128d4c1e305d0fb -> 
  custom:framework-win-MediaFoundation: 216162199b28c13a410421893ffa2e32 -> 
  custom:CustomObjectIndexerAttribute: 9a22284fe3817be447336de3de66b15e -> 
  custom:container-demuxer-webm: 4f35f7cbe854078d1ac9338744f61a02 -> 
  custom:container-muxer-webm: aa71ff27fc2769a1b78a27578f13a17b -> 
  custom:video-decoder-webm-vp8: 9c59270c3fd7afecdb556c50c9e8de78 -> 
  custom:SearchIndexIgnoredProperties: e643bd26f0fe6173181afceb89e7c659 -> 
  custom:AudioImporter_EditorPlatform: d09bf68614088b80899f8185d706f6e7 -> 
  custom:scripting/monoscript/fileName/QuitGame.cs: 5096369e521a632ecaa19ef6bb193ad3 -> 
  custom:video-encoder-webm-vp8: eb34c28f22e8b96e1ab97ce403110664 -> 
  custom:audio-decoder-ogg-vorbis: bf7c407c2cedff20999df2af8eb42d56 -> 
  custom:scripting/monoscript/fileName/MainMenuBtns.cs: 7a4c553ed157df86ad49bd371125fa92 -> 
  custom:audio-encoder-webm-vorbis: bf7c407c2cedff20999df2af8eb42d56 -> 
  custom:scripting/precompiled-assembly-types:Assembly-CSharp: 6f27a1113dc865297ac9a567d3ed8348 -> 51bdbbc7743e4ed3f8333c67aed2824c
========================================================================
Received Prepare
Caller must complete domain reload
Begin MonoManager ReloadAssembly
- Loaded All Assemblies, in  0.270 seconds
Native extension for WindowsStandalone target not found
[Package Manager] Server::EnsureServerProcessIsRunning -- launch failed, reason: Unity was launched with the -noUpm command-line argument
[Package Manager] UpmClient::Send -- Unable to send message (not connected to UPM process).
[Package Manager] Cannot connect to Unity Package Manager local server
Mono: successfully reloaded assembly
- Finished resetting the current domain, in  0.496 seconds
Domain Reload Profiling: 766ms
	BeginReloadAssembly (96ms)
		ExecutionOrderSort (0ms)
		DisableScriptedObjects (3ms)
		BackupInstance (0ms)
		ReleaseScriptingObjects (0ms)
		CreateAndSetChildDomain (18ms)
	RebuildCommonClasses (24ms)
	RebuildNativeTypeToScriptingClass (7ms)
	initialDomainReloadingComplete (18ms)
	LoadAllAssembliesAndSetupDomain (125ms)
		LoadAssemblies (167ms)
		RebuildTransferFunctionScriptingTraits (0ms)
		AnalyzeDomain (11ms)
			TypeCache.Refresh (4ms)
				TypeCache.ScanAssembly (0ms)
			ScanForSourceGeneratedMonoScriptInfo (0ms)
			ResolveRequiredComponents (4ms)
	FinalizeReload (496ms)
		ReleaseScriptCaches (0ms)
		RebuildScriptCaches (0ms)
		SetupLoadedEditorAssemblies (285ms)
			LogAssemblyErrors (0ms)
			InitializePlatformSupportModulesInManaged (3ms)
			SetLoadedEditorAssemblies (2ms)
			RefreshPlugins (0ms)
			BeforeProcessingInitializeOnLoad (34ms)
			ProcessInitializeOnLoadAttributes (227ms)
			ProcessInitializeOnLoadMethodAttributes (15ms)
			AfterProcessingInitializeOnLoad (3ms)
			EditorAssembliesLoaded (0ms)
		ExecutionOrderSort2 (0ms)
		AwakeInstancesAfterBackupRestoration (6ms)
Refreshing native plugins compatible for Editor in 1.40 ms, found 3 plugins.
Preloading 0 native plugins for Editor in 0.00 ms.
Unloading 3151 Unused Serialized files (Serialized files now loaded: 0)
Unloading 16 unused Assets / (373.3 KB). Loaded Objects now: 3750.
Memory consumption went from 138.9 MB to 138.6 MB.
Total: 2.737100 ms (FindLiveObjects: 0.157300 ms CreateObjectMapping: 0.046300 ms MarkObjects: 2.362800 ms  DeleteObjects: 0.169700 ms)

Prepare: number of updated asset objects reloaded= 0
AssetImportParameters requested are different than current active one (requested -> active):
  custom:container-demuxer-ogg: 62fdf1f143b41e24485cea50d1cbac27 -> 
  custom:video-codec-MediaFoundation-h265: 746d11721c4dcdbdad8f713fa42b33f4 -> 
  custom:video-decoder-ogg-theora: a1e56fd34408186e4bbccfd4996cb3dc -> 
  custom:scripting/monoscript/fileName/LoadScene.cs: 206f1b3f828a012e3128d4c1e305d0fb -> 
  custom:framework-win-MediaFoundation: 216162199b28c13a410421893ffa2e32 -> 
  custom:CustomObjectIndexerAttribute: 9a22284fe3817be447336de3de66b15e -> 
  custom:container-demuxer-webm: 4f35f7cbe854078d1ac9338744f61a02 -> 
  custom:container-muxer-webm: aa71ff27fc2769a1b78a27578f13a17b -> 
  custom:video-decoder-webm-vp8: 9c59270c3fd7afecdb556c50c9e8de78 -> 
  custom:SearchIndexIgnoredProperties: e643bd26f0fe6173181afceb89e7c659 -> 
  custom:AudioImporter_EditorPlatform: d09bf68614088b80899f8185d706f6e7 -> 
  custom:scripting/monoscript/fileName/QuitGame.cs: 5096369e521a632ecaa19ef6bb193ad3 -> 
  custom:video-encoder-webm-vp8: eb34c28f22e8b96e1ab97ce403110664 -> 
  custom:audio-decoder-ogg-vorbis: bf7c407c2cedff20999df2af8eb42d56 -> 
  custom:scripting/monoscript/fileName/MainMenuBtns.cs: 7a4c553ed157df86ad49bd371125fa92 -> 
  custom:audio-encoder-webm-vorbis: bf7c407c2cedff20999df2af8eb42d56 -> 
  custom:scripting/precompiled-assembly-types:Assembly-CSharp: 6f27a1113dc865297ac9a567d3ed8348 -> 51bdbbc7743e4ed3f8333c67aed2824c
========================================================================
Received Prepare
Caller must complete domain reload
Begin MonoManager ReloadAssembly
- Loaded All Assemblies, in  0.260 seconds
Native extension for WindowsStandalone target not found
[Package Manager] Server::EnsureServerProcessIsRunning -- launch failed, reason: Unity was launched with the -noUpm command-line argument
[Package Manager] UpmClient::Send -- Unable to send message (not connected to UPM process).
[Package Manager] Cannot connect to Unity Package Manager local server
Mono: successfully reloaded assembly
- Finished resetting the current domain, in  0.504 seconds
Domain Reload Profiling: 764ms
	BeginReloadAssembly (98ms)
		ExecutionOrderSort (0ms)
		DisableScriptedObjects (2ms)
		BackupInstance (0ms)
		ReleaseScriptingObjects (0ms)
		CreateAndSetChildDomain (21ms)
	RebuildCommonClasses (20ms)
	RebuildNativeTypeToScriptingClass (6ms)
	initialDomainReloadingComplete (16ms)
	LoadAllAssembliesAndSetupDomain (119ms)
		LoadAssemblies (160ms)
		RebuildTransferFunctionScriptingTraits (0ms)
		AnalyzeDomain (10ms)
			TypeCache.Refresh (4ms)
				TypeCache.ScanAssembly (0ms)
			ScanForSourceGeneratedMonoScriptInfo (0ms)
			ResolveRequiredComponents (4ms)
	FinalizeReload (504ms)
		ReleaseScriptCaches (0ms)
		RebuildScriptCaches (0ms)
		SetupLoadedEditorAssemblies (291ms)
			LogAssemblyErrors (0ms)
			InitializePlatformSupportModulesInManaged (4ms)
			SetLoadedEditorAssemblies (2ms)
			RefreshPlugins (0ms)
			BeforeProcessingInitializeOnLoad (34ms)
			ProcessInitializeOnLoadAttributes (234ms)
			ProcessInitializeOnLoadMethodAttributes (14ms)
			AfterProcessingInitializeOnLoad (3ms)
			EditorAssembliesLoaded (0ms)
		ExecutionOrderSort2 (0ms)
		AwakeInstancesAfterBackupRestoration (5ms)
Refreshing native plugins compatible for Editor in 1.48 ms, found 3 plugins.
Preloading 0 native plugins for Editor in 0.00 ms.
Unloading 3151 Unused Serialized files (Serialized files now loaded: 0)
Unloading 16 unused Assets / (373.6 KB). Loaded Objects now: 3753.
Memory consumption went from 138.9 MB to 138.6 MB.
Total: 2.694300 ms (FindLiveObjects: 0.183400 ms CreateObjectMapping: 0.049800 ms MarkObjects: 2.259800 ms  DeleteObjects: 0.200700 ms)

Prepare: number of updated asset objects reloaded= 0
AssetImportParameters requested are different than current active one (requested -> active):
  custom:container-demuxer-ogg: 62fdf1f143b41e24485cea50d1cbac27 -> 
  custom:video-codec-MediaFoundation-h265: 746d11721c4dcdbdad8f713fa42b33f4 -> 
  custom:video-decoder-ogg-theora: a1e56fd34408186e4bbccfd4996cb3dc -> 
  custom:scripting/monoscript/fileName/LoadScene.cs: 206f1b3f828a012e3128d4c1e305d0fb -> 
  custom:framework-win-MediaFoundation: 216162199b28c13a410421893ffa2e32 -> 
  custom:CustomObjectIndexerAttribute: 9a22284fe3817be447336de3de66b15e -> 
  custom:container-demuxer-webm: 4f35f7cbe854078d1ac9338744f61a02 -> 
  custom:container-muxer-webm: aa71ff27fc2769a1b78a27578f13a17b -> 
  custom:video-decoder-webm-vp8: 9c59270c3fd7afecdb556c50c9e8de78 -> 
  custom:SearchIndexIgnoredProperties: e643bd26f0fe6173181afceb89e7c659 -> 
  custom:AudioImporter_EditorPlatform: d09bf68614088b80899f8185d706f6e7 -> 
  custom:scripting/monoscript/fileName/QuitGame.cs: 5096369e521a632ecaa19ef6bb193ad3 -> 
  custom:video-encoder-webm-vp8: eb34c28f22e8b96e1ab97ce403110664 -> 
  custom:audio-decoder-ogg-vorbis: bf7c407c2cedff20999df2af8eb42d56 -> 
  custom:scripting/monoscript/fileName/MainMenuBtns.cs: 7a4c553ed157df86ad49bd371125fa92 -> 
  custom:audio-encoder-webm-vorbis: bf7c407c2cedff20999df2af8eb42d56 -> 
  custom:scripting/precompiled-assembly-types:Assembly-CSharp: 6f27a1113dc865297ac9a567d3ed8348 -> 51bdbbc7743e4ed3f8333c67aed2824c
========================================================================
Received Prepare
Caller must complete domain reload
Begin MonoManager ReloadAssembly
- Loaded All Assemblies, in  0.260 seconds
Native extension for WindowsStandalone target not found
[Package Manager] Server::EnsureServerProcessIsRunning -- launch failed, reason: Unity was launched with the -noUpm command-line argument
[Package Manager] UpmClient::Send -- Unable to send message (not connected to UPM process).
[Package Manager] Cannot connect to Unity Package Manager local server
Mono: successfully reloaded assembly
- Finished resetting the current domain, in  0.590 seconds
Domain Reload Profiling: 849ms
	BeginReloadAssembly (95ms)
		ExecutionOrderSort (0ms)
		DisableScriptedObjects (3ms)
		BackupInstance (0ms)
		ReleaseScriptingObjects (0ms)
		CreateAndSetChildDomain (18ms)
	RebuildCommonClasses (20ms)
	RebuildNativeTypeToScriptingClass (6ms)
	initialDomainReloadingComplete (19ms)
	LoadAllAssembliesAndSetupDomain (120ms)
		LoadAssemblies (161ms)
		RebuildTransferFunctionScriptingTraits (0ms)
		AnalyzeDomain (10ms)
			TypeCache.Refresh (4ms)
				TypeCache.ScanAssembly (0ms)
			ScanForSourceGeneratedMonoScriptInfo (0ms)
			ResolveRequiredComponents (3ms)
	FinalizeReload (591ms)
		ReleaseScriptCaches (0ms)
		RebuildScriptCaches (0ms)
		SetupLoadedEditorAssemblies (348ms)
			LogAssemblyErrors (0ms)
			InitializePlatformSupportModulesInManaged (5ms)
			SetLoadedEditorAssemblies (3ms)
			RefreshPlugins (0ms)
			BeforeProcessingInitializeOnLoad (38ms)
			ProcessInitializeOnLoadAttributes (280ms)
			ProcessInitializeOnLoadMethodAttributes (18ms)
			AfterProcessingInitializeOnLoad (5ms)
			EditorAssembliesLoaded (0ms)
		ExecutionOrderSort2 (0ms)
		AwakeInstancesAfterBackupRestoration (7ms)
Refreshing native plugins compatible for Editor in 1.52 ms, found 3 plugins.
Preloading 0 native plugins for Editor in 0.00 ms.
Unloading 3151 Unused Serialized files (Serialized files now loaded: 0)
Unloading 16 unused Assets / (373.5 KB). Loaded Objects now: 3756.
Memory consumption went from 138.9 MB to 138.6 MB.
Total: 3.100900 ms (FindLiveObjects: 0.167900 ms CreateObjectMapping: 0.050800 ms MarkObjects: 2.448000 ms  DeleteObjects: 0.433200 ms)

Prepare: number of updated asset objects reloaded= 0
AssetImportParameters requested are different than current active one (requested -> active):
  custom:container-demuxer-ogg: 62fdf1f143b41e24485cea50d1cbac27 -> 
  custom:video-codec-MediaFoundation-h265: 746d11721c4dcdbdad8f713fa42b33f4 -> 
  custom:video-decoder-ogg-theora: a1e56fd34408186e4bbccfd4996cb3dc -> 
  custom:scripting/monoscript/fileName/LoadScene.cs: 206f1b3f828a012e3128d4c1e305d0fb -> 
  custom:framework-win-MediaFoundation: 216162199b28c13a410421893ffa2e32 -> 
  custom:CustomObjectIndexerAttribute: 9a22284fe3817be447336de3de66b15e -> 
  custom:container-demuxer-webm: 4f35f7cbe854078d1ac9338744f61a02 -> 
  custom:container-muxer-webm: aa71ff27fc2769a1b78a27578f13a17b -> 
  custom:video-decoder-webm-vp8: 9c59270c3fd7afecdb556c50c9e8de78 -> 
  custom:SearchIndexIgnoredProperties: e643bd26f0fe6173181afceb89e7c659 -> 
  custom:AudioImporter_EditorPlatform: d09bf68614088b80899f8185d706f6e7 -> 
  custom:scripting/monoscript/fileName/QuitGame.cs: 5096369e521a632ecaa19ef6bb193ad3 -> 
  custom:video-encoder-webm-vp8: eb34c28f22e8b96e1ab97ce403110664 -> 
  custom:audio-decoder-ogg-vorbis: bf7c407c2cedff20999df2af8eb42d56 -> 
  custom:scripting/monoscript/fileName/MainMenuBtns.cs: 7a4c553ed157df86ad49bd371125fa92 -> 
  custom:audio-encoder-webm-vorbis: bf7c407c2cedff20999df2af8eb42d56 -> 
  custom:scripting/precompiled-assembly-types:Assembly-CSharp: 6f27a1113dc865297ac9a567d3ed8348 -> 51bdbbc7743e4ed3f8333c67aed2824c
========================================================================
Received Prepare
Caller must complete domain reload
Begin MonoManager ReloadAssembly
- Loaded All Assemblies, in  0.269 seconds
Native extension for WindowsStandalone target not found
[Package Manager] Server::EnsureServerProcessIsRunning -- launch failed, reason: Unity was launched with the -noUpm command-line argument
[Package Manager] UpmClient::Send -- Unable to send message (not connected to UPM process).
[Package Manager] Cannot connect to Unity Package Manager local server
Mono: successfully reloaded assembly
- Finished resetting the current domain, in  0.562 seconds
Domain Reload Profiling: 831ms
	BeginReloadAssembly (95ms)
		ExecutionOrderSort (0ms)
		DisableScriptedObjects (3ms)
		BackupInstance (0ms)
		ReleaseScriptingObjects (0ms)
		CreateAndSetChildDomain (17ms)
	RebuildCommonClasses (19ms)
	RebuildNativeTypeToScriptingClass (6ms)
	initialDomainReloadingComplete (17ms)
	LoadAllAssembliesAndSetupDomain (131ms)
		LoadAssemblies (173ms)
		RebuildTransferFunctionScriptingTraits (0ms)
		AnalyzeDomain (10ms)
			TypeCache.Refresh (5ms)
				TypeCache.ScanAssembly (0ms)
			ScanForSourceGeneratedMonoScriptInfo (0ms)
			ResolveRequiredComponents (4ms)
	FinalizeReload (563ms)
		ReleaseScriptCaches (0ms)
		RebuildScriptCaches (0ms)
		SetupLoadedEditorAssemblies (338ms)
			LogAssemblyErrors (0ms)
			InitializePlatformSupportModulesInManaged (4ms)
			SetLoadedEditorAssemblies (2ms)
			RefreshPlugins (0ms)
			BeforeProcessingInitializeOnLoad (38ms)
			ProcessInitializeOnLoadAttributes (268ms)
			ProcessInitializeOnLoadMethodAttributes (22ms)
			AfterProcessingInitializeOnLoad (4ms)
			EditorAssembliesLoaded (0ms)
		ExecutionOrderSort2 (0ms)
		AwakeInstancesAfterBackupRestoration (7ms)
Refreshing native plugins compatible for Editor in 1.35 ms, found 3 plugins.
Preloading 0 native plugins for Editor in 0.00 ms.
Unloading 3151 Unused Serialized files (Serialized files now loaded: 0)
Unloading 16 unused Assets / (381.5 KB). Loaded Objects now: 3759.
Memory consumption went from 138.9 MB to 138.6 MB.
Total: 2.657100 ms (FindLiveObjects: 0.234500 ms CreateObjectMapping: 0.054000 ms MarkObjects: 2.107000 ms  DeleteObjects: 0.260500 ms)

Prepare: number of updated asset objects reloaded= 0
AssetImportParameters requested are different than current active one (requested -> active):
  custom:container-demuxer-ogg: 62fdf1f143b41e24485cea50d1cbac27 -> 
  custom:video-codec-MediaFoundation-h265: 746d11721c4dcdbdad8f713fa42b33f4 -> 
  custom:video-decoder-ogg-theora: a1e56fd34408186e4bbccfd4996cb3dc -> 
  custom:scripting/monoscript/fileName/LoadScene.cs: 206f1b3f828a012e3128d4c1e305d0fb -> 
  custom:framework-win-MediaFoundation: 216162199b28c13a410421893ffa2e32 -> 
  custom:CustomObjectIndexerAttribute: 9a22284fe3817be447336de3de66b15e -> 
  custom:container-demuxer-webm: 4f35f7cbe854078d1ac9338744f61a02 -> 
  custom:container-muxer-webm: aa71ff27fc2769a1b78a27578f13a17b -> 
  custom:video-decoder-webm-vp8: 9c59270c3fd7afecdb556c50c9e8de78 -> 
  custom:SearchIndexIgnoredProperties: e643bd26f0fe6173181afceb89e7c659 -> 
  custom:AudioImporter_EditorPlatform: d09bf68614088b80899f8185d706f6e7 -> 
  custom:scripting/monoscript/fileName/QuitGame.cs: 5096369e521a632ecaa19ef6bb193ad3 -> 
  custom:video-encoder-webm-vp8: eb34c28f22e8b96e1ab97ce403110664 -> 
  custom:audio-decoder-ogg-vorbis: bf7c407c2cedff20999df2af8eb42d56 -> 
  custom:scripting/monoscript/fileName/MainMenuBtns.cs: 7a4c553ed157df86ad49bd371125fa92 -> 
  custom:audio-encoder-webm-vorbis: bf7c407c2cedff20999df2af8eb42d56 -> 
  custom:scripting/precompiled-assembly-types:Assembly-CSharp: 6f27a1113dc865297ac9a567d3ed8348 -> 51bdbbc7743e4ed3f8333c67aed2824c
========================================================================
Received Prepare
Caller must complete domain reload
Begin MonoManager ReloadAssembly
- Loaded All Assemblies, in  0.293 seconds
Native extension for WindowsStandalone target not found
[Package Manager] Server::EnsureServerProcessIsRunning -- launch failed, reason: Unity was launched with the -noUpm command-line argument
[Package Manager] UpmClient::Send -- Unable to send message (not connected to UPM process).
[Package Manager] Cannot connect to Unity Package Manager local server
Mono: successfully reloaded assembly
- Finished resetting the current domain, in  0.538 seconds
Domain Reload Profiling: 831ms
	BeginReloadAssembly (99ms)
		ExecutionOrderSort (0ms)
		DisableScriptedObjects (3ms)
		BackupInstance (0ms)
		ReleaseScriptingObjects (0ms)
		CreateAndSetChildDomain (21ms)
	RebuildCommonClasses (24ms)
	RebuildNativeTypeToScriptingClass (6ms)
	initialDomainReloadingComplete (21ms)
	LoadAllAssembliesAndSetupDomain (142ms)
		LoadAssemblies (185ms)
		RebuildTransferFunctionScriptingTraits (0ms)
		AnalyzeDomain (10ms)
			TypeCache.Refresh (4ms)
				TypeCache.ScanAssembly (0ms)
			ScanForSourceGeneratedMonoScriptInfo (0ms)
			ResolveRequiredComponents (4ms)
	FinalizeReload (538ms)
		ReleaseScriptCaches (0ms)
		RebuildScriptCaches (0ms)
		SetupLoadedEditorAssemblies (326ms)
			LogAssemblyErrors (0ms)
			InitializePlatformSupportModulesInManaged (4ms)
			SetLoadedEditorAssemblies (2ms)
			RefreshPlugins (0ms)
			BeforeProcessingInitializeOnLoad (35ms)
			ProcessInitializeOnLoadAttributes (262ms)
			ProcessInitializeOnLoadMethodAttributes (19ms)
			AfterProcessingInitializeOnLoad (4ms)
			EditorAssembliesLoaded (0ms)
		ExecutionOrderSort2 (0ms)
		AwakeInstancesAfterBackupRestoration (7ms)
Refreshing native plugins compatible for Editor in 1.88 ms, found 3 plugins.
Preloading 0 native plugins for Editor in 0.00 ms.
Unloading 3151 Unused Serialized files (Serialized files now loaded: 0)
Unloading 16 unused Assets / (349.3 KB). Loaded Objects now: 3762.
Memory consumption went from 138.9 MB to 138.6 MB.
Total: 2.354700 ms (FindLiveObjects: 0.179200 ms CreateObjectMapping: 0.050200 ms MarkObjects: 1.959700 ms  DeleteObjects: 0.164800 ms)

Prepare: number of updated asset objects reloaded= 0
AssetImportParameters requested are different than current active one (requested -> active):
  custom:container-demuxer-ogg: 62fdf1f143b41e24485cea50d1cbac27 -> 
  custom:video-codec-MediaFoundation-h265: 746d11721c4dcdbdad8f713fa42b33f4 -> 
  custom:video-decoder-ogg-theora: a1e56fd34408186e4bbccfd4996cb3dc -> 
  custom:scripting/monoscript/fileName/LoadScene.cs: 206f1b3f828a012e3128d4c1e305d0fb -> 
  custom:framework-win-MediaFoundation: 216162199b28c13a410421893ffa2e32 -> 
  custom:CustomObjectIndexerAttribute: 9a22284fe3817be447336de3de66b15e -> 
  custom:container-demuxer-webm: 4f35f7cbe854078d1ac9338744f61a02 -> 
  custom:container-muxer-webm: aa71ff27fc2769a1b78a27578f13a17b -> 
  custom:video-decoder-webm-vp8: 9c59270c3fd7afecdb556c50c9e8de78 -> 
  custom:SearchIndexIgnoredProperties: e643bd26f0fe6173181afceb89e7c659 -> 
  custom:AudioImporter_EditorPlatform: d09bf68614088b80899f8185d706f6e7 -> 
  custom:scripting/monoscript/fileName/QuitGame.cs: 5096369e521a632ecaa19ef6bb193ad3 -> 
  custom:video-encoder-webm-vp8: eb34c28f22e8b96e1ab97ce403110664 -> 
  custom:audio-decoder-ogg-vorbis: bf7c407c2cedff20999df2af8eb42d56 -> 
  custom:scripting/monoscript/fileName/MainMenuBtns.cs: 7a4c553ed157df86ad49bd371125fa92 -> 
  custom:audio-encoder-webm-vorbis: bf7c407c2cedff20999df2af8eb42d56 -> 
  custom:scripting/precompiled-assembly-types:Assembly-CSharp: 6f27a1113dc865297ac9a567d3ed8348 -> 51bdbbc7743e4ed3f8333c67aed2824c
========================================================================
Received Prepare
Caller must complete domain reload
Begin MonoManager ReloadAssembly
- Loaded All Assemblies, in  0.255 seconds
Native extension for WindowsStandalone target not found
[Package Manager] Server::EnsureServerProcessIsRunning -- launch failed, reason: Unity was launched with the -noUpm command-line argument
[Package Manager] UpmClient::Send -- Unable to send message (not connected to UPM process).
[Package Manager] Cannot connect to Unity Package Manager local server
Mono: successfully reloaded assembly
- Finished resetting the current domain, in  0.527 seconds
Domain Reload Profiling: 781ms
	BeginReloadAssembly (92ms)
		ExecutionOrderSort (0ms)
		DisableScriptedObjects (3ms)
		BackupInstance (0ms)
		ReleaseScriptingObjects (0ms)
		CreateAndSetChildDomain (17ms)
	RebuildCommonClasses (19ms)
	RebuildNativeTypeToScriptingClass (6ms)
	initialDomainReloadingComplete (17ms)
	LoadAllAssembliesAndSetupDomain (119ms)
		LoadAssemblies (157ms)
		RebuildTransferFunctionScriptingTraits (0ms)
		AnalyzeDomain (11ms)
			TypeCache.Refresh (5ms)
				TypeCache.ScanAssembly (0ms)
			ScanForSourceGeneratedMonoScriptInfo (0ms)
			ResolveRequiredComponents (3ms)
	FinalizeReload (527ms)
		ReleaseScriptCaches (0ms)
		RebuildScriptCaches (0ms)
		SetupLoadedEditorAssemblies (319ms)
			LogAssemblyErrors (0ms)
			InitializePlatformSupportModulesInManaged (3ms)
			SetLoadedEditorAssemblies (2ms)
			RefreshPlugins (0ms)
			BeforeProcessingInitializeOnLoad (38ms)
			ProcessInitializeOnLoadAttributes (251ms)
			ProcessInitializeOnLoadMethodAttributes (20ms)
			AfterProcessingInitializeOnLoad (4ms)
			EditorAssembliesLoaded (0ms)
		ExecutionOrderSort2 (0ms)
		AwakeInstancesAfterBackupRestoration (7ms)
Refreshing native plugins compatible for Editor in 1.90 ms, found 3 plugins.
Preloading 0 native plugins for Editor in 0.00 ms.
Unloading 3151 Unused Serialized files (Serialized files now loaded: 0)
Unloading 16 unused Assets / (373.4 KB). Loaded Objects now: 3765.
Memory consumption went from 138.9 MB to 138.6 MB.
Total: 6.273800 ms (FindLiveObjects: 1.361500 ms CreateObjectMapping: 2.435900 ms MarkObjects: 2.272000 ms  DeleteObjects: 0.203500 ms)

Prepare: number of updated asset objects reloaded= 0
AssetImportParameters requested are different than current active one (requested -> active):
  custom:container-demuxer-ogg: 62fdf1f143b41e24485cea50d1cbac27 -> 
  custom:video-codec-MediaFoundation-h265: 746d11721c4dcdbdad8f713fa42b33f4 -> 
  custom:video-decoder-ogg-theora: a1e56fd34408186e4bbccfd4996cb3dc -> 
  custom:scripting/monoscript/fileName/LoadScene.cs: 206f1b3f828a012e3128d4c1e305d0fb -> 
  custom:framework-win-MediaFoundation: 216162199b28c13a410421893ffa2e32 -> 
  custom:CustomObjectIndexerAttribute: 9a22284fe3817be447336de3de66b15e -> 
  custom:container-demuxer-webm: 4f35f7cbe854078d1ac9338744f61a02 -> 
  custom:container-muxer-webm: aa71ff27fc2769a1b78a27578f13a17b -> 
  custom:video-decoder-webm-vp8: 9c59270c3fd7afecdb556c50c9e8de78 -> 
  custom:SearchIndexIgnoredProperties: e643bd26f0fe6173181afceb89e7c659 -> 
  custom:AudioImporter_EditorPlatform: d09bf68614088b80899f8185d706f6e7 -> 
  custom:scripting/monoscript/fileName/QuitGame.cs: 5096369e521a632ecaa19ef6bb193ad3 -> 
  custom:video-encoder-webm-vp8: eb34c28f22e8b96e1ab97ce403110664 -> 
  custom:audio-decoder-ogg-vorbis: bf7c407c2cedff20999df2af8eb42d56 -> 
  custom:scripting/monoscript/fileName/MainMenuBtns.cs: 7a4c553ed157df86ad49bd371125fa92 -> 
  custom:audio-encoder-webm-vorbis: bf7c407c2cedff20999df2af8eb42d56 -> 
  custom:scripting/precompiled-assembly-types:Assembly-CSharp: 6f27a1113dc865297ac9a567d3ed8348 -> 51bdbbc7743e4ed3f8333c67aed2824c
========================================================================
Received Prepare
Caller must complete domain reload
Begin MonoManager ReloadAssembly
- Loaded All Assemblies, in  0.276 seconds
Native extension for WindowsStandalone target not found
[Package Manager] Server::EnsureServerProcessIsRunning -- launch failed, reason: Unity was launched with the -noUpm command-line argument
[Package Manager] UpmClient::Send -- Unable to send message (not connected to UPM process).
[Package Manager] Cannot connect to Unity Package Manager local server
Mono: successfully reloaded assembly
- Finished resetting the current domain, in  0.652 seconds
Domain Reload Profiling: 928ms
	BeginReloadAssembly (97ms)
		ExecutionOrderSort (0ms)
		DisableScriptedObjects (2ms)
		BackupInstance (0ms)
		ReleaseScriptingObjects (0ms)
		CreateAndSetChildDomain (18ms)
	RebuildCommonClasses (21ms)
	RebuildNativeTypeToScriptingClass (7ms)
	initialDomainReloadingComplete (19ms)
	LoadAllAssembliesAndSetupDomain (132ms)
		LoadAssemblies (172ms)
		RebuildTransferFunctionScriptingTraits (0ms)
		AnalyzeDomain (12ms)
			TypeCache.Refresh (6ms)
				TypeCache.ScanAssembly (0ms)
			ScanForSourceGeneratedMonoScriptInfo (0ms)
			ResolveRequiredComponents (4ms)
	FinalizeReload (653ms)
		ReleaseScriptCaches (0ms)
		RebuildScriptCaches (0ms)
		SetupLoadedEditorAssemblies (381ms)
			LogAssemblyErrors (0ms)
			InitializePlatformSupportModulesInManaged (5ms)
			SetLoadedEditorAssemblies (3ms)
			RefreshPlugins (0ms)
			BeforeProcessingInitializeOnLoad (47ms)
			ProcessInitializeOnLoadAttributes (303ms)
			ProcessInitializeOnLoadMethodAttributes (19ms)
			AfterProcessingInitializeOnLoad (4ms)
			EditorAssembliesLoaded (0ms)
		ExecutionOrderSort2 (0ms)
		AwakeInstancesAfterBackupRestoration (8ms)
Refreshing native plugins compatible for Editor in 1.45 ms, found 3 plugins.
Preloading 0 native plugins for Editor in 0.00 ms.
Unloading 3151 Unused Serialized files (Serialized files now loaded: 0)
Unloading 16 unused Assets / (381.4 KB). Loaded Objects now: 3768.
Memory consumption went from 138.9 MB to 138.6 MB.
Total: 3.479600 ms (FindLiveObjects: 0.524000 ms CreateObjectMapping: 0.139700 ms MarkObjects: 2.563900 ms  DeleteObjects: 0.250000 ms)

Prepare: number of updated asset objects reloaded= 0
AssetImportParameters requested are different than current active one (requested -> active):
  custom:container-demuxer-ogg: 62fdf1f143b41e24485cea50d1cbac27 -> 
  custom:video-codec-MediaFoundation-h265: 746d11721c4dcdbdad8f713fa42b33f4 -> 
  custom:video-decoder-ogg-theora: a1e56fd34408186e4bbccfd4996cb3dc -> 
  custom:scripting/monoscript/fileName/LoadScene.cs: 206f1b3f828a012e3128d4c1e305d0fb -> 
  custom:framework-win-MediaFoundation: 216162199b28c13a410421893ffa2e32 -> 
  custom:CustomObjectIndexerAttribute: 9a22284fe3817be447336de3de66b15e -> 
  custom:container-demuxer-webm: 4f35f7cbe854078d1ac9338744f61a02 -> 
  custom:container-muxer-webm: aa71ff27fc2769a1b78a27578f13a17b -> 
  custom:video-decoder-webm-vp8: 9c59270c3fd7afecdb556c50c9e8de78 -> 
  custom:SearchIndexIgnoredProperties: e643bd26f0fe6173181afceb89e7c659 -> 
  custom:AudioImporter_EditorPlatform: d09bf68614088b80899f8185d706f6e7 -> 
  custom:scripting/monoscript/fileName/QuitGame.cs: 5096369e521a632ecaa19ef6bb193ad3 -> 
  custom:video-encoder-webm-vp8: eb34c28f22e8b96e1ab97ce403110664 -> 
  custom:audio-decoder-ogg-vorbis: bf7c407c2cedff20999df2af8eb42d56 -> 
  custom:scripting/monoscript/fileName/MainMenuBtns.cs: 7a4c553ed157df86ad49bd371125fa92 -> 
  custom:audio-encoder-webm-vorbis: bf7c407c2cedff20999df2af8eb42d56 -> 
  custom:scripting/precompiled-assembly-types:Assembly-CSharp: 6f27a1113dc865297ac9a567d3ed8348 -> 51bdbbc7743e4ed3f8333c67aed2824c
========================================================================
Received Prepare
Caller must complete domain reload
Begin MonoManager ReloadAssembly
- Loaded All Assemblies, in  0.259 seconds
Native extension for WindowsStandalone target not found
[Package Manager] Server::EnsureServerProcessIsRunning -- launch failed, reason: Unity was launched with the -noUpm command-line argument
[Package Manager] UpmClient::Send -- Unable to send message (not connected to UPM process).
[Package Manager] Cannot connect to Unity Package Manager local server
Mono: successfully reloaded assembly
- Finished resetting the current domain, in  0.567 seconds
Domain Reload Profiling: 825ms
	BeginReloadAssembly (93ms)
		ExecutionOrderSort (0ms)
		DisableScriptedObjects (2ms)
		BackupInstance (0ms)
		ReleaseScriptingObjects (0ms)
		CreateAndSetChildDomain (17ms)
	RebuildCommonClasses (20ms)
	RebuildNativeTypeToScriptingClass (6ms)
	initialDomainReloadingComplete (16ms)
	LoadAllAssembliesAndSetupDomain (123ms)
		LoadAssemblies (162ms)
		RebuildTransferFunctionScriptingTraits (0ms)
		AnalyzeDomain (12ms)
			TypeCache.Refresh (6ms)
				TypeCache.ScanAssembly (0ms)
			ScanForSourceGeneratedMonoScriptInfo (0ms)
			ResolveRequiredComponents (4ms)
	FinalizeReload (568ms)
		ReleaseScriptCaches (0ms)
		RebuildScriptCaches (0ms)
		SetupLoadedEditorAssemblies (339ms)
			LogAssemblyErrors (0ms)
			InitializePlatformSupportModulesInManaged (4ms)
			SetLoadedEditorAssemblies (3ms)
			RefreshPlugins (0ms)
			BeforeProcessingInitializeOnLoad (39ms)
			ProcessInitializeOnLoadAttributes (272ms)
			ProcessInitializeOnLoadMethodAttributes (17ms)
			AfterProcessingInitializeOnLoad (4ms)
			EditorAssembliesLoaded (0ms)
		ExecutionOrderSort2 (0ms)
		AwakeInstancesAfterBackupRestoration (7ms)
Refreshing native plugins compatible for Editor in 2.46 ms, found 3 plugins.
Preloading 0 native plugins for Editor in 0.00 ms.
Unloading 3151 Unused Serialized files (Serialized files now loaded: 0)
Unloading 16 unused Assets / (373.3 KB). Loaded Objects now: 3771.
Memory consumption went from 138.9 MB to 138.6 MB.
Total: 2.232800 ms (FindLiveObjects: 0.244600 ms CreateObjectMapping: 0.046800 ms MarkObjects: 1.762500 ms  DeleteObjects: 0.178100 ms)

Prepare: number of updated asset objects reloaded= 0
AssetImportParameters requested are different than current active one (requested -> active):
  custom:container-demuxer-ogg: 62fdf1f143b41e24485cea50d1cbac27 -> 
  custom:video-codec-MediaFoundation-h265: 746d11721c4dcdbdad8f713fa42b33f4 -> 
  custom:video-decoder-ogg-theora: a1e56fd34408186e4bbccfd4996cb3dc -> 
  custom:scripting/monoscript/fileName/LoadScene.cs: 206f1b3f828a012e3128d4c1e305d0fb -> 
  custom:framework-win-MediaFoundation: 216162199b28c13a410421893ffa2e32 -> 
  custom:CustomObjectIndexerAttribute: 9a22284fe3817be447336de3de66b15e -> 
  custom:container-demuxer-webm: 4f35f7cbe854078d1ac9338744f61a02 -> 
  custom:container-muxer-webm: aa71ff27fc2769a1b78a27578f13a17b -> 
  custom:video-decoder-webm-vp8: 9c59270c3fd7afecdb556c50c9e8de78 -> 
  custom:SearchIndexIgnoredProperties: e643bd26f0fe6173181afceb89e7c659 -> 
  custom:AudioImporter_EditorPlatform: d09bf68614088b80899f8185d706f6e7 -> 
  custom:scripting/monoscript/fileName/QuitGame.cs: 5096369e521a632ecaa19ef6bb193ad3 -> 
  custom:video-encoder-webm-vp8: eb34c28f22e8b96e1ab97ce403110664 -> 
  custom:audio-decoder-ogg-vorbis: bf7c407c2cedff20999df2af8eb42d56 -> 
  custom:scripting/monoscript/fileName/MainMenuBtns.cs: 7a4c553ed157df86ad49bd371125fa92 -> 
  custom:audio-encoder-webm-vorbis: bf7c407c2cedff20999df2af8eb42d56 -> 
  custom:scripting/precompiled-assembly-types:Assembly-CSharp: 6f27a1113dc865297ac9a567d3ed8348 -> 51bdbbc7743e4ed3f8333c67aed2824c
========================================================================
Received Prepare
Caller must complete domain reload
Begin MonoManager ReloadAssembly
- Loaded All Assemblies, in  0.261 seconds
Native extension for WindowsStandalone target not found
[Package Manager] Server::EnsureServerProcessIsRunning -- launch failed, reason: Unity was launched with the -noUpm command-line argument
[Package Manager] UpmClient::Send -- Unable to send message (not connected to UPM process).
[Package Manager] Cannot connect to Unity Package Manager local server
Mono: successfully reloaded assembly
- Finished resetting the current domain, in  0.531 seconds
Domain Reload Profiling: 791ms
	BeginReloadAssembly (97ms)
		ExecutionOrderSort (0ms)
		DisableScriptedObjects (3ms)
		BackupInstance (0ms)
		ReleaseScriptingObjects (0ms)
		CreateAndSetChildDomain (18ms)
	RebuildCommonClasses (19ms)
	RebuildNativeTypeToScriptingClass (6ms)
	initialDomainReloadingComplete (18ms)
	LoadAllAssembliesAndSetupDomain (119ms)
		LoadAssemblies (160ms)
		RebuildTransferFunctionScriptingTraits (0ms)
		AnalyzeDomain (11ms)
			TypeCache.Refresh (5ms)
				TypeCache.ScanAssembly (0ms)
			ScanForSourceGeneratedMonoScriptInfo (0ms)
			ResolveRequiredComponents (4ms)
	FinalizeReload (531ms)
		ReleaseScriptCaches (0ms)
		RebuildScriptCaches (0ms)
		SetupLoadedEditorAssemblies (318ms)
			LogAssemblyErrors (0ms)
			InitializePlatformSupportModulesInManaged (4ms)
			SetLoadedEditorAssemblies (2ms)
			RefreshPlugins (0ms)
			BeforeProcessingInitializeOnLoad (38ms)
			ProcessInitializeOnLoadAttributes (254ms)
			ProcessInitializeOnLoadMethodAttributes (16ms)
			AfterProcessingInitializeOnLoad (4ms)
			EditorAssembliesLoaded (0ms)
		ExecutionOrderSort2 (0ms)
		AwakeInstancesAfterBackupRestoration (6ms)
Refreshing native plugins compatible for Editor in 1.94 ms, found 3 plugins.
Preloading 0 native plugins for Editor in 0.00 ms.
Unloading 3151 Unused Serialized files (Serialized files now loaded: 0)
Unloading 16 unused Assets / (373.3 KB). Loaded Objects now: 3774.
Memory consumption went from 138.9 MB to 138.6 MB.
Total: 2.541300 ms (FindLiveObjects: 0.235000 ms CreateObjectMapping: 0.049000 ms MarkObjects: 2.095000 ms  DeleteObjects: 0.161600 ms)

Prepare: number of updated asset objects reloaded= 0
AssetImportParameters requested are different than current active one (requested -> active):
  custom:container-demuxer-ogg: 62fdf1f143b41e24485cea50d1cbac27 -> 
  custom:video-codec-MediaFoundation-h265: 746d11721c4dcdbdad8f713fa42b33f4 -> 
  custom:video-decoder-ogg-theora: a1e56fd34408186e4bbccfd4996cb3dc -> 
  custom:scripting/monoscript/fileName/LoadScene.cs: 206f1b3f828a012e3128d4c1e305d0fb -> 
  custom:framework-win-MediaFoundation: 216162199b28c13a410421893ffa2e32 -> 
  custom:CustomObjectIndexerAttribute: 9a22284fe3817be447336de3de66b15e -> 
  custom:container-demuxer-webm: 4f35f7cbe854078d1ac9338744f61a02 -> 
  custom:container-muxer-webm: aa71ff27fc2769a1b78a27578f13a17b -> 
  custom:video-decoder-webm-vp8: 9c59270c3fd7afecdb556c50c9e8de78 -> 
  custom:SearchIndexIgnoredProperties: e643bd26f0fe6173181afceb89e7c659 -> 
  custom:AudioImporter_EditorPlatform: d09bf68614088b80899f8185d706f6e7 -> 
  custom:scripting/monoscript/fileName/QuitGame.cs: 5096369e521a632ecaa19ef6bb193ad3 -> 
  custom:video-encoder-webm-vp8: eb34c28f22e8b96e1ab97ce403110664 -> 
  custom:audio-decoder-ogg-vorbis: bf7c407c2cedff20999df2af8eb42d56 -> 
  custom:scripting/monoscript/fileName/MainMenuBtns.cs: 7a4c553ed157df86ad49bd371125fa92 -> 
  custom:audio-encoder-webm-vorbis: bf7c407c2cedff20999df2af8eb42d56 -> 
  custom:scripting/precompiled-assembly-types:Assembly-CSharp: 6f27a1113dc865297ac9a567d3ed8348 -> 51bdbbc7743e4ed3f8333c67aed2824c
========================================================================
Received Prepare
Caller must complete domain reload
Begin MonoManager ReloadAssembly
- Loaded All Assemblies, in  0.263 seconds
Native extension for WindowsStandalone target not found
[Package Manager] Server::EnsureServerProcessIsRunning -- launch failed, reason: Unity was launched with the -noUpm command-line argument
[Package Manager] UpmClient::Send -- Unable to send message (not connected to UPM process).
[Package Manager] Cannot connect to Unity Package Manager local server
Mono: successfully reloaded assembly
- Finished resetting the current domain, in  0.609 seconds
Domain Reload Profiling: 872ms
	BeginReloadAssembly (93ms)
		ExecutionOrderSort (0ms)
		DisableScriptedObjects (2ms)
		BackupInstance (0ms)
		ReleaseScriptingObjects (0ms)
		CreateAndSetChildDomain (17ms)
	RebuildCommonClasses (20ms)
	RebuildNativeTypeToScriptingClass (6ms)
	initialDomainReloadingComplete (17ms)
	LoadAllAssembliesAndSetupDomain (127ms)
		LoadAssemblies (167ms)
		RebuildTransferFunctionScriptingTraits (0ms)
		AnalyzeDomain (11ms)
			TypeCache.Refresh (5ms)
				TypeCache.ScanAssembly (0ms)
			ScanForSourceGeneratedMonoScriptInfo (0ms)
			ResolveRequiredComponents (4ms)
	FinalizeReload (610ms)
		ReleaseScriptCaches (0ms)
		RebuildScriptCaches (0ms)
		SetupLoadedEditorAssemblies (366ms)
			LogAssemblyErrors (0ms)
			InitializePlatformSupportModulesInManaged (6ms)
			SetLoadedEditorAssemblies (3ms)
			RefreshPlugins (0ms)
			BeforeProcessingInitializeOnLoad (45ms)
			ProcessInitializeOnLoadAttributes (292ms)
			ProcessInitializeOnLoadMethodAttributes (17ms)
			AfterProcessingInitializeOnLoad (4ms)
			EditorAssembliesLoaded (0ms)
		ExecutionOrderSort2 (0ms)
		AwakeInstancesAfterBackupRestoration (7ms)
Refreshing native plugins compatible for Editor in 1.57 ms, found 3 plugins.
Preloading 0 native plugins for Editor in 0.00 ms.
Unloading 3151 Unused Serialized files (Serialized files now loaded: 0)
Unloading 16 unused Assets / (349.5 KB). Loaded Objects now: 3777.
Memory consumption went from 138.9 MB to 138.6 MB.
Total: 2.633500 ms (FindLiveObjects: 0.183300 ms CreateObjectMapping: 0.049100 ms MarkObjects: 2.229700 ms  DeleteObjects: 0.170400 ms)

Prepare: number of updated asset objects reloaded= 0
AssetImportParameters requested are different than current active one (requested -> active):
  custom:container-demuxer-ogg: 62fdf1f143b41e24485cea50d1cbac27 -> 
  custom:video-codec-MediaFoundation-h265: 746d11721c4dcdbdad8f713fa42b33f4 -> 
  custom:video-decoder-ogg-theora: a1e56fd34408186e4bbccfd4996cb3dc -> 
  custom:scripting/monoscript/fileName/LoadScene.cs: 206f1b3f828a012e3128d4c1e305d0fb -> 
  custom:framework-win-MediaFoundation: 216162199b28c13a410421893ffa2e32 -> 
  custom:CustomObjectIndexerAttribute: 9a22284fe3817be447336de3de66b15e -> 
  custom:container-demuxer-webm: 4f35f7cbe854078d1ac9338744f61a02 -> 
  custom:container-muxer-webm: aa71ff27fc2769a1b78a27578f13a17b -> 
  custom:video-decoder-webm-vp8: 9c59270c3fd7afecdb556c50c9e8de78 -> 
  custom:SearchIndexIgnoredProperties: e643bd26f0fe6173181afceb89e7c659 -> 
  custom:AudioImporter_EditorPlatform: d09bf68614088b80899f8185d706f6e7 -> 
  custom:scripting/monoscript/fileName/QuitGame.cs: 5096369e521a632ecaa19ef6bb193ad3 -> 
  custom:video-encoder-webm-vp8: eb34c28f22e8b96e1ab97ce403110664 -> 
  custom:audio-decoder-ogg-vorbis: bf7c407c2cedff20999df2af8eb42d56 -> 
  custom:scripting/monoscript/fileName/MainMenuBtns.cs: 7a4c553ed157df86ad49bd371125fa92 -> 
  custom:audio-encoder-webm-vorbis: bf7c407c2cedff20999df2af8eb42d56 -> 
  custom:scripting/precompiled-assembly-types:Assembly-CSharp: 6f27a1113dc865297ac9a567d3ed8348 -> 51bdbbc7743e4ed3f8333c67aed2824c
========================================================================
Received Prepare
Caller must complete domain reload
Begin MonoManager ReloadAssembly
- Loaded All Assemblies, in  0.263 seconds
Native extension for WindowsStandalone target not found
[Package Manager] Server::EnsureServerProcessIsRunning -- launch failed, reason: Unity was launched with the -noUpm command-line argument
[Package Manager] UpmClient::Send -- Unable to send message (not connected to UPM process).
[Package Manager] Cannot connect to Unity Package Manager local server
Mono: successfully reloaded assembly
- Finished resetting the current domain, in  0.522 seconds
Domain Reload Profiling: 785ms
	BeginReloadAssembly (101ms)
		ExecutionOrderSort (0ms)
		DisableScriptedObjects (4ms)
		BackupInstance (0ms)
		ReleaseScriptingObjects (0ms)
		CreateAndSetChildDomain (21ms)
	RebuildCommonClasses (21ms)
	RebuildNativeTypeToScriptingClass (6ms)
	initialDomainReloadingComplete (17ms)
	LoadAllAssembliesAndSetupDomain (117ms)
		LoadAssemblies (159ms)
		RebuildTransferFunctionScriptingTraits (0ms)
		AnalyzeDomain (10ms)
			TypeCache.Refresh (4ms)
				TypeCache.ScanAssembly (0ms)
			ScanForSourceGeneratedMonoScriptInfo (0ms)
			ResolveRequiredComponents (3ms)
	FinalizeReload (523ms)
		ReleaseScriptCaches (0ms)
		RebuildScriptCaches (0ms)
		SetupLoadedEditorAssemblies (311ms)
			LogAssemblyErrors (0ms)
			InitializePlatformSupportModulesInManaged (4ms)
			SetLoadedEditorAssemblies (2ms)
			RefreshPlugins (0ms)
			BeforeProcessingInitializeOnLoad (37ms)
			ProcessInitializeOnLoadAttributes (245ms)
			ProcessInitializeOnLoadMethodAttributes (20ms)
			AfterProcessingInitializeOnLoad (4ms)
			EditorAssembliesLoaded (0ms)
		ExecutionOrderSort2 (0ms)
		AwakeInstancesAfterBackupRestoration (7ms)
Refreshing native plugins compatible for Editor in 3.86 ms, found 3 plugins.
Preloading 0 native plugins for Editor in 0.00 ms.
Unloading 3151 Unused Serialized files (Serialized files now loaded: 0)
Unloading 16 unused Assets / (373.5 KB). Loaded Objects now: 3780.
Memory consumption went from 138.9 MB to 138.6 MB.
Total: 2.698500 ms (FindLiveObjects: 0.237300 ms CreateObjectMapping: 0.100300 ms MarkObjects: 2.169200 ms  DeleteObjects: 0.191000 ms)

Prepare: number of updated asset objects reloaded= 0
AssetImportParameters requested are different than current active one (requested -> active):
  custom:container-demuxer-ogg: 62fdf1f143b41e24485cea50d1cbac27 -> 
  custom:video-codec-MediaFoundation-h265: 746d11721c4dcdbdad8f713fa42b33f4 -> 
  custom:video-decoder-ogg-theora: a1e56fd34408186e4bbccfd4996cb3dc -> 
  custom:scripting/monoscript/fileName/LoadScene.cs: 206f1b3f828a012e3128d4c1e305d0fb -> 
  custom:framework-win-MediaFoundation: 216162199b28c13a410421893ffa2e32 -> 
  custom:CustomObjectIndexerAttribute: 9a22284fe3817be447336de3de66b15e -> 
  custom:container-demuxer-webm: 4f35f7cbe854078d1ac9338744f61a02 -> 
  custom:container-muxer-webm: aa71ff27fc2769a1b78a27578f13a17b -> 
  custom:video-decoder-webm-vp8: 9c59270c3fd7afecdb556c50c9e8de78 -> 
  custom:SearchIndexIgnoredProperties: e643bd26f0fe6173181afceb89e7c659 -> 
  custom:AudioImporter_EditorPlatform: d09bf68614088b80899f8185d706f6e7 -> 
  custom:scripting/monoscript/fileName/QuitGame.cs: 5096369e521a632ecaa19ef6bb193ad3 -> 
  custom:video-encoder-webm-vp8: eb34c28f22e8b96e1ab97ce403110664 -> 
  custom:audio-decoder-ogg-vorbis: bf7c407c2cedff20999df2af8eb42d56 -> 
  custom:scripting/monoscript/fileName/MainMenuBtns.cs: 7a4c553ed157df86ad49bd371125fa92 -> 
  custom:audio-encoder-webm-vorbis: bf7c407c2cedff20999df2af8eb42d56 -> 
  custom:scripting/precompiled-assembly-types:Assembly-CSharp: 6f27a1113dc865297ac9a567d3ed8348 -> 51bdbbc7743e4ed3f8333c67aed2824c
========================================================================
Received Import Request.
  Time since last request: 650.198630 seconds.
  path: Assets/MyAssets/Scripts/MainMenuGUI.cs
  artifactKey: Guid(d73fc3dd3719f874db98b86eec55f97d) Importer(815301076,1909f56bfc062723c751e8b465ee728b)
Start importing Assets/MyAssets/Scripts/MainMenuGUI.cs using Guid(d73fc3dd3719f874db98b86eec55f97d) Importer(815301076,1909f56bfc062723c751e8b465ee728b) [PhysX] Initialized MultithreadedTaskDispatcher with 32 workers.
 -> (artifact id: '2cf1c0245d36b44c3c9b3ccce5b26c44') in 0.005177 seconds
Number of updated asset objects reloaded before import = 0
Number of asset objects unloaded after import = 0
========================================================================
Received Prepare
Caller must complete domain reload
Begin MonoManager ReloadAssembly
- Loaded All Assemblies, in  0.313 seconds
Native extension for WindowsStandalone target not found
[Package Manager] Server::EnsureServerProcessIsRunning -- launch failed, reason: Unity was launched with the -noUpm command-line argument
[Package Manager] UpmClient::Send -- Unable to send message (not connected to UPM process).
[Package Manager] Cannot connect to Unity Package Manager local server
Mono: successfully reloaded assembly
- Finished resetting the current domain, in  0.511 seconds
Domain Reload Profiling: 824ms
	BeginReloadAssembly (111ms)
		ExecutionOrderSort (0ms)
		DisableScriptedObjects (3ms)
		BackupInstance (0ms)
		ReleaseScriptingObjects (0ms)
		CreateAndSetChildDomain (28ms)
	RebuildCommonClasses (24ms)
	RebuildNativeTypeToScriptingClass (9ms)
	initialDomainReloadingComplete (22ms)
	LoadAllAssembliesAndSetupDomain (146ms)
		LoadAssemblies (185ms)
		RebuildTransferFunctionScriptingTraits (0ms)
		AnalyzeDomain (18ms)
			TypeCache.Refresh (8ms)
				TypeCache.ScanAssembly (0ms)
			ScanForSourceGeneratedMonoScriptInfo (5ms)
			ResolveRequiredComponents (4ms)
	FinalizeReload (511ms)
		ReleaseScriptCaches (0ms)
		RebuildScriptCaches (0ms)
		SetupLoadedEditorAssemblies (288ms)
			LogAssemblyErrors (0ms)
			InitializePlatformSupportModulesInManaged (4ms)
			SetLoadedEditorAssemblies (2ms)
			RefreshPlugins (0ms)
			BeforeProcessingInitializeOnLoad (37ms)
			ProcessInitializeOnLoadAttributes (227ms)
			ProcessInitializeOnLoadMethodAttributes (14ms)
			AfterProcessingInitializeOnLoad (4ms)
			EditorAssembliesLoaded (0ms)
		ExecutionOrderSort2 (0ms)
		AwakeInstancesAfterBackupRestoration (6ms)
Refreshing native plugins compatible for Editor in 1.08 ms, found 3 plugins.
Preloading 0 native plugins for Editor in 0.00 ms.
Unloading 3151 Unused Serialized files (Serialized files now loaded: 0)
Unloading 16 unused Assets / (373.5 KB). Loaded Objects now: 3784.
Memory consumption went from 138.7 MB to 138.3 MB.
Total: 2.468900 ms (FindLiveObjects: 0.203600 ms CreateObjectMapping: 0.056100 ms MarkObjects: 1.976400 ms  DeleteObjects: 0.232000 ms)

Prepare: number of updated asset objects reloaded= 0
AssetImportParameters requested are different than current active one (requested -> active):
  custom:container-demuxer-ogg: 62fdf1f143b41e24485cea50d1cbac27 -> 
  custom:scripting/monoscript/fileName/MainMenuGUI.cs: 091df4f91c57b9accec9de62246fca77 -> 
  custom:video-codec-MediaFoundation-h265: 746d11721c4dcdbdad8f713fa42b33f4 -> 
  custom:video-decoder-ogg-theora: a1e56fd34408186e4bbccfd4996cb3dc -> 
  custom:scripting/monoscript/fileName/LoadScene.cs: 206f1b3f828a012e3128d4c1e305d0fb -> 
  custom:framework-win-MediaFoundation: 216162199b28c13a410421893ffa2e32 -> 
  custom:CustomObjectIndexerAttribute: 9a22284fe3817be447336de3de66b15e -> 
  custom:container-demuxer-webm: 4f35f7cbe854078d1ac9338744f61a02 -> 
  custom:container-muxer-webm: aa71ff27fc2769a1b78a27578f13a17b -> 
  custom:video-decoder-webm-vp8: 9c59270c3fd7afecdb556c50c9e8de78 -> 
  custom:SearchIndexIgnoredProperties: e643bd26f0fe6173181afceb89e7c659 -> 
  custom:AudioImporter_EditorPlatform: d09bf68614088b80899f8185d706f6e7 -> 
  custom:scripting/monoscript/fileName/QuitGame.cs: 5096369e521a632ecaa19ef6bb193ad3 -> 
  custom:video-encoder-webm-vp8: eb34c28f22e8b96e1ab97ce403110664 -> 
  custom:audio-decoder-ogg-vorbis: bf7c407c2cedff20999df2af8eb42d56 -> 
  custom:scripting/monoscript/fileName/MainMenuBtns.cs: 7a4c553ed157df86ad49bd371125fa92 -> 
  custom:audio-encoder-webm-vorbis: bf7c407c2cedff20999df2af8eb42d56 -> 
  custom:scripting/precompiled-assembly-types:Assembly-CSharp: cc78e7139ed87f8074cf82bb80588514 -> 51bdbbc7743e4ed3f8333c67aed2824c
========================================================================
Received Import Request.
  Time since last request: 4.016823 seconds.
  path: Assets/MyAssets/Scripts/MainMenuGUI.cs
  artifactKey: Guid(d73fc3dd3719f874db98b86eec55f97d) Importer(815301076,1909f56bfc062723c751e8b465ee728b)
Start importing Assets/MyAssets/Scripts/MainMenuGUI.cs using Guid(d73fc3dd3719f874db98b86eec55f97d) Importer(815301076,1909f56bfc062723c751e8b465ee728b) [PhysX] Initialized MultithreadedTaskDispatcher with 32 workers.
 -> (artifact id: '6da42093b078f7a1a20c8b716d5c68a5') in 0.003460 seconds
Number of updated asset objects reloaded before import = 0
Number of asset objects unloaded after import = 0
========================================================================
Received Import Request.
  Time since last request: 15.696170 seconds.
  path: Assets/MyAssets/Scripts/MainMenuGUI.cs
  artifactKey: Guid(d73fc3dd3719f874db98b86eec55f97d) Importer(815301076,1909f56bfc062723c751e8b465ee728b)
Start importing Assets/MyAssets/Scripts/MainMenuGUI.cs using Guid(d73fc3dd3719f874db98b86eec55f97d) Importer(815301076,1909f56bfc062723c751e8b465ee728b) [PhysX] Initialized MultithreadedTaskDispatcher with 32 workers.
 -> (artifact id: 'b72b31d4f5f979667c841d3b32f2b79e') in 0.000545 seconds
Number of updated asset objects reloaded before import = 0
Number of asset objects unloaded after import = 0
========================================================================
Received Import Request.
  Time since last request: 10.416360 seconds.
  path: Assets/MyAssets/Scripts/MainMenuGUI.cs
  artifactKey: Guid(d73fc3dd3719f874db98b86eec55f97d) Importer(815301076,1909f56bfc062723c751e8b465ee728b)
Start importing Assets/MyAssets/Scripts/MainMenuGUI.cs using Guid(d73fc3dd3719f874db98b86eec55f97d) Importer(815301076,1909f56bfc062723c751e8b465ee728b) [PhysX] Initialized MultithreadedTaskDispatcher with 32 workers.
 -> (artifact id: '242f77da33d84b8dca2b54ecf4157055') in 0.000600 seconds
Number of updated asset objects reloaded before import = 0
Number of asset objects unloaded after import = 0
========================================================================
Received Import Request.
  Time since last request: 36.273735 seconds.
  path: Assets/MyAssets/Scripts/MainMenuGUI.cs
  artifactKey: Guid(d73fc3dd3719f874db98b86eec55f97d) Importer(815301076,1909f56bfc062723c751e8b465ee728b)
Start importing Assets/MyAssets/Scripts/MainMenuGUI.cs using Guid(d73fc3dd3719f874db98b86eec55f97d) Importer(815301076,1909f56bfc062723c751e8b465ee728b) [PhysX] Initialized MultithreadedTaskDispatcher with 32 workers.
 -> (artifact id: '8706f572b705781ac4f8e528c7374a84') in 0.000481 seconds
Number of updated asset objects reloaded before import = 0
Number of asset objects unloaded after import = 0
========================================================================
Received Import Request.
  Time since last request: 30.067822 seconds.
  path: Assets/MyAssets/Scripts/MainMenuGUI.cs
  artifactKey: Guid(d73fc3dd3719f874db98b86eec55f97d) Importer(815301076,1909f56bfc062723c751e8b465ee728b)
Start importing Assets/MyAssets/Scripts/MainMenuGUI.cs using Guid(d73fc3dd3719f874db98b86eec55f97d) Importer(815301076,1909f56bfc062723c751e8b465ee728b) [PhysX] Initialized MultithreadedTaskDispatcher with 32 workers.
 -> (artifact id: '85f8ba8a4e6120e08219e6984488c2f4') in 0.000632 seconds
Number of updated asset objects reloaded before import = 0
Number of asset objects unloaded after import = 0
========================================================================
Received Import Request.
  Time since last request: 58.326335 seconds.
  path: Assets/MyAssets/Scripts/MainMenuGUI.cs
  artifactKey: Guid(d73fc3dd3719f874db98b86eec55f97d) Importer(815301076,1909f56bfc062723c751e8b465ee728b)
Start importing Assets/MyAssets/Scripts/MainMenuGUI.cs using Guid(d73fc3dd3719f874db98b86eec55f97d) Importer(815301076,1909f56bfc062723c751e8b465ee728b) [PhysX] Initialized MultithreadedTaskDispatcher with 32 workers.
 -> (artifact id: 'a1f3b45519c299247638beabbd4a2748') in 0.000574 seconds
Number of updated asset objects reloaded before import = 0
Number of asset objects unloaded after import = 0
========================================================================
Received Import Request.
  Time since last request: 11.748471 seconds.
  path: Assets/MyAssets/Scripts/MainMenuGUI.cs
  artifactKey: Guid(d73fc3dd3719f874db98b86eec55f97d) Importer(815301076,1909f56bfc062723c751e8b465ee728b)
Start importing Assets/MyAssets/Scripts/MainMenuGUI.cs using Guid(d73fc3dd3719f874db98b86eec55f97d) Importer(815301076,1909f56bfc062723c751e8b465ee728b) [PhysX] Initialized MultithreadedTaskDispatcher with 32 workers.
 -> (artifact id: '8476ae519582ccb75620b25ce6a1c407') in 0.000573 seconds
Number of updated asset objects reloaded before import = 0
Number of asset objects unloaded after import = 0
========================================================================
Received Import Request.
  Time since last request: 7.633504 seconds.
  path: Assets/MyAssets/Scripts/MainMenuGUI.cs
  artifactKey: Guid(d73fc3dd3719f874db98b86eec55f97d) Importer(815301076,1909f56bfc062723c751e8b465ee728b)
Start importing Assets/MyAssets/Scripts/MainMenuGUI.cs using Guid(d73fc3dd3719f874db98b86eec55f97d) Importer(815301076,1909f56bfc062723c751e8b465ee728b) [PhysX] Initialized MultithreadedTaskDispatcher with 32 workers.
 -> (artifact id: '6f92bd68fc22331c60e1907b020883f2') in 0.000481 seconds
Number of updated asset objects reloaded before import = 0
Number of asset objects unloaded after import = 0
========================================================================
Received Import Request.
  Time since last request: 30.391164 seconds.
  path: Assets/MyAssets/Scripts/MainMenuGUI.cs
  artifactKey: Guid(d73fc3dd3719f874db98b86eec55f97d) Importer(815301076,1909f56bfc062723c751e8b465ee728b)
Start importing Assets/MyAssets/Scripts/MainMenuGUI.cs using Guid(d73fc3dd3719f874db98b86eec55f97d) Importer(815301076,1909f56bfc062723c751e8b465ee728b) [PhysX] Initialized MultithreadedTaskDispatcher with 32 workers.
 -> (artifact id: '4ba93b49a3cb0e0f0b7168bf6da65243') in 0.000494 seconds
Number of updated asset objects reloaded before import = 0
Number of asset objects unloaded after import = 0
========================================================================
Received Import Request.
  Time since last request: 16.516419 seconds.
  path: Assets/MyAssets/Scripts/MainMenuGUI.cs
  artifactKey: Guid(d73fc3dd3719f874db98b86eec55f97d) Importer(815301076,1909f56bfc062723c751e8b465ee728b)
Start importing Assets/MyAssets/Scripts/MainMenuGUI.cs using Guid(d73fc3dd3719f874db98b86eec55f97d) Importer(815301076,1909f56bfc062723c751e8b465ee728b) [PhysX] Initialized MultithreadedTaskDispatcher with 32 workers.
 -> (artifact id: '4090cb8d5e70b846fb8c08dcb7d21eb6') in 0.000541 seconds
Number of updated asset objects reloaded before import = 0
Number of asset objects unloaded after import = 0
========================================================================
Received Import Request.
  Time since last request: 1.275953 seconds.
  path: Assets/MyAssets/Scripts/MainMenuGUI.cs
  artifactKey: Guid(d73fc3dd3719f874db98b86eec55f97d) Importer(815301076,1909f56bfc062723c751e8b465ee728b)
Start importing Assets/MyAssets/Scripts/MainMenuGUI.cs using Guid(d73fc3dd3719f874db98b86eec55f97d) Importer(815301076,1909f56bfc062723c751e8b465ee728b) [PhysX] Initialized MultithreadedTaskDispatcher with 32 workers.
 -> (artifact id: '9b9de02e410035eef583d53aebb31720') in 0.000576 seconds
Number of updated asset objects reloaded before import = 0
Number of asset objects unloaded after import = 0
========================================================================
Received Prepare
Caller must complete domain reload
Begin MonoManager ReloadAssembly
- Loaded All Assemblies, in  0.305 seconds
Native extension for WindowsStandalone target not found
[Package Manager] Server::EnsureServerProcessIsRunning -- launch failed, reason: Unity was launched with the -noUpm command-line argument
[Package Manager] UpmClient::Send -- Unable to send message (not connected to UPM process).
[Package Manager] Cannot connect to Unity Package Manager local server
Mono: successfully reloaded assembly
- Finished resetting the current domain, in  0.514 seconds
Domain Reload Profiling: 818ms
	BeginReloadAssembly (113ms)
		ExecutionOrderSort (0ms)
		DisableScriptedObjects (3ms)
		BackupInstance (0ms)
		ReleaseScriptingObjects (0ms)
		CreateAndSetChildDomain (27ms)
	RebuildCommonClasses (21ms)
	RebuildNativeTypeToScriptingClass (9ms)
	initialDomainReloadingComplete (19ms)
	LoadAllAssembliesAndSetupDomain (142ms)
		LoadAssemblies (182ms)
		RebuildTransferFunctionScriptingTraits (0ms)
		AnalyzeDomain (18ms)
			TypeCache.Refresh (8ms)
				TypeCache.ScanAssembly (0ms)
			ScanForSourceGeneratedMonoScriptInfo (5ms)
			ResolveRequiredComponents (4ms)
	FinalizeReload (514ms)
		ReleaseScriptCaches (0ms)
		RebuildScriptCaches (0ms)
		SetupLoadedEditorAssemblies (285ms)
			LogAssemblyErrors (0ms)
			InitializePlatformSupportModulesInManaged (4ms)
			SetLoadedEditorAssemblies (2ms)
			RefreshPlugins (0ms)
			BeforeProcessingInitializeOnLoad (37ms)
			ProcessInitializeOnLoadAttributes (225ms)
			ProcessInitializeOnLoadMethodAttributes (14ms)
			AfterProcessingInitializeOnLoad (3ms)
			EditorAssembliesLoaded (0ms)
		ExecutionOrderSort2 (0ms)
		AwakeInstancesAfterBackupRestoration (5ms)
Refreshing native plugins compatible for Editor in 1.05 ms, found 3 plugins.
Preloading 0 native plugins for Editor in 0.00 ms.
Unloading 3151 Unused Serialized files (Serialized files now loaded: 0)
Unloading 16 unused Assets / (349.4 KB). Loaded Objects now: 3787.
Memory consumption went from 138.7 MB to 138.4 MB.
Total: 2.587300 ms (FindLiveObjects: 0.183100 ms CreateObjectMapping: 0.053100 ms MarkObjects: 2.182200 ms  DeleteObjects: 0.167400 ms)

Prepare: number of updated asset objects reloaded= 0
AssetImportParameters requested are different than current active one (requested -> active):
  custom:container-demuxer-ogg: 62fdf1f143b41e24485cea50d1cbac27 -> 
  custom:scripting/monoscript/fileName/MainMenuGUI.cs: 091df4f91c57b9accec9de62246fca77 -> 
  custom:video-codec-MediaFoundation-h265: 746d11721c4dcdbdad8f713fa42b33f4 -> 
  custom:video-decoder-ogg-theora: a1e56fd34408186e4bbccfd4996cb3dc -> 
  custom:scripting/monoscript/fileName/LoadScene.cs: 206f1b3f828a012e3128d4c1e305d0fb -> 
  custom:framework-win-MediaFoundation: 216162199b28c13a410421893ffa2e32 -> 
  custom:CustomObjectIndexerAttribute: 9a22284fe3817be447336de3de66b15e -> 
  custom:container-demuxer-webm: 4f35f7cbe854078d1ac9338744f61a02 -> 
  custom:container-muxer-webm: aa71ff27fc2769a1b78a27578f13a17b -> 
  custom:video-decoder-webm-vp8: 9c59270c3fd7afecdb556c50c9e8de78 -> 
  custom:SearchIndexIgnoredProperties: e643bd26f0fe6173181afceb89e7c659 -> 
  custom:AudioImporter_EditorPlatform: d09bf68614088b80899f8185d706f6e7 -> 
  custom:scripting/monoscript/fileName/QuitGame.cs: 5096369e521a632ecaa19ef6bb193ad3 -> 
  custom:video-encoder-webm-vp8: eb34c28f22e8b96e1ab97ce403110664 -> 
  custom:audio-decoder-ogg-vorbis: bf7c407c2cedff20999df2af8eb42d56 -> 
  custom:scripting/monoscript/fileName/MainMenuBtns.cs: 7a4c553ed157df86ad49bd371125fa92 -> 
  custom:audio-encoder-webm-vorbis: bf7c407c2cedff20999df2af8eb42d56 -> 
  custom:scripting/precompiled-assembly-types:Assembly-CSharp: cc78e7139ed87f8074cf82bb80588514 -> 51bdbbc7743e4ed3f8333c67aed2824c
========================================================================
Received Import Request.
  Time since last request: 21.753507 seconds.
  path: Assets/MyAssets/Scripts/MainMenuBtns.cs
  artifactKey: Guid(18d35bf9221cc0846aada5fd27081023) Importer(815301076,1909f56bfc062723c751e8b465ee728b)
Start importing Assets/MyAssets/Scripts/MainMenuBtns.cs using Guid(18d35bf9221cc0846aada5fd27081023) Importer(815301076,1909f56bfc062723c751e8b465ee728b) [PhysX] Initialized MultithreadedTaskDispatcher with 32 workers.
 -> (artifact id: 'cd386cf7a64532ecac14bac704f6e881') in 0.004847 seconds
Number of updated asset objects reloaded before import = 0
Number of asset objects unloaded after import = 0
========================================================================
Received Prepare
Caller must complete domain reload
Begin MonoManager ReloadAssembly
- Loaded All Assemblies, in  0.323 seconds
Native extension for WindowsStandalone target not found
[Package Manager] Server::EnsureServerProcessIsRunning -- launch failed, reason: Unity was launched with the -noUpm command-line argument
[Package Manager] UpmClient::Send -- Unable to send message (not connected to UPM process).
[Package Manager] Cannot connect to Unity Package Manager local server
Mono: successfully reloaded assembly
- Finished resetting the current domain, in  0.508 seconds
Domain Reload Profiling: 831ms
	BeginReloadAssembly (105ms)
		ExecutionOrderSort (0ms)
		DisableScriptedObjects (3ms)
		BackupInstance (0ms)
		ReleaseScriptingObjects (0ms)
		CreateAndSetChildDomain (21ms)
	RebuildCommonClasses (23ms)
	RebuildNativeTypeToScriptingClass (6ms)
	initialDomainReloadingComplete (17ms)
	LoadAllAssembliesAndSetupDomain (170ms)
		LoadAssemblies (210ms)
		RebuildTransferFunctionScriptingTraits (0ms)
		AnalyzeDomain (19ms)
			TypeCache.Refresh (8ms)
				TypeCache.ScanAssembly (0ms)
			ScanForSourceGeneratedMonoScriptInfo (5ms)
			ResolveRequiredComponents (4ms)
	FinalizeReload (509ms)
		ReleaseScriptCaches (0ms)
		RebuildScriptCaches (0ms)
		SetupLoadedEditorAssemblies (283ms)
			LogAssemblyErrors (0ms)
			InitializePlatformSupportModulesInManaged (4ms)
			SetLoadedEditorAssemblies (2ms)
			RefreshPlugins (0ms)
			BeforeProcessingInitializeOnLoad (36ms)
			ProcessInitializeOnLoadAttributes (223ms)
			ProcessInitializeOnLoadMethodAttributes (14ms)
			AfterProcessingInitializeOnLoad (4ms)
			EditorAssembliesLoaded (0ms)
		ExecutionOrderSort2 (0ms)
		AwakeInstancesAfterBackupRestoration (6ms)
Refreshing native plugins compatible for Editor in 1.07 ms, found 3 plugins.
Preloading 0 native plugins for Editor in 0.00 ms.
Unloading 3151 Unused Serialized files (Serialized files now loaded: 0)
Unloading 16 unused Assets / (373.6 KB). Loaded Objects now: 3790.
Memory consumption went from 138.7 MB to 138.4 MB.
Total: 2.969100 ms (FindLiveObjects: 0.169600 ms CreateObjectMapping: 0.050600 ms MarkObjects: 2.561400 ms  DeleteObjects: 0.186700 ms)

Prepare: number of updated asset objects reloaded= 0
AssetImportParameters requested are different than current active one (requested -> active):
  custom:container-demuxer-ogg: 62fdf1f143b41e24485cea50d1cbac27 -> 
  custom:scripting/monoscript/fileName/MainMenuGUI.cs: 091df4f91c57b9accec9de62246fca77 -> 
  custom:video-codec-MediaFoundation-h265: 746d11721c4dcdbdad8f713fa42b33f4 -> 
  custom:video-decoder-ogg-theora: a1e56fd34408186e4bbccfd4996cb3dc -> 
  custom:scripting/monoscript/fileName/LoadScene.cs: 206f1b3f828a012e3128d4c1e305d0fb -> 
  custom:framework-win-MediaFoundation: 216162199b28c13a410421893ffa2e32 -> 
  custom:CustomObjectIndexerAttribute: 9a22284fe3817be447336de3de66b15e -> 
  custom:container-demuxer-webm: 4f35f7cbe854078d1ac9338744f61a02 -> 
  custom:container-muxer-webm: aa71ff27fc2769a1b78a27578f13a17b -> 
  custom:video-decoder-webm-vp8: 9c59270c3fd7afecdb556c50c9e8de78 -> 
  custom:SearchIndexIgnoredProperties: e643bd26f0fe6173181afceb89e7c659 -> 
  custom:AudioImporter_EditorPlatform: d09bf68614088b80899f8185d706f6e7 -> 
  custom:scripting/monoscript/fileName/QuitGame.cs: 5096369e521a632ecaa19ef6bb193ad3 -> 
  custom:video-encoder-webm-vp8: eb34c28f22e8b96e1ab97ce403110664 -> 
  custom:audio-decoder-ogg-vorbis: bf7c407c2cedff20999df2af8eb42d56 -> 
  custom:scripting/monoscript/fileName/MainMenuBtns.cs: 7a4c553ed157df86ad49bd371125fa92 -> 
  custom:audio-encoder-webm-vorbis: bf7c407c2cedff20999df2af8eb42d56 -> 
  custom:scripting/precompiled-assembly-types:Assembly-CSharp: cc78e7139ed87f8074cf82bb80588514 -> 51bdbbc7743e4ed3f8333c67aed2824c
========================================================================
Received Import Request.
  Time since last request: 29.533109 seconds.
  path: Assets/MyAssets/Scripts/MainMenuGUI.cs
  artifactKey: Guid(d73fc3dd3719f874db98b86eec55f97d) Importer(815301076,1909f56bfc062723c751e8b465ee728b)
Start importing Assets/MyAssets/Scripts/MainMenuGUI.cs using Guid(d73fc3dd3719f874db98b86eec55f97d) Importer(815301076,1909f56bfc062723c751e8b465ee728b) [PhysX] Initialized MultithreadedTaskDispatcher with 32 workers.
 -> (artifact id: '75235d53f5bf67ff993cd8d0181fa3c9') in 0.004202 seconds
Number of updated asset objects reloaded before import = 0
Number of asset objects unloaded after import = 0
========================================================================
Received Prepare
Caller must complete domain reload
Begin MonoManager ReloadAssembly
- Loaded All Assemblies, in  0.276 seconds
Native extension for WindowsStandalone target not found
[Package Manager] Server::EnsureServerProcessIsRunning -- launch failed, reason: Unity was launched with the -noUpm command-line argument
[Package Manager] UpmClient::Send -- Unable to send message (not connected to UPM process).
[Package Manager] Cannot connect to Unity Package Manager local server
Mono: successfully reloaded assembly
- Finished resetting the current domain, in  0.570 seconds
Domain Reload Profiling: 846ms
	BeginReloadAssembly (100ms)
		ExecutionOrderSort (0ms)
		DisableScriptedObjects (3ms)
		BackupInstance (0ms)
		ReleaseScriptingObjects (0ms)
		CreateAndSetChildDomain (21ms)
	RebuildCommonClasses (21ms)
	RebuildNativeTypeToScriptingClass (6ms)
	initialDomainReloadingComplete (18ms)
	LoadAllAssembliesAndSetupDomain (131ms)
		LoadAssemblies (174ms)
		RebuildTransferFunctionScriptingTraits (0ms)
		AnalyzeDomain (10ms)
			TypeCache.Refresh (4ms)
				TypeCache.ScanAssembly (0ms)
			ScanForSourceGeneratedMonoScriptInfo (0ms)
			ResolveRequiredComponents (4ms)
	FinalizeReload (570ms)
		ReleaseScriptCaches (0ms)
		RebuildScriptCaches (0ms)
		SetupLoadedEditorAssemblies (349ms)
			LogAssemblyErrors (0ms)
			InitializePlatformSupportModulesInManaged (4ms)
			SetLoadedEditorAssemblies (2ms)
			RefreshPlugins (0ms)
			BeforeProcessingInitializeOnLoad (40ms)
			ProcessInitializeOnLoadAttributes (280ms)
			ProcessInitializeOnLoadMethodAttributes (18ms)
			AfterProcessingInitializeOnLoad (4ms)
			EditorAssembliesLoaded (0ms)
		ExecutionOrderSort2 (0ms)
		AwakeInstancesAfterBackupRestoration (6ms)
Refreshing native plugins compatible for Editor in 1.96 ms, found 3 plugins.
Preloading 0 native plugins for Editor in 0.00 ms.
Unloading 3151 Unused Serialized files (Serialized files now loaded: 0)
Unloading 16 unused Assets / (381.6 KB). Loaded Objects now: 3793.
Memory consumption went from 138.7 MB to 138.4 MB.
Total: 2.726500 ms (FindLiveObjects: 0.191300 ms CreateObjectMapping: 0.050600 ms MarkObjects: 2.240900 ms  DeleteObjects: 0.242600 ms)

Prepare: number of updated asset objects reloaded= 0
AssetImportParameters requested are different than current active one (requested -> active):
  custom:container-demuxer-ogg: 62fdf1f143b41e24485cea50d1cbac27 -> 
  custom:scripting/monoscript/fileName/MainMenuGUI.cs: 091df4f91c57b9accec9de62246fca77 -> 
  custom:video-codec-MediaFoundation-h265: 746d11721c4dcdbdad8f713fa42b33f4 -> 
  custom:video-decoder-ogg-theora: a1e56fd34408186e4bbccfd4996cb3dc -> 
  custom:scripting/monoscript/fileName/LoadScene.cs: 206f1b3f828a012e3128d4c1e305d0fb -> 
  custom:framework-win-MediaFoundation: 216162199b28c13a410421893ffa2e32 -> 
  custom:CustomObjectIndexerAttribute: 9a22284fe3817be447336de3de66b15e -> 
  custom:container-demuxer-webm: 4f35f7cbe854078d1ac9338744f61a02 -> 
  custom:container-muxer-webm: aa71ff27fc2769a1b78a27578f13a17b -> 
  custom:video-decoder-webm-vp8: 9c59270c3fd7afecdb556c50c9e8de78 -> 
  custom:SearchIndexIgnoredProperties: e643bd26f0fe6173181afceb89e7c659 -> 
  custom:AudioImporter_EditorPlatform: d09bf68614088b80899f8185d706f6e7 -> 
  custom:scripting/monoscript/fileName/QuitGame.cs: 5096369e521a632ecaa19ef6bb193ad3 -> 
  custom:video-encoder-webm-vp8: eb34c28f22e8b96e1ab97ce403110664 -> 
  custom:audio-decoder-ogg-vorbis: bf7c407c2cedff20999df2af8eb42d56 -> 
  custom:scripting/monoscript/fileName/MainMenuBtns.cs: 7a4c553ed157df86ad49bd371125fa92 -> 
  custom:audio-encoder-webm-vorbis: bf7c407c2cedff20999df2af8eb42d56 -> 
  custom:scripting/precompiled-assembly-types:Assembly-CSharp: cc78e7139ed87f8074cf82bb80588514 -> 51bdbbc7743e4ed3f8333c67aed2824c
========================================================================
Received Prepare
Caller must complete domain reload
Begin MonoManager ReloadAssembly
- Loaded All Assemblies, in  0.275 seconds
Native extension for WindowsStandalone target not found
[Package Manager] Server::EnsureServerProcessIsRunning -- launch failed, reason: Unity was launched with the -noUpm command-line argument
[Package Manager] UpmClient::Send -- Unable to send message (not connected to UPM process).
[Package Manager] Cannot connect to Unity Package Manager local server
Mono: successfully reloaded assembly
- Finished resetting the current domain, in  0.555 seconds
Domain Reload Profiling: 829ms
	BeginReloadAssembly (103ms)
		ExecutionOrderSort (0ms)
		DisableScriptedObjects (3ms)
		BackupInstance (0ms)
		ReleaseScriptingObjects (0ms)
		CreateAndSetChildDomain (22ms)
	RebuildCommonClasses (21ms)
	RebuildNativeTypeToScriptingClass (6ms)
	initialDomainReloadingComplete (17ms)
	LoadAllAssembliesAndSetupDomain (126ms)
		LoadAssemblies (169ms)
		RebuildTransferFunctionScriptingTraits (0ms)
		AnalyzeDomain (11ms)
			TypeCache.Refresh (4ms)
				TypeCache.ScanAssembly (0ms)
			ScanForSourceGeneratedMonoScriptInfo (0ms)
			ResolveRequiredComponents (4ms)
	FinalizeReload (555ms)
		ReleaseScriptCaches (0ms)
		RebuildScriptCaches (0ms)
		SetupLoadedEditorAssemblies (328ms)
			LogAssemblyErrors (0ms)
			InitializePlatformSupportModulesInManaged (4ms)
			SetLoadedEditorAssemblies (2ms)
			RefreshPlugins (0ms)
			BeforeProcessingInitializeOnLoad (38ms)
			ProcessInitializeOnLoadAttributes (259ms)
			ProcessInitializeOnLoadMethodAttributes (20ms)
			AfterProcessingInitializeOnLoad (5ms)
			EditorAssembliesLoaded (0ms)
		ExecutionOrderSort2 (0ms)
		AwakeInstancesAfterBackupRestoration (9ms)
Refreshing native plugins compatible for Editor in 1.64 ms, found 3 plugins.
Preloading 0 native plugins for Editor in 0.00 ms.
Unloading 3152 Unused Serialized files (Serialized files now loaded: 0)
Unloading 16 unused Assets / (373.4 KB). Loaded Objects now: 3796.
Memory consumption went from 139.0 MB to 138.6 MB.
Total: 3.524700 ms (FindLiveObjects: 0.375200 ms CreateObjectMapping: 0.061600 ms MarkObjects: 2.635200 ms  DeleteObjects: 0.451500 ms)

Prepare: number of updated asset objects reloaded= 0
AssetImportParameters requested are different than current active one (requested -> active):
  custom:container-demuxer-ogg: 62fdf1f143b41e24485cea50d1cbac27 -> 
  custom:scripting/monoscript/fileName/MainMenuGUI.cs: 091df4f91c57b9accec9de62246fca77 -> 
  custom:video-codec-MediaFoundation-h265: 746d11721c4dcdbdad8f713fa42b33f4 -> 
  custom:video-decoder-ogg-theora: a1e56fd34408186e4bbccfd4996cb3dc -> 
  custom:scripting/monoscript/fileName/LoadScene.cs: 206f1b3f828a012e3128d4c1e305d0fb -> 
  custom:framework-win-MediaFoundation: 216162199b28c13a410421893ffa2e32 -> 
  custom:CustomObjectIndexerAttribute: 9a22284fe3817be447336de3de66b15e -> 
  custom:container-demuxer-webm: 4f35f7cbe854078d1ac9338744f61a02 -> 
  custom:container-muxer-webm: aa71ff27fc2769a1b78a27578f13a17b -> 
  custom:video-decoder-webm-vp8: 9c59270c3fd7afecdb556c50c9e8de78 -> 
  custom:SearchIndexIgnoredProperties: e643bd26f0fe6173181afceb89e7c659 -> 
  custom:AudioImporter_EditorPlatform: d09bf68614088b80899f8185d706f6e7 -> 
  custom:scripting/monoscript/fileName/QuitGame.cs: 5096369e521a632ecaa19ef6bb193ad3 -> 
  custom:video-encoder-webm-vp8: eb34c28f22e8b96e1ab97ce403110664 -> 
  custom:audio-decoder-ogg-vorbis: bf7c407c2cedff20999df2af8eb42d56 -> 
  custom:scripting/monoscript/fileName/MainMenuBtns.cs: 7a4c553ed157df86ad49bd371125fa92 -> 
  custom:audio-encoder-webm-vorbis: bf7c407c2cedff20999df2af8eb42d56 -> 
  custom:scripting/precompiled-assembly-types:Assembly-CSharp: cc78e7139ed87f8074cf82bb80588514 -> 51bdbbc7743e4ed3f8333c67aed2824c
========================================================================
Received Import Request.
  Time since last request: 277.740450 seconds.
  path: Assets/MyAssets/GUI
  artifactKey: Guid(a700f610520aa72498f038f98fbac25b) Importer(815301076,1909f56bfc062723c751e8b465ee728b)
Start importing Assets/MyAssets/GUI using Guid(a700f610520aa72498f038f98fbac25b) Importer(815301076,1909f56bfc062723c751e8b465ee728b) [PhysX] Initialized MultithreadedTaskDispatcher with 32 workers.
 -> (artifact id: 'dd6004a707b5d4ac60a4f406f4d6e24c') in 0.007456 seconds
Number of updated asset objects reloaded before import = 0
Number of asset objects unloaded after import = 0
========================================================================
Received Import Request.
  Time since last request: 44.286990 seconds.
  path: Assets/MyAssets/GUI/Main Menu.guiskin
  artifactKey: Guid(10439ca1d55065d4595406bce1d8ca10) Importer(815301076,1909f56bfc062723c751e8b465ee728b)
Start importing Assets/MyAssets/GUI/Main Menu.guiskin using Guid(10439ca1d55065d4595406bce1d8ca10) Importer(815301076,1909f56bfc062723c751e8b465ee728b) [PhysX] Initialized MultithreadedTaskDispatcher with 32 workers.
 -> (artifact id: '39e34c194a6759f44527c94808b84a4e') in 0.011454 seconds
Number of updated asset objects reloaded before import = 0
Number of asset objects unloaded after import = 1
========================================================================
Received Import Request.
  Time since last request: 236.968350 seconds.
  path: Assets/MyAssets/Textures/guiBtnActive.png
  artifactKey: Guid(37fa7d19a5876fd469eaa4f88e639ff2) Importer(815301076,1909f56bfc062723c751e8b465ee728b)
Start importing Assets/MyAssets/Textures/guiBtnActive.png using Guid(37fa7d19a5876fd469eaa4f88e639ff2) Importer(815301076,1909f56bfc062723c751e8b465ee728b) [PhysX] Initialized MultithreadedTaskDispatcher with 32 workers.
[PhysX] Initialized MultithreadedTaskDispatcher with 32 workers.
 -> (artifact id: '1085b57a13855a377f30fdc1eaffbc12') in 0.061258 seconds
Number of updated asset objects reloaded before import = 0
Number of asset objects unloaded after import = 2
========================================================================
Received Import Request.
  Time since last request: 0.000017 seconds.
  path: Assets/MyAssets/Textures/guiBtnNormal.png
  artifactKey: Guid(42cb62487f85371428d6ea31121fd749) Importer(815301076,1909f56bfc062723c751e8b465ee728b)
Start importing Assets/MyAssets/Textures/guiBtnNormal.png using Guid(42cb62487f85371428d6ea31121fd749) Importer(815301076,1909f56bfc062723c751e8b465ee728b) [PhysX] Initialized MultithreadedTaskDispatcher with 32 workers.
[PhysX] Initialized MultithreadedTaskDispatcher with 32 workers.
 -> (artifact id: '5fef21f67d00e7ac1666b344346d1ef4') in 0.027115 seconds
Number of updated asset objects reloaded before import = 0
Number of asset objects unloaded after import = 2
========================================================================
Received Import Request.
  Time since last request: 6.402253 seconds.
  path: Assets/MyAssets/Textures/guiBtnActive.png
  artifactKey: Guid(37fa7d19a5876fd469eaa4f88e639ff2) Importer(815301076,1909f56bfc062723c751e8b465ee728b)
Start importing Assets/MyAssets/Textures/guiBtnActive.png using Guid(37fa7d19a5876fd469eaa4f88e639ff2) Importer(815301076,1909f56bfc062723c751e8b465ee728b) [PhysX] Initialized MultithreadedTaskDispatcher with 32 workers.
[PhysX] Initialized MultithreadedTaskDispatcher with 32 workers.
 -> (artifact id: '1b596135d13641efe7a4843a142d5995') in 0.045044 seconds
Number of updated asset objects reloaded before import = 0
Number of asset objects unloaded after import = 3
========================================================================
Received Import Request.
  Time since last request: 4.260787 seconds.
  path: Assets/MyAssets/Textures/guiBtnHover.png
  artifactKey: Guid(a3f9fef6b1523b84b872dbe1048be72f) Importer(815301076,1909f56bfc062723c751e8b465ee728b)
Start importing Assets/MyAssets/Textures/guiBtnHover.png using Guid(a3f9fef6b1523b84b872dbe1048be72f) Importer(815301076,1909f56bfc062723c751e8b465ee728b) [PhysX] Initialized MultithreadedTaskDispatcher with 32 workers.
[PhysX] Initialized MultithreadedTaskDispatcher with 32 workers.
 -> (artifact id: '10630f8feb7f8237d2fdf8765a061de7') in 0.015156 seconds
Number of updated asset objects reloaded before import = 0
Number of asset objects unloaded after import = 3
========================================================================
Received Import Request.
  Time since last request: 3.987271 seconds.
  path: Assets/MyAssets/Textures/guiBtnNormal.png
  artifactKey: Guid(42cb62487f85371428d6ea31121fd749) Importer(815301076,1909f56bfc062723c751e8b465ee728b)
Start importing Assets/MyAssets/Textures/guiBtnNormal.png using Guid(42cb62487f85371428d6ea31121fd749) Importer(815301076,1909f56bfc062723c751e8b465ee728b) [PhysX] Initialized MultithreadedTaskDispatcher with 32 workers.
[PhysX] Initialized MultithreadedTaskDispatcher with 32 workers.
 -> (artifact id: 'ad4beeb0c139d97cc1cd898c1e6c5a2f') in 0.016049 seconds
Number of updated asset objects reloaded before import = 0
Number of asset objects unloaded after import = 3
========================================================================
Received Import Request.
  Time since last request: 16.288870 seconds.
  path: Assets/Book Assets/Models/campfire.fbm/bark_1.jpg
  artifactKey: Guid(29926914dc23f461191b3d027274b1c6) Importer(815301076,1909f56bfc062723c751e8b465ee728b)
Start importing Assets/Book Assets/Models/campfire.fbm/bark_1.jpg using Guid(29926914dc23f461191b3d027274b1c6) Importer(815301076,1909f56bfc062723c751e8b465ee728b) [PhysX] Initialized MultithreadedTaskDispatcher with 32 workers.
[PhysX] Initialized MultithreadedTaskDispatcher with 32 workers.
 -> (artifact id: '4702f1caf8811075b41fce517d3d2135') in 0.015839 seconds
Number of updated asset objects reloaded before import = 0
Number of asset objects unloaded after import = 2
========================================================================
Received Import Request.
  Time since last request: 0.000016 seconds.
  path: Assets/Standard Assets/CrossPlatformInput/Sprites/ButtonAcceleratorOverSprite.png
  artifactKey: Guid(eb5f6e2757c821940b69cf1456f7865a) Importer(815301076,1909f56bfc062723c751e8b465ee728b)
Start importing Assets/Standard Assets/CrossPlatformInput/Sprites/ButtonAcceleratorOverSprite.png using Guid(eb5f6e2757c821940b69cf1456f7865a) Importer(815301076,1909f56bfc062723c751e8b465ee728b) [PhysX] Initialized MultithreadedTaskDispatcher with 32 workers.
[PhysX] Initialized MultithreadedTaskDispatcher with 32 workers.
 -> (artifact id: '9c7b3c093c9dfc1a7e716bd0e09ae155') in 0.015270 seconds
Number of updated asset objects reloaded before import = 0
Number of asset objects unloaded after import = 3
========================================================================
Received Import Request.
  Time since last request: 0.000025 seconds.
  path: Assets/Standard Assets/CrossPlatformInput/Sprites/ButtonArrowOverSprite.png
  artifactKey: Guid(49b611e658efbf443b686a4036f74fe3) Importer(815301076,1909f56bfc062723c751e8b465ee728b)
Start importing Assets/Standard Assets/CrossPlatformInput/Sprites/ButtonArrowOverSprite.png using Guid(49b611e658efbf443b686a4036f74fe3) Importer(815301076,1909f56bfc062723c751e8b465ee728b) [PhysX] Initialized MultithreadedTaskDispatcher with 32 workers.
[PhysX] Initialized MultithreadedTaskDispatcher with 32 workers.
 -> (artifact id: '54126835ee8c02d14f77dbcdf2330429') in 0.015499 seconds
Number of updated asset objects reloaded before import = 0
Number of asset objects unloaded after import = 3
========================================================================
Received Import Request.
  Time since last request: 5.663786 seconds.
  path: Assets/Standard Assets/CrossPlatformInput/Sprites/ButtonBrakeOverSprite.png
  artifactKey: Guid(5b1a64ea234fb2343b8d0686c51280de) Importer(815301076,1909f56bfc062723c751e8b465ee728b)
Start importing Assets/Standard Assets/CrossPlatformInput/Sprites/ButtonBrakeOverSprite.png using Guid(5b1a64ea234fb2343b8d0686c51280de) Importer(815301076,1909f56bfc062723c751e8b465ee728b) [PhysX] Initialized MultithreadedTaskDispatcher with 32 workers.
[PhysX] Initialized MultithreadedTaskDispatcher with 32 workers.
 -> (artifact id: 'a95ca54f16ed2cf2d3626c08017aaf77') in 0.026215 seconds
Number of updated asset objects reloaded before import = 0
Number of asset objects unloaded after import = 3
========================================================================
Received Import Request.
  Time since last request: 0.000117 seconds.
  path: Assets/Standard Assets/CrossPlatformInput/Sprites/ButtonCameraCycleUpSprite.png
  artifactKey: Guid(a3983c59ebf804b4abba687bd7c9e92f) Importer(815301076,1909f56bfc062723c751e8b465ee728b)
Start importing Assets/Standard Assets/CrossPlatformInput/Sprites/ButtonCameraCycleUpSprite.png using Guid(a3983c59ebf804b4abba687bd7c9e92f) Importer(815301076,1909f56bfc062723c751e8b465ee728b) [PhysX] Initialized MultithreadedTaskDispatcher with 32 workers.
[PhysX] Initialized MultithreadedTaskDispatcher with 32 workers.
 -> (artifact id: '1dab5487545456e75c8607feb8c18b8d') in 0.025597 seconds
Number of updated asset objects reloaded before import = 0
Number of asset objects unloaded after import = 3
========================================================================
Received Import Request.
  Time since last request: 0.036067 seconds.
  path: Assets/Standard Assets/CrossPlatformInput/Sprites/ButtonSpacebarSprite.png
  artifactKey: Guid(3d8675433a508ec47b8f895201eacf20) Importer(815301076,1909f56bfc062723c751e8b465ee728b)
Start importing Assets/Standard Assets/CrossPlatformInput/Sprites/ButtonSpacebarSprite.png using Guid(3d8675433a508ec47b8f895201eacf20) Importer(815301076,1909f56bfc062723c751e8b465ee728b) [PhysX] Initialized MultithreadedTaskDispatcher with 32 workers.
[PhysX] Initialized MultithreadedTaskDispatcher with 32 workers.
 -> (artifact id: 'a4824767a63c87edde6c6d54f1c4d1a2') in 0.041915 seconds
Number of updated asset objects reloaded before import = 0
Number of asset objects unloaded after import = 3
========================================================================
Received Import Request.
  Time since last request: 0.011332 seconds.
  path: Assets/Standard Assets/CrossPlatformInput/Sprites/ButtonThumbstickUpSprite.png
  artifactKey: Guid(9866a92691696b346901281f2b329034) Importer(815301076,1909f56bfc062723c751e8b465ee728b)
Start importing Assets/Standard Assets/CrossPlatformInput/Sprites/ButtonThumbstickUpSprite.png using Guid(9866a92691696b346901281f2b329034) Importer(815301076,1909f56bfc062723c751e8b465ee728b) [PhysX] Initialized MultithreadedTaskDispatcher with 32 workers.
[PhysX] Initialized MultithreadedTaskDispatcher with 32 workers.
 -> (artifact id: 'd2ae809e7887234de5c3bbf5222a01e4') in 0.023166 seconds
Number of updated asset objects reloaded before import = 0
Number of asset objects unloaded after import = 3
========================================================================
Received Import Request.
  Time since last request: 0.015093 seconds.
  path: Assets/Standard Assets/CrossPlatformInput/Sprites/ButtonTimescaleSlowUpSprite.png
  artifactKey: Guid(9d7c6e4896067aa4fa512a00f692ac1c) Importer(815301076,1909f56bfc062723c751e8b465ee728b)
Start importing Assets/Standard Assets/CrossPlatformInput/Sprites/ButtonTimescaleSlowUpSprite.png using Guid(9d7c6e4896067aa4fa512a00f692ac1c) Importer(815301076,1909f56bfc062723c751e8b465ee728b) [PhysX] Initialized MultithreadedTaskDispatcher with 32 workers.
[PhysX] Initialized MultithreadedTaskDispatcher with 32 workers.
 -> (artifact id: 'f40e5bd1c63823ed6690b4180242bf03') in 0.042611 seconds
Number of updated asset objects reloaded before import = 0
Number of asset objects unloaded after import = 3
========================================================================
Received Import Request.
  Time since last request: 0.308266 seconds.
  path: Assets/Standard Assets/Effects/TessellationShaders/Textures/CliffHeight.png
  artifactKey: Guid(17da6d53ec93a0444bd0f751b1d02477) Importer(815301076,1909f56bfc062723c751e8b465ee728b)
Start importing Assets/Standard Assets/Effects/TessellationShaders/Textures/CliffHeight.png using Guid(17da6d53ec93a0444bd0f751b1d02477) Importer(815301076,1909f56bfc062723c751e8b465ee728b) [PhysX] Initialized MultithreadedTaskDispatcher with 32 workers.
[PhysX] Initialized MultithreadedTaskDispatcher with 32 workers.
 -> (artifact id: 'beddd1b5926b0b70e715a6fc1cd9438c') in 0.025919 seconds
Number of updated asset objects reloaded before import = 0
Number of asset objects unloaded after import = 2
========================================================================
Received Import Request.
  Time since last request: 0.026492 seconds.
  path: Assets/TextMesh Pro/Sprites/EmojiOne.png
  artifactKey: Guid(dffef66376be4fa480fb02b19edbe903) Importer(815301076,1909f56bfc062723c751e8b465ee728b)
Start importing Assets/TextMesh Pro/Sprites/EmojiOne.png using Guid(dffef66376be4fa480fb02b19edbe903) Importer(815301076,1909f56bfc062723c751e8b465ee728b) [PhysX] Initialized MultithreadedTaskDispatcher with 32 workers.
[PhysX] Initialized MultithreadedTaskDispatcher with 32 workers.
 -> (artifact id: 'abbe8ef07d5373c25f1cb4447132aaa7') in 0.018201 seconds
Number of updated asset objects reloaded before import = 0
Number of asset objects unloaded after import = 2
========================================================================
Received Import Request.
  Time since last request: 0.712750 seconds.
  path: Assets/Standard Assets/Effects/Projectors/Textures/Falloff.psd
  artifactKey: Guid(23740055e2b119e40a939138ab8070f8) Importer(815301076,1909f56bfc062723c751e8b465ee728b)
Start importing Assets/Standard Assets/Effects/Projectors/Textures/Falloff.psd using Guid(23740055e2b119e40a939138ab8070f8) Importer(815301076,1909f56bfc062723c751e8b465ee728b) [PhysX] Initialized MultithreadedTaskDispatcher with 32 workers.
[PhysX] Initialized MultithreadedTaskDispatcher with 32 workers.
 -> (artifact id: 'b0c7dd0cd94bc185880eaa7e9756b7db') in 0.023154 seconds
Number of updated asset objects reloaded before import = 0
Number of asset objects unloaded after import = 2
========================================================================
Received Import Request.
  Time since last request: 0.000015 seconds.
  path: Assets/Standard Assets/Effects/LightFlares/Textures/FlareStar.psd
  artifactKey: Guid(51dc82ef9d11c594d000e7c9e39e7c39) Importer(815301076,1909f56bfc062723c751e8b465ee728b)
Start importing Assets/Standard Assets/Effects/LightFlares/Textures/FlareStar.psd using Guid(51dc82ef9d11c594d000e7c9e39e7c39) Importer(815301076,1909f56bfc062723c751e8b465ee728b) [PhysX] Initialized MultithreadedTaskDispatcher with 32 workers.
[PhysX] Initialized MultithreadedTaskDispatcher with 32 workers.
 -> (artifact id: '617bd0035c9950996bd3a8963a47fadb') in 0.020743 seconds
Number of updated asset objects reloaded before import = 0
Number of asset objects unloaded after import = 2
========================================================================
Received Import Request.
  Time since last request: 0.008633 seconds.
  path: Assets/Standard Assets/Effects/LightCookies/Textures/FlashlightIrregularCookie.tif
  artifactKey: Guid(641bb2dce818a8a499b537a1963889ac) Importer(815301076,1909f56bfc062723c751e8b465ee728b)
Start importing Assets/Standard Assets/Effects/LightCookies/Textures/FlashlightIrregularCookie.tif using Guid(641bb2dce818a8a499b537a1963889ac) Importer(815301076,1909f56bfc062723c751e8b465ee728b) [PhysX] Initialized MultithreadedTaskDispatcher with 32 workers.
[PhysX] Initialized MultithreadedTaskDispatcher with 32 workers.
 -> (artifact id: 'ce514b3deb9e8d9f80b0c6948544349d') in 0.018857 seconds
Number of updated asset objects reloaded before import = 0
Number of asset objects unloaded after import = 2
========================================================================
Received Import Request.
  Time since last request: 0.592802 seconds.
  path: Assets/Standard Assets/Effects/GlassRefraction/Textures/GlassStainedAlbedo.tif
  artifactKey: Guid(19555d7d9d114c7f1100f5ab44295342) Importer(815301076,1909f56bfc062723c751e8b465ee728b)
Start importing Assets/Standard Assets/Effects/GlassRefraction/Textures/GlassStainedAlbedo.tif using Guid(19555d7d9d114c7f1100f5ab44295342) Importer(815301076,1909f56bfc062723c751e8b465ee728b) [PhysX] Initialized MultithreadedTaskDispatcher with 32 workers.
[PhysX] Initialized MultithreadedTaskDispatcher with 32 workers.
 -> (artifact id: 'acbbaa37a69895d74a024e5d93fc9b06') in 0.017101 seconds
Number of updated asset objects reloaded before import = 0
Number of asset objects unloaded after import = 2
========================================================================
Received Import Request.
  Time since last request: 0.382060 seconds.
  path: Assets/Standard Assets/Effects/Projectors/Textures/Grid.psd
  artifactKey: Guid(529239097d02f9f42b0ddd436c6fcbb0) Importer(815301076,1909f56bfc062723c751e8b465ee728b)
Start importing Assets/Standard Assets/Effects/Projectors/Textures/Grid.psd using Guid(529239097d02f9f42b0ddd436c6fcbb0) Importer(815301076,1909f56bfc062723c751e8b465ee728b) [PhysX] Initialized MultithreadedTaskDispatcher with 32 workers.
[PhysX] Initialized MultithreadedTaskDispatcher with 32 workers.
 -> (artifact id: '5d5ff02e3ebacec08bfa178b543ab593') in 0.025860 seconds
Number of updated asset objects reloaded before import = 0
Number of asset objects unloaded after import = 2
========================================================================
Received Import Request.
  Time since last request: 1.921926 seconds.
  path: Packages/com.unity.testtools.codecoverage/Editor/Icons/CodeCoverage.png
  artifactKey: Guid(5e4d1277a09266944b3431a0a44d0862) Importer(815301076,1909f56bfc062723c751e8b465ee728b)
Start importing Packages/com.unity.testtools.codecoverage/Editor/Icons/CodeCoverage.png using Guid(5e4d1277a09266944b3431a0a44d0862) Importer(815301076,1909f56bfc062723c751e8b465ee728b) [PhysX] Initialized MultithreadedTaskDispatcher with 32 workers.
[PhysX] Initialized MultithreadedTaskDispatcher with 32 workers.
 -> (artifact id: 'c57dabf8a282ef4536e1a7b7162a82de') in 0.024938 seconds
Number of updated asset objects reloaded before import = 0
Number of asset objects unloaded after import = 2
========================================================================
Received Import Request.
  Time since last request: 1.201900 seconds.
  path: Assets/TextMesh Pro/Resources/Fonts & Materials/LiberationSans SDF.asset
  artifactKey: Guid(8f586378b4e144a9851e7b34d9b748ee) Importer(815301076,1909f56bfc062723c751e8b465ee728b)
Start importing Assets/TextMesh Pro/Resources/Fonts & Materials/LiberationSans SDF.asset using Guid(8f586378b4e144a9851e7b34d9b748ee) Importer(815301076,1909f56bfc062723c751e8b465ee728b) [PhysX] Initialized MultithreadedTaskDispatcher with 32 workers.
[PhysX] Initialized MultithreadedTaskDispatcher with 32 workers.
[PhysX] Initialized MultithreadedTaskDispatcher with 32 workers.
 -> (artifact id: '2a75e6f89dcb83d7026ea5de3b386c78') in 0.069998 seconds
Number of updated asset objects reloaded before import = 0
Number of asset objects unloaded after import = 6
========================================================================
Received Import Request.
  Time since last request: 15.828829 seconds.
  path: Assets/Book Assets/Textures/guiBtnActive.png
  artifactKey: Guid(8ddb1dd9097a94e11861733978290eef) Importer(815301076,1909f56bfc062723c751e8b465ee728b)
Start importing Assets/Book Assets/Textures/guiBtnActive.png using Guid(8ddb1dd9097a94e11861733978290eef) Importer(815301076,1909f56bfc062723c751e8b465ee728b) [PhysX] Initialized MultithreadedTaskDispatcher with 32 workers.
[PhysX] Initialized MultithreadedTaskDispatcher with 32 workers.
 -> (artifact id: '04f412970e0052a3e93a19f82b8261af') in 0.005099 seconds
Number of updated asset objects reloaded before import = 0
Number of asset objects unloaded after import = 3
========================================================================
Received Import Request.
  Time since last request: 3.250357 seconds.
  path: Assets/Book Assets/Textures/guiBtnHover.png
  artifactKey: Guid(291634378e1da456fbc9340d9d9605a4) Importer(815301076,1909f56bfc062723c751e8b465ee728b)
Start importing Assets/Book Assets/Textures/guiBtnHover.png using Guid(291634378e1da456fbc9340d9d9605a4) Importer(815301076,1909f56bfc062723c751e8b465ee728b) [PhysX] Initialized MultithreadedTaskDispatcher with 32 workers.
[PhysX] Initialized MultithreadedTaskDispatcher with 32 workers.
 -> (artifact id: '967f15c74a7549fcb9fd4358141fc09f') in 0.007048 seconds
Number of updated asset objects reloaded before import = 0
Number of asset objects unloaded after import = 3
========================================================================
Received Import Request.
  Time since last request: 3.152121 seconds.
  path: Assets/Book Assets/Textures/guiBtnNormal.png
  artifactKey: Guid(9d791ac38051e4bffa20c15a946ab881) Importer(815301076,1909f56bfc062723c751e8b465ee728b)
Start importing Assets/Book Assets/Textures/guiBtnNormal.png using Guid(9d791ac38051e4bffa20c15a946ab881) Importer(815301076,1909f56bfc062723c751e8b465ee728b) [PhysX] Initialized MultithreadedTaskDispatcher with 32 workers.
[PhysX] Initialized MultithreadedTaskDispatcher with 32 workers.
 -> (artifact id: 'd1825b6028b7a3d1155aa326c85c65dd') in 0.007390 seconds
Number of updated asset objects reloaded before import = 0
Number of asset objects unloaded after import = 3
========================================================================
Received Import Request.
  Time since last request: 20.874859 seconds.
  path: Assets/Standard Assets/Effects/Projectors/Textures/Light.psd
  artifactKey: Guid(b1d7fee26e54cc3498f6267f072a45b9) Importer(815301076,1909f56bfc062723c751e8b465ee728b)
Start importing Assets/Standard Assets/Effects/Projectors/Textures/Light.psd using Guid(b1d7fee26e54cc3498f6267f072a45b9) Importer(815301076,1909f56bfc062723c751e8b465ee728b) [PhysX] Initialized MultithreadedTaskDispatcher with 32 workers.
[PhysX] Initialized MultithreadedTaskDispatcher with 32 workers.
 -> (artifact id: '64e736cb8173c8e5756cb2131299928e') in 0.027353 seconds
Number of updated asset objects reloaded before import = 0
Number of asset objects unloaded after import = 2
========================================================================
Received Import Request.
  Time since last request: 0.678797 seconds.
  path: Assets/Standard Assets/Effects/LightCookies/Textures/LightHardCookie.psd
  artifactKey: Guid(1167c0a28d11119930004d8a4241aa39) Importer(815301076,1909f56bfc062723c751e8b465ee728b)
Start importing Assets/Standard Assets/Effects/LightCookies/Textures/LightHardCookie.psd using Guid(1167c0a28d11119930004d8a4241aa39) Importer(815301076,1909f56bfc062723c751e8b465ee728b) [PhysX] Initialized MultithreadedTaskDispatcher with 32 workers.
[PhysX] Initialized MultithreadedTaskDispatcher with 32 workers.
 -> (artifact id: 'b3f5a021bf9de9893cec93f9137293eb') in 0.021579 seconds
Number of updated asset objects reloaded before import = 0
Number of asset objects unloaded after import = 2
========================================================================
Received Import Request.
  Time since last request: 0.157814 seconds.
  path: Assets/Standard Assets/Effects/LightCookies/Textures/LightSquareCookie.psd
  artifactKey: Guid(69680b688d11eb9d30009b3b4241aa39) Importer(815301076,1909f56bfc062723c751e8b465ee728b)
Start importing Assets/Standard Assets/Effects/LightCookies/Textures/LightSquareCookie.psd using Guid(69680b688d11eb9d30009b3b4241aa39) Importer(815301076,1909f56bfc062723c751e8b465ee728b) [PhysX] Initialized MultithreadedTaskDispatcher with 32 workers.
[PhysX] Initialized MultithreadedTaskDispatcher with 32 workers.
 -> (artifact id: '71514cdb6bef624dddf1264380e65504') in 0.015222 seconds
Number of updated asset objects reloaded before import = 0
Number of asset objects unloaded after import = 2
========================================================================
Received Import Request.
  Time since last request: 0.624770 seconds.
  path: Assets/Book Assets/Models/matchbox.fbm/MatchTex.tif
  artifactKey: Guid(072647c945a9b41e79e32c5258720fe9) Importer(815301076,1909f56bfc062723c751e8b465ee728b)
Start importing Assets/Book Assets/Models/matchbox.fbm/MatchTex.tif using Guid(072647c945a9b41e79e32c5258720fe9) Importer(815301076,1909f56bfc062723c751e8b465ee728b) [PhysX] Initialized MultithreadedTaskDispatcher with 32 workers.
[PhysX] Initialized MultithreadedTaskDispatcher with 32 workers.
 -> (artifact id: 'e0fac8e7f1190de4f2ab435c5a5ddf43') in 0.024435 seconds
Number of updated asset objects reloaded before import = 0
Number of asset objects unloaded after import = 2
========================================================================
Received Prepare
Caller must complete domain reload
Begin MonoManager ReloadAssembly
- Loaded All Assemblies, in  0.300 seconds
Native extension for WindowsStandalone target not found
[Package Manager] Server::EnsureServerProcessIsRunning -- launch failed, reason: Unity was launched with the -noUpm command-line argument
[Package Manager] UpmClient::Send -- Unable to send message (not connected to UPM process).
[Package Manager] Cannot connect to Unity Package Manager local server
Mono: successfully reloaded assembly
- Finished resetting the current domain, in  0.595 seconds
Domain Reload Profiling: 895ms
	BeginReloadAssembly (106ms)
		ExecutionOrderSort (0ms)
		DisableScriptedObjects (3ms)
		BackupInstance (0ms)
		ReleaseScriptingObjects (0ms)
		CreateAndSetChildDomain (23ms)
	RebuildCommonClasses (20ms)
	RebuildNativeTypeToScriptingClass (11ms)
	initialDomainReloadingComplete (20ms)
	LoadAllAssembliesAndSetupDomain (142ms)
		LoadAssemblies (186ms)
		RebuildTransferFunctionScriptingTraits (0ms)
		AnalyzeDomain (11ms)
			TypeCache.Refresh (5ms)
				TypeCache.ScanAssembly (0ms)
			ScanForSourceGeneratedMonoScriptInfo (0ms)
			ResolveRequiredComponents (4ms)
	FinalizeReload (596ms)
		ReleaseScriptCaches (0ms)
		RebuildScriptCaches (0ms)
		SetupLoadedEditorAssemblies (366ms)
			LogAssemblyErrors (0ms)
			InitializePlatformSupportModulesInManaged (4ms)
			SetLoadedEditorAssemblies (2ms)
			RefreshPlugins (0ms)
			BeforeProcessingInitializeOnLoad (40ms)
			ProcessInitializeOnLoadAttributes (298ms)
			ProcessInitializeOnLoadMethodAttributes (19ms)
			AfterProcessingInitializeOnLoad (4ms)
			EditorAssembliesLoaded (0ms)
		ExecutionOrderSort2 (0ms)
		AwakeInstancesAfterBackupRestoration (7ms)
Refreshing native plugins compatible for Editor in 1.43 ms, found 3 plugins.
Preloading 0 native plugins for Editor in 0.00 ms.
Unloading 3151 Unused Serialized files (Serialized files now loaded: 0)
Unloading 16 unused Assets / (381.6 KB). Loaded Objects now: 3856.
Memory consumption went from 143.7 MB to 143.3 MB.
Total: 3.067200 ms (FindLiveObjects: 0.306200 ms CreateObjectMapping: 0.059600 ms MarkObjects: 2.450400 ms  DeleteObjects: 0.250300 ms)

Prepare: number of updated asset objects reloaded= 0
AssetImportParameters requested are different than current active one (requested -> active):
  custom:container-demuxer-ogg: 62fdf1f143b41e24485cea50d1cbac27 -> 
  custom:scripting/monoscript/fileName/MainMenuGUI.cs: 091df4f91c57b9accec9de62246fca77 -> 
  custom:video-codec-MediaFoundation-h265: 746d11721c4dcdbdad8f713fa42b33f4 -> 
  custom:video-decoder-ogg-theora: a1e56fd34408186e4bbccfd4996cb3dc -> 
  custom:scripting/monoscript/fileName/LoadScene.cs: 206f1b3f828a012e3128d4c1e305d0fb -> 
  custom:framework-win-MediaFoundation: 216162199b28c13a410421893ffa2e32 -> 
  custom:CustomObjectIndexerAttribute: 9a22284fe3817be447336de3de66b15e -> 
  custom:container-demuxer-webm: 4f35f7cbe854078d1ac9338744f61a02 -> 
  custom:container-muxer-webm: aa71ff27fc2769a1b78a27578f13a17b -> 
  custom:video-decoder-webm-vp8: 9c59270c3fd7afecdb556c50c9e8de78 -> 
  custom:SearchIndexIgnoredProperties: e643bd26f0fe6173181afceb89e7c659 -> 
  custom:AudioImporter_EditorPlatform: d09bf68614088b80899f8185d706f6e7 -> 
  custom:scripting/monoscript/fileName/QuitGame.cs: 5096369e521a632ecaa19ef6bb193ad3 -> 
  custom:video-encoder-webm-vp8: eb34c28f22e8b96e1ab97ce403110664 -> 
  custom:audio-decoder-ogg-vorbis: bf7c407c2cedff20999df2af8eb42d56 -> 
  custom:scripting/monoscript/fileName/MainMenuBtns.cs: 7a4c553ed157df86ad49bd371125fa92 -> 
  custom:audio-encoder-webm-vorbis: bf7c407c2cedff20999df2af8eb42d56 -> 
  custom:scripting/precompiled-assembly-types:Assembly-CSharp: cc78e7139ed87f8074cf82bb80588514 -> 51bdbbc7743e4ed3f8333c67aed2824c
========================================================================
Received Prepare
Caller must complete domain reload
Begin MonoManager ReloadAssembly
- Loaded All Assemblies, in  0.272 seconds
Native extension for WindowsStandalone target not found
[Package Manager] Server::EnsureServerProcessIsRunning -- launch failed, reason: Unity was launched with the -noUpm command-line argument
[Package Manager] UpmClient::Send -- Unable to send message (not connected to UPM process).
[Package Manager] Cannot connect to Unity Package Manager local server
Mono: successfully reloaded assembly
- Finished resetting the current domain, in  0.545 seconds
Domain Reload Profiling: 816ms
	BeginReloadAssembly (98ms)
		ExecutionOrderSort (0ms)
		DisableScriptedObjects (3ms)
		BackupInstance (0ms)
		ReleaseScriptingObjects (0ms)
		CreateAndSetChildDomain (19ms)
	RebuildCommonClasses (22ms)
	RebuildNativeTypeToScriptingClass (6ms)
	initialDomainReloadingComplete (19ms)
	LoadAllAssembliesAndSetupDomain (126ms)
		LoadAssemblies (167ms)
		RebuildTransferFunctionScriptingTraits (0ms)
		AnalyzeDomain (11ms)
			TypeCache.Refresh (4ms)
				TypeCache.ScanAssembly (0ms)
			ScanForSourceGeneratedMonoScriptInfo (0ms)
			ResolveRequiredComponents (4ms)
	FinalizeReload (545ms)
		ReleaseScriptCaches (0ms)
		RebuildScriptCaches (0ms)
		SetupLoadedEditorAssemblies (324ms)
			LogAssemblyErrors (0ms)
			InitializePlatformSupportModulesInManaged (4ms)
			SetLoadedEditorAssemblies (2ms)
			RefreshPlugins (0ms)
			BeforeProcessingInitializeOnLoad (35ms)
			ProcessInitializeOnLoadAttributes (259ms)
			ProcessInitializeOnLoadMethodAttributes (19ms)
			AfterProcessingInitializeOnLoad (4ms)
			EditorAssembliesLoaded (0ms)
		ExecutionOrderSort2 (0ms)
		AwakeInstancesAfterBackupRestoration (10ms)
Refreshing native plugins compatible for Editor in 1.79 ms, found 3 plugins.
Preloading 0 native plugins for Editor in 0.00 ms.
Unloading 3152 Unused Serialized files (Serialized files now loaded: 0)
Unloading 16 unused Assets / (373.4 KB). Loaded Objects now: 3859.
Memory consumption went from 143.9 MB to 143.5 MB.
Total: 2.869200 ms (FindLiveObjects: 0.253500 ms CreateObjectMapping: 0.060200 ms MarkObjects: 2.369700 ms  DeleteObjects: 0.185000 ms)

Prepare: number of updated asset objects reloaded= 0
AssetImportParameters requested are different than current active one (requested -> active):
  custom:container-demuxer-ogg: 62fdf1f143b41e24485cea50d1cbac27 -> 
  custom:scripting/monoscript/fileName/MainMenuGUI.cs: 091df4f91c57b9accec9de62246fca77 -> 
  custom:video-codec-MediaFoundation-h265: 746d11721c4dcdbdad8f713fa42b33f4 -> 
  custom:video-decoder-ogg-theora: a1e56fd34408186e4bbccfd4996cb3dc -> 
  custom:scripting/monoscript/fileName/LoadScene.cs: 206f1b3f828a012e3128d4c1e305d0fb -> 
  custom:framework-win-MediaFoundation: 216162199b28c13a410421893ffa2e32 -> 
  custom:CustomObjectIndexerAttribute: 9a22284fe3817be447336de3de66b15e -> 
  custom:container-demuxer-webm: 4f35f7cbe854078d1ac9338744f61a02 -> 
  custom:container-muxer-webm: aa71ff27fc2769a1b78a27578f13a17b -> 
  custom:video-decoder-webm-vp8: 9c59270c3fd7afecdb556c50c9e8de78 -> 
  custom:SearchIndexIgnoredProperties: e643bd26f0fe6173181afceb89e7c659 -> 
  custom:AudioImporter_EditorPlatform: d09bf68614088b80899f8185d706f6e7 -> 
  custom:scripting/monoscript/fileName/QuitGame.cs: 5096369e521a632ecaa19ef6bb193ad3 -> 
  custom:video-encoder-webm-vp8: eb34c28f22e8b96e1ab97ce403110664 -> 
  custom:audio-decoder-ogg-vorbis: bf7c407c2cedff20999df2af8eb42d56 -> 
  custom:scripting/monoscript/fileName/MainMenuBtns.cs: 7a4c553ed157df86ad49bd371125fa92 -> 
  custom:audio-encoder-webm-vorbis: bf7c407c2cedff20999df2af8eb42d56 -> 
  custom:scripting/precompiled-assembly-types:Assembly-CSharp: cc78e7139ed87f8074cf82bb80588514 -> 51bdbbc7743e4ed3f8333c67aed2824c
========================================================================
Received Prepare
Caller must complete domain reload
Begin MonoManager ReloadAssembly
- Loaded All Assemblies, in  0.288 seconds
Native extension for WindowsStandalone target not found
[Package Manager] Server::EnsureServerProcessIsRunning -- launch failed, reason: Unity was launched with the -noUpm command-line argument
[Package Manager] UpmClient::Send -- Unable to send message (not connected to UPM process).
[Package Manager] Cannot connect to Unity Package Manager local server
Mono: successfully reloaded assembly
- Finished resetting the current domain, in  0.610 seconds
Domain Reload Profiling: 898ms
	BeginReloadAssembly (102ms)
		ExecutionOrderSort (0ms)
		DisableScriptedObjects (3ms)
		BackupInstance (0ms)
		ReleaseScriptingObjects (0ms)
		CreateAndSetChildDomain (20ms)
	RebuildCommonClasses (21ms)
	RebuildNativeTypeToScriptingClass (6ms)
	initialDomainReloadingComplete (20ms)
	LoadAllAssembliesAndSetupDomain (138ms)
		LoadAssemblies (182ms)
		RebuildTransferFunctionScriptingTraits (0ms)
		AnalyzeDomain (12ms)
			TypeCache.Refresh (5ms)
				TypeCache.ScanAssembly (0ms)
			ScanForSourceGeneratedMonoScriptInfo (0ms)
			ResolveRequiredComponents (4ms)
	FinalizeReload (611ms)
		ReleaseScriptCaches (0ms)
		RebuildScriptCaches (0ms)
		SetupLoadedEditorAssemblies (386ms)
			LogAssemblyErrors (0ms)
			InitializePlatformSupportModulesInManaged (4ms)
			SetLoadedEditorAssemblies (2ms)
			RefreshPlugins (0ms)
			BeforeProcessingInitializeOnLoad (49ms)
			ProcessInitializeOnLoadAttributes (308ms)
			ProcessInitializeOnLoadMethodAttributes (18ms)
			AfterProcessingInitializeOnLoad (4ms)
			EditorAssembliesLoaded (0ms)
		ExecutionOrderSort2 (0ms)
		AwakeInstancesAfterBackupRestoration (8ms)
Refreshing native plugins compatible for Editor in 1.78 ms, found 3 plugins.
Preloading 0 native plugins for Editor in 0.00 ms.
Unloading 3152 Unused Serialized files (Serialized files now loaded: 0)
Unloading 16 unused Assets / (381.4 KB). Loaded Objects now: 3862.
Memory consumption went from 143.9 MB to 143.5 MB.
Total: 3.711400 ms (FindLiveObjects: 0.238600 ms CreateObjectMapping: 0.118700 ms MarkObjects: 3.021300 ms  DeleteObjects: 0.331800 ms)

Prepare: number of updated asset objects reloaded= 0
AssetImportParameters requested are different than current active one (requested -> active):
  custom:container-demuxer-ogg: 62fdf1f143b41e24485cea50d1cbac27 -> 
  custom:scripting/monoscript/fileName/MainMenuGUI.cs: 091df4f91c57b9accec9de62246fca77 -> 
  custom:video-codec-MediaFoundation-h265: 746d11721c4dcdbdad8f713fa42b33f4 -> 
  custom:video-decoder-ogg-theora: a1e56fd34408186e4bbccfd4996cb3dc -> 
  custom:scripting/monoscript/fileName/LoadScene.cs: 206f1b3f828a012e3128d4c1e305d0fb -> 
  custom:framework-win-MediaFoundation: 216162199b28c13a410421893ffa2e32 -> 
  custom:CustomObjectIndexerAttribute: 9a22284fe3817be447336de3de66b15e -> 
  custom:container-demuxer-webm: 4f35f7cbe854078d1ac9338744f61a02 -> 
  custom:container-muxer-webm: aa71ff27fc2769a1b78a27578f13a17b -> 
  custom:video-decoder-webm-vp8: 9c59270c3fd7afecdb556c50c9e8de78 -> 
  custom:SearchIndexIgnoredProperties: e643bd26f0fe6173181afceb89e7c659 -> 
  custom:AudioImporter_EditorPlatform: d09bf68614088b80899f8185d706f6e7 -> 
  custom:scripting/monoscript/fileName/QuitGame.cs: 5096369e521a632ecaa19ef6bb193ad3 -> 
  custom:video-encoder-webm-vp8: eb34c28f22e8b96e1ab97ce403110664 -> 
  custom:audio-decoder-ogg-vorbis: bf7c407c2cedff20999df2af8eb42d56 -> 
  custom:scripting/monoscript/fileName/MainMenuBtns.cs: 7a4c553ed157df86ad49bd371125fa92 -> 
  custom:audio-encoder-webm-vorbis: bf7c407c2cedff20999df2af8eb42d56 -> 
  custom:scripting/precompiled-assembly-types:Assembly-CSharp: cc78e7139ed87f8074cf82bb80588514 -> 51bdbbc7743e4ed3f8333c67aed2824c
========================================================================
Received Import Request.
  Time since last request: 564.441917 seconds.
  path: Assets/MyAssets/GUI/Main Menu.guiskin
  artifactKey: Guid(10439ca1d55065d4595406bce1d8ca10) Importer(815301076,1909f56bfc062723c751e8b465ee728b)
Start importing Assets/MyAssets/GUI/Main Menu.guiskin using Guid(10439ca1d55065d4595406bce1d8ca10) Importer(815301076,1909f56bfc062723c751e8b465ee728b) [PhysX] Initialized MultithreadedTaskDispatcher with 32 workers.
 -> (artifact id: 'e3fcb0fedb27c8981a61c87f9a390bbb') in 0.018847 seconds
Number of updated asset objects reloaded before import = 0
Number of asset objects unloaded after import = 1
========================================================================
Received Prepare
Caller must complete domain reload
Begin MonoManager ReloadAssembly
- Loaded All Assemblies, in  0.273 seconds
Native extension for WindowsStandalone target not found
[Package Manager] Server::EnsureServerProcessIsRunning -- launch failed, reason: Unity was launched with the -noUpm command-line argument
[Package Manager] UpmClient::Send -- Unable to send message (not connected to UPM process).
[Package Manager] Cannot connect to Unity Package Manager local server
Mono: successfully reloaded assembly
- Finished resetting the current domain, in  0.594 seconds
Domain Reload Profiling: 867ms
	BeginReloadAssembly (99ms)
		ExecutionOrderSort (0ms)
		DisableScriptedObjects (3ms)
		BackupInstance (0ms)
		ReleaseScriptingObjects (0ms)
		CreateAndSetChildDomain (19ms)
	RebuildCommonClasses (20ms)
	RebuildNativeTypeToScriptingClass (6ms)
	initialDomainReloadingComplete (17ms)
	LoadAllAssembliesAndSetupDomain (129ms)
		LoadAssemblies (170ms)
		RebuildTransferFunctionScriptingTraits (0ms)
		AnalyzeDomain (11ms)
			TypeCache.Refresh (6ms)
				TypeCache.ScanAssembly (0ms)
			ScanForSourceGeneratedMonoScriptInfo (0ms)
			ResolveRequiredComponents (4ms)
	FinalizeReload (594ms)
		ReleaseScriptCaches (0ms)
		RebuildScriptCaches (0ms)
		SetupLoadedEditorAssemblies (375ms)
			LogAssemblyErrors (0ms)
			InitializePlatformSupportModulesInManaged (4ms)
			SetLoadedEditorAssemblies (2ms)
			RefreshPlugins (0ms)
			BeforeProcessingInitializeOnLoad (39ms)
			ProcessInitializeOnLoadAttributes (306ms)
			ProcessInitializeOnLoadMethodAttributes (20ms)
			AfterProcessingInitializeOnLoad (4ms)
			EditorAssembliesLoaded (0ms)
		ExecutionOrderSort2 (0ms)
		AwakeInstancesAfterBackupRestoration (8ms)
Refreshing native plugins compatible for Editor in 1.82 ms, found 3 plugins.
Preloading 0 native plugins for Editor in 0.00 ms.
Unloading 3151 Unused Serialized files (Serialized files now loaded: 0)
Unloading 16 unused Assets / (373.4 KB). Loaded Objects now: 3865.
Memory consumption went from 143.7 MB to 143.3 MB.
Total: 3.154600 ms (FindLiveObjects: 0.296700 ms CreateObjectMapping: 0.137600 ms MarkObjects: 2.538400 ms  DeleteObjects: 0.181000 ms)

Prepare: number of updated asset objects reloaded= 0
AssetImportParameters requested are different than current active one (requested -> active):
  custom:container-demuxer-ogg: 62fdf1f143b41e24485cea50d1cbac27 -> 
  custom:scripting/monoscript/fileName/MainMenuGUI.cs: 091df4f91c57b9accec9de62246fca77 -> 
  custom:video-codec-MediaFoundation-h265: 746d11721c4dcdbdad8f713fa42b33f4 -> 
  custom:video-decoder-ogg-theora: a1e56fd34408186e4bbccfd4996cb3dc -> 
  custom:scripting/monoscript/fileName/LoadScene.cs: 206f1b3f828a012e3128d4c1e305d0fb -> 
  custom:framework-win-MediaFoundation: 216162199b28c13a410421893ffa2e32 -> 
  custom:CustomObjectIndexerAttribute: 9a22284fe3817be447336de3de66b15e -> 
  custom:container-demuxer-webm: 4f35f7cbe854078d1ac9338744f61a02 -> 
  custom:container-muxer-webm: aa71ff27fc2769a1b78a27578f13a17b -> 
  custom:video-decoder-webm-vp8: 9c59270c3fd7afecdb556c50c9e8de78 -> 
  custom:SearchIndexIgnoredProperties: e643bd26f0fe6173181afceb89e7c659 -> 
  custom:AudioImporter_EditorPlatform: d09bf68614088b80899f8185d706f6e7 -> 
  custom:scripting/monoscript/fileName/QuitGame.cs: 5096369e521a632ecaa19ef6bb193ad3 -> 
  custom:video-encoder-webm-vp8: eb34c28f22e8b96e1ab97ce403110664 -> 
  custom:audio-decoder-ogg-vorbis: bf7c407c2cedff20999df2af8eb42d56 -> 
  custom:scripting/monoscript/fileName/MainMenuBtns.cs: 7a4c553ed157df86ad49bd371125fa92 -> 
  custom:audio-encoder-webm-vorbis: bf7c407c2cedff20999df2af8eb42d56 -> 
  custom:scripting/precompiled-assembly-types:Assembly-CSharp: cc78e7139ed87f8074cf82bb80588514 -> 51bdbbc7743e4ed3f8333c67aed2824c
========================================================================
Received Prepare
Caller must complete domain reload
Begin MonoManager ReloadAssembly
- Loaded All Assemblies, in  0.278 seconds
Native extension for WindowsStandalone target not found
[Package Manager] Server::EnsureServerProcessIsRunning -- launch failed, reason: Unity was launched with the -noUpm command-line argument
[Package Manager] UpmClient::Send -- Unable to send message (not connected to UPM process).
[Package Manager] Cannot connect to Unity Package Manager local server
Mono: successfully reloaded assembly
- Finished resetting the current domain, in  0.572 seconds
Domain Reload Profiling: 849ms
	BeginReloadAssembly (103ms)
		ExecutionOrderSort (0ms)
		DisableScriptedObjects (3ms)
		BackupInstance (0ms)
		ReleaseScriptingObjects (0ms)
		CreateAndSetChildDomain (21ms)
	RebuildCommonClasses (20ms)
	RebuildNativeTypeToScriptingClass (6ms)
	initialDomainReloadingComplete (19ms)
	LoadAllAssembliesAndSetupDomain (127ms)
		LoadAssemblies (168ms)
		RebuildTransferFunctionScriptingTraits (0ms)
		AnalyzeDomain (11ms)
			TypeCache.Refresh (5ms)
				TypeCache.ScanAssembly (0ms)
			ScanForSourceGeneratedMonoScriptInfo (0ms)
			ResolveRequiredComponents (4ms)
	FinalizeReload (572ms)
		ReleaseScriptCaches (0ms)
		RebuildScriptCaches (0ms)
		SetupLoadedEditorAssemblies (343ms)
			LogAssemblyErrors (0ms)
			InitializePlatformSupportModulesInManaged (5ms)
			SetLoadedEditorAssemblies (2ms)
			RefreshPlugins (0ms)
			BeforeProcessingInitializeOnLoad (43ms)
			ProcessInitializeOnLoadAttributes (268ms)
			ProcessInitializeOnLoadMethodAttributes (20ms)
			AfterProcessingInitializeOnLoad (4ms)
			EditorAssembliesLoaded (0ms)
		ExecutionOrderSort2 (0ms)
		AwakeInstancesAfterBackupRestoration (7ms)
Refreshing native plugins compatible for Editor in 1.29 ms, found 3 plugins.
Preloading 0 native plugins for Editor in 0.00 ms.
Unloading 3152 Unused Serialized files (Serialized files now loaded: 0)
Unloading 16 unused Assets / (381.4 KB). Loaded Objects now: 3868.
Memory consumption went from 143.9 MB to 143.5 MB.
Total: 3.249400 ms (FindLiveObjects: 0.272300 ms CreateObjectMapping: 0.059200 ms MarkObjects: 2.501300 ms  DeleteObjects: 0.414800 ms)

Prepare: number of updated asset objects reloaded= 0
AssetImportParameters requested are different than current active one (requested -> active):
  custom:container-demuxer-ogg: 62fdf1f143b41e24485cea50d1cbac27 -> 
  custom:scripting/monoscript/fileName/MainMenuGUI.cs: 091df4f91c57b9accec9de62246fca77 -> 
  custom:video-codec-MediaFoundation-h265: 746d11721c4dcdbdad8f713fa42b33f4 -> 
  custom:video-decoder-ogg-theora: a1e56fd34408186e4bbccfd4996cb3dc -> 
  custom:scripting/monoscript/fileName/LoadScene.cs: 206f1b3f828a012e3128d4c1e305d0fb -> 
  custom:framework-win-MediaFoundation: 216162199b28c13a410421893ffa2e32 -> 
  custom:CustomObjectIndexerAttribute: 9a22284fe3817be447336de3de66b15e -> 
  custom:container-demuxer-webm: 4f35f7cbe854078d1ac9338744f61a02 -> 
  custom:container-muxer-webm: aa71ff27fc2769a1b78a27578f13a17b -> 
  custom:video-decoder-webm-vp8: 9c59270c3fd7afecdb556c50c9e8de78 -> 
  custom:SearchIndexIgnoredProperties: e643bd26f0fe6173181afceb89e7c659 -> 
  custom:AudioImporter_EditorPlatform: d09bf68614088b80899f8185d706f6e7 -> 
  custom:scripting/monoscript/fileName/QuitGame.cs: 5096369e521a632ecaa19ef6bb193ad3 -> 
  custom:video-encoder-webm-vp8: eb34c28f22e8b96e1ab97ce403110664 -> 
  custom:audio-decoder-ogg-vorbis: bf7c407c2cedff20999df2af8eb42d56 -> 
  custom:scripting/monoscript/fileName/MainMenuBtns.cs: 7a4c553ed157df86ad49bd371125fa92 -> 
  custom:audio-encoder-webm-vorbis: bf7c407c2cedff20999df2af8eb42d56 -> 
  custom:scripting/precompiled-assembly-types:Assembly-CSharp: cc78e7139ed87f8074cf82bb80588514 -> 51bdbbc7743e4ed3f8333c67aed2824c
========================================================================
Received Import Request.
  Time since last request: 256.428266 seconds.
  path: Assets/MyAssets/Scripts/MainMenuGUI.cs
  artifactKey: Guid(d73fc3dd3719f874db98b86eec55f97d) Importer(815301076,1909f56bfc062723c751e8b465ee728b)
Start importing Assets/MyAssets/Scripts/MainMenuGUI.cs using Guid(d73fc3dd3719f874db98b86eec55f97d) Importer(815301076,1909f56bfc062723c751e8b465ee728b) [PhysX] Initialized MultithreadedTaskDispatcher with 32 workers.
 -> (artifact id: '09eca251895a22427fe3bb9cd207049d') in 0.006592 seconds
Number of updated asset objects reloaded before import = 0
Number of asset objects unloaded after import = 0
========================================================================
Received Import Request.
  Time since last request: 10.879755 seconds.
  path: Assets/MyAssets/Scripts/MainMenuGUI.cs
  artifactKey: Guid(d73fc3dd3719f874db98b86eec55f97d) Importer(815301076,1909f56bfc062723c751e8b465ee728b)
Start importing Assets/MyAssets/Scripts/MainMenuGUI.cs using Guid(d73fc3dd3719f874db98b86eec55f97d) Importer(815301076,1909f56bfc062723c751e8b465ee728b) [PhysX] Initialized MultithreadedTaskDispatcher with 32 workers.
 -> (artifact id: '4f139aad7a82c0575003cdc19b250d1b') in 0.000562 seconds
Number of updated asset objects reloaded before import = 0
Number of asset objects unloaded after import = 0
========================================================================
Received Prepare
Caller must complete domain reload
Begin MonoManager ReloadAssembly
- Loaded All Assemblies, in  0.325 seconds
Native extension for WindowsStandalone target not found
[Package Manager] Server::EnsureServerProcessIsRunning -- launch failed, reason: Unity was launched with the -noUpm command-line argument
[Package Manager] UpmClient::Send -- Unable to send message (not connected to UPM process).
[Package Manager] Cannot connect to Unity Package Manager local server
Mono: successfully reloaded assembly
- Finished resetting the current domain, in  0.546 seconds
Domain Reload Profiling: 868ms
	BeginReloadAssembly (108ms)
		ExecutionOrderSort (0ms)
		DisableScriptedObjects (3ms)
		BackupInstance (0ms)
		ReleaseScriptingObjects (0ms)
		CreateAndSetChildDomain (24ms)
	RebuildCommonClasses (24ms)
	RebuildNativeTypeToScriptingClass (6ms)
	initialDomainReloadingComplete (26ms)
	LoadAllAssembliesAndSetupDomain (158ms)
		LoadAssemblies (196ms)
		RebuildTransferFunctionScriptingTraits (0ms)
		AnalyzeDomain (18ms)
			TypeCache.Refresh (7ms)
				TypeCache.ScanAssembly (0ms)
			ScanForSourceGeneratedMonoScriptInfo (5ms)
			ResolveRequiredComponents (4ms)
	FinalizeReload (546ms)
		ReleaseScriptCaches (0ms)
		RebuildScriptCaches (0ms)
		SetupLoadedEditorAssemblies (315ms)
			LogAssemblyErrors (0ms)
			InitializePlatformSupportModulesInManaged (6ms)
			SetLoadedEditorAssemblies (3ms)
			RefreshPlugins (0ms)
			BeforeProcessingInitializeOnLoad (39ms)
			ProcessInitializeOnLoadAttributes (249ms)
			ProcessInitializeOnLoadMethodAttributes (15ms)
			AfterProcessingInitializeOnLoad (3ms)
			EditorAssembliesLoaded (0ms)
		ExecutionOrderSort2 (0ms)
		AwakeInstancesAfterBackupRestoration (7ms)
Refreshing native plugins compatible for Editor in 1.26 ms, found 3 plugins.
Preloading 0 native plugins for Editor in 0.00 ms.
Unloading 3151 Unused Serialized files (Serialized files now loaded: 0)
Unloading 16 unused Assets / (373.5 KB). Loaded Objects now: 3871.
Memory consumption went from 143.7 MB to 143.3 MB.
Total: 3.015300 ms (FindLiveObjects: 0.232900 ms CreateObjectMapping: 0.053800 ms MarkObjects: 2.542900 ms  DeleteObjects: 0.185000 ms)

Prepare: number of updated asset objects reloaded= 0
AssetImportParameters requested are different than current active one (requested -> active):
  custom:container-demuxer-ogg: 62fdf1f143b41e24485cea50d1cbac27 -> 
  custom:scripting/monoscript/fileName/MainMenuGUI.cs: 091df4f91c57b9accec9de62246fca77 -> 
  custom:video-codec-MediaFoundation-h265: 746d11721c4dcdbdad8f713fa42b33f4 -> 
  custom:video-decoder-ogg-theora: a1e56fd34408186e4bbccfd4996cb3dc -> 
  custom:scripting/monoscript/fileName/LoadScene.cs: 206f1b3f828a012e3128d4c1e305d0fb -> 
  custom:framework-win-MediaFoundation: 216162199b28c13a410421893ffa2e32 -> 
  custom:CustomObjectIndexerAttribute: 9a22284fe3817be447336de3de66b15e -> 
  custom:container-demuxer-webm: 4f35f7cbe854078d1ac9338744f61a02 -> 
  custom:container-muxer-webm: aa71ff27fc2769a1b78a27578f13a17b -> 
  custom:video-decoder-webm-vp8: 9c59270c3fd7afecdb556c50c9e8de78 -> 
  custom:SearchIndexIgnoredProperties: e643bd26f0fe6173181afceb89e7c659 -> 
  custom:AudioImporter_EditorPlatform: d09bf68614088b80899f8185d706f6e7 -> 
  custom:scripting/monoscript/fileName/QuitGame.cs: 5096369e521a632ecaa19ef6bb193ad3 -> 
  custom:video-encoder-webm-vp8: eb34c28f22e8b96e1ab97ce403110664 -> 
  custom:audio-decoder-ogg-vorbis: bf7c407c2cedff20999df2af8eb42d56 -> 
  custom:scripting/monoscript/fileName/MainMenuBtns.cs: 7a4c553ed157df86ad49bd371125fa92 -> 
  custom:audio-encoder-webm-vorbis: bf7c407c2cedff20999df2af8eb42d56 -> 
  custom:scripting/precompiled-assembly-types:Assembly-CSharp: cc78e7139ed87f8074cf82bb80588514 -> 51bdbbc7743e4ed3f8333c67aed2824c
========================================================================
Received Prepare
Caller must complete domain reload
Begin MonoManager ReloadAssembly
- Loaded All Assemblies, in  0.272 seconds
Native extension for WindowsStandalone target not found
[Package Manager] Server::EnsureServerProcessIsRunning -- launch failed, reason: Unity was launched with the -noUpm command-line argument
[Package Manager] UpmClient::Send -- Unable to send message (not connected to UPM process).
[Package Manager] Cannot connect to Unity Package Manager local server
Mono: successfully reloaded assembly
- Finished resetting the current domain, in  0.591 seconds
Domain Reload Profiling: 862ms
	BeginReloadAssembly (100ms)
		ExecutionOrderSort (0ms)
		DisableScriptedObjects (3ms)
		BackupInstance (0ms)
		ReleaseScriptingObjects (0ms)
		CreateAndSetChildDomain (21ms)
	RebuildCommonClasses (20ms)
	RebuildNativeTypeToScriptingClass (6ms)
	initialDomainReloadingComplete (18ms)
	LoadAllAssembliesAndSetupDomain (126ms)
		LoadAssemblies (166ms)
		RebuildTransferFunctionScriptingTraits (0ms)
		AnalyzeDomain (12ms)
			TypeCache.Refresh (6ms)
				TypeCache.ScanAssembly (0ms)
			ScanForSourceGeneratedMonoScriptInfo (0ms)
			ResolveRequiredComponents (4ms)
	FinalizeReload (591ms)
		ReleaseScriptCaches (0ms)
		RebuildScriptCaches (0ms)
		SetupLoadedEditorAssemblies (340ms)
			LogAssemblyErrors (0ms)
			InitializePlatformSupportModulesInManaged (4ms)
			SetLoadedEditorAssemblies (2ms)
			RefreshPlugins (0ms)
			BeforeProcessingInitializeOnLoad (36ms)
			ProcessInitializeOnLoadAttributes (275ms)
			ProcessInitializeOnLoadMethodAttributes (19ms)
			AfterProcessingInitializeOnLoad (5ms)
			EditorAssembliesLoaded (0ms)
		ExecutionOrderSort2 (0ms)
		AwakeInstancesAfterBackupRestoration (8ms)
Refreshing native plugins compatible for Editor in 1.51 ms, found 3 plugins.
Preloading 0 native plugins for Editor in 0.00 ms.
Unloading 3152 Unused Serialized files (Serialized files now loaded: 0)
Unloading 16 unused Assets / (373.5 KB). Loaded Objects now: 3874.
Memory consumption went from 143.9 MB to 143.6 MB.
Total: 3.036400 ms (FindLiveObjects: 0.255300 ms CreateObjectMapping: 0.058900 ms MarkObjects: 2.477300 ms  DeleteObjects: 0.243900 ms)

Prepare: number of updated asset objects reloaded= 0
AssetImportParameters requested are different than current active one (requested -> active):
  custom:container-demuxer-ogg: 62fdf1f143b41e24485cea50d1cbac27 -> 
  custom:scripting/monoscript/fileName/MainMenuGUI.cs: 091df4f91c57b9accec9de62246fca77 -> 
  custom:video-codec-MediaFoundation-h265: 746d11721c4dcdbdad8f713fa42b33f4 -> 
  custom:video-decoder-ogg-theora: a1e56fd34408186e4bbccfd4996cb3dc -> 
  custom:scripting/monoscript/fileName/LoadScene.cs: 206f1b3f828a012e3128d4c1e305d0fb -> 
  custom:framework-win-MediaFoundation: 216162199b28c13a410421893ffa2e32 -> 
  custom:CustomObjectIndexerAttribute: 9a22284fe3817be447336de3de66b15e -> 
  custom:container-demuxer-webm: 4f35f7cbe854078d1ac9338744f61a02 -> 
  custom:container-muxer-webm: aa71ff27fc2769a1b78a27578f13a17b -> 
  custom:video-decoder-webm-vp8: 9c59270c3fd7afecdb556c50c9e8de78 -> 
  custom:SearchIndexIgnoredProperties: e643bd26f0fe6173181afceb89e7c659 -> 
  custom:AudioImporter_EditorPlatform: d09bf68614088b80899f8185d706f6e7 -> 
  custom:scripting/monoscript/fileName/QuitGame.cs: 5096369e521a632ecaa19ef6bb193ad3 -> 
  custom:video-encoder-webm-vp8: eb34c28f22e8b96e1ab97ce403110664 -> 
  custom:audio-decoder-ogg-vorbis: bf7c407c2cedff20999df2af8eb42d56 -> 
  custom:scripting/monoscript/fileName/MainMenuBtns.cs: 7a4c553ed157df86ad49bd371125fa92 -> 
  custom:audio-encoder-webm-vorbis: bf7c407c2cedff20999df2af8eb42d56 -> 
  custom:scripting/precompiled-assembly-types:Assembly-CSharp: cc78e7139ed87f8074cf82bb80588514 -> 51bdbbc7743e4ed3f8333c67aed2824c
========================================================================
Received Prepare
Caller must complete domain reload
Begin MonoManager ReloadAssembly
- Loaded All Assemblies, in  0.297 seconds
Native extension for WindowsStandalone target not found
[Package Manager] Server::EnsureServerProcessIsRunning -- launch failed, reason: Unity was launched with the -noUpm command-line argument
[Package Manager] UpmClient::Send -- Unable to send message (not connected to UPM process).
[Package Manager] Cannot connect to Unity Package Manager local server
Mono: successfully reloaded assembly
- Finished resetting the current domain, in  0.579 seconds
Domain Reload Profiling: 875ms
	BeginReloadAssembly (104ms)
		ExecutionOrderSort (0ms)
		DisableScriptedObjects (6ms)
		BackupInstance (0ms)
		ReleaseScriptingObjects (0ms)
		CreateAndSetChildDomain (22ms)
	RebuildCommonClasses (22ms)
	RebuildNativeTypeToScriptingClass (7ms)
	initialDomainReloadingComplete (19ms)
	LoadAllAssembliesAndSetupDomain (143ms)
		LoadAssemblies (178ms)
		RebuildTransferFunctionScriptingTraits (0ms)
		AnalyzeDomain (18ms)
			TypeCache.Refresh (7ms)
				TypeCache.ScanAssembly (0ms)
			ScanForSourceGeneratedMonoScriptInfo (4ms)
			ResolveRequiredComponents (4ms)
	FinalizeReload (579ms)
		ReleaseScriptCaches (0ms)
		RebuildScriptCaches (0ms)
		SetupLoadedEditorAssemblies (355ms)
			LogAssemblyErrors (0ms)
			InitializePlatformSupportModulesInManaged (7ms)
			SetLoadedEditorAssemblies (2ms)
			RefreshPlugins (0ms)
			BeforeProcessingInitializeOnLoad (40ms)
			ProcessInitializeOnLoadAttributes (285ms)
			ProcessInitializeOnLoadMethodAttributes (18ms)
			AfterProcessingInitializeOnLoad (3ms)
			EditorAssembliesLoaded (0ms)
		ExecutionOrderSort2 (0ms)
		AwakeInstancesAfterBackupRestoration (5ms)
Refreshing native plugins compatible for Editor in 1.18 ms, found 3 plugins.
Preloading 0 native plugins for Editor in 0.00 ms.
Unloading 3152 Unused Serialized files (Serialized files now loaded: 0)
Unloading 16 unused Assets / (381.6 KB). Loaded Objects now: 3877.
Memory consumption went from 143.9 MB to 143.6 MB.
Total: 2.434600 ms (FindLiveObjects: 0.161600 ms CreateObjectMapping: 0.044700 ms MarkObjects: 2.032200 ms  DeleteObjects: 0.194200 ms)

Prepare: number of updated asset objects reloaded= 0
AssetImportParameters requested are different than current active one (requested -> active):
  custom:container-demuxer-ogg: 62fdf1f143b41e24485cea50d1cbac27 -> 
  custom:scripting/monoscript/fileName/MainMenuGUI.cs: 091df4f91c57b9accec9de62246fca77 -> 
  custom:video-codec-MediaFoundation-h265: 746d11721c4dcdbdad8f713fa42b33f4 -> 
  custom:video-decoder-ogg-theora: a1e56fd34408186e4bbccfd4996cb3dc -> 
  custom:scripting/monoscript/fileName/LoadScene.cs: 206f1b3f828a012e3128d4c1e305d0fb -> 
  custom:framework-win-MediaFoundation: 216162199b28c13a410421893ffa2e32 -> 
  custom:CustomObjectIndexerAttribute: 9a22284fe3817be447336de3de66b15e -> 
  custom:container-demuxer-webm: 4f35f7cbe854078d1ac9338744f61a02 -> 
  custom:container-muxer-webm: aa71ff27fc2769a1b78a27578f13a17b -> 
  custom:video-decoder-webm-vp8: 9c59270c3fd7afecdb556c50c9e8de78 -> 
  custom:SearchIndexIgnoredProperties: e643bd26f0fe6173181afceb89e7c659 -> 
  custom:AudioImporter_EditorPlatform: d09bf68614088b80899f8185d706f6e7 -> 
  custom:scripting/monoscript/fileName/QuitGame.cs: 5096369e521a632ecaa19ef6bb193ad3 -> 
  custom:video-encoder-webm-vp8: eb34c28f22e8b96e1ab97ce403110664 -> 
  custom:audio-decoder-ogg-vorbis: bf7c407c2cedff20999df2af8eb42d56 -> 
  custom:scripting/monoscript/fileName/MainMenuBtns.cs: 7a4c553ed157df86ad49bd371125fa92 -> 
  custom:audio-encoder-webm-vorbis: bf7c407c2cedff20999df2af8eb42d56 -> 
  custom:scripting/precompiled-assembly-types:Assembly-CSharp: cc78e7139ed87f8074cf82bb80588514 -> 51bdbbc7743e4ed3f8333c67aed2824c
========================================================================
Received Prepare
Caller must complete domain reload
Begin MonoManager ReloadAssembly
- Loaded All Assemblies, in  0.305 seconds
Native extension for WindowsStandalone target not found
[Package Manager] Server::EnsureServerProcessIsRunning -- launch failed, reason: Unity was launched with the -noUpm command-line argument
[Package Manager] UpmClient::Send -- Unable to send message (not connected to UPM process).
[Package Manager] Cannot connect to Unity Package Manager local server
Mono: successfully reloaded assembly
- Finished resetting the current domain, in  0.624 seconds
Domain Reload Profiling: 927ms
	BeginReloadAssembly (112ms)
		ExecutionOrderSort (0ms)
		DisableScriptedObjects (6ms)
		BackupInstance (0ms)
		ReleaseScriptingObjects (0ms)
		CreateAndSetChildDomain (20ms)
	RebuildCommonClasses (23ms)
	RebuildNativeTypeToScriptingClass (7ms)
	initialDomainReloadingComplete (19ms)
	LoadAllAssembliesAndSetupDomain (142ms)
		LoadAssemblies (184ms)
		RebuildTransferFunctionScriptingTraits (0ms)
		AnalyzeDomain (18ms)
			TypeCache.Refresh (7ms)
				TypeCache.ScanAssembly (0ms)
			ScanForSourceGeneratedMonoScriptInfo (5ms)
			ResolveRequiredComponents (4ms)
	FinalizeReload (624ms)
		ReleaseScriptCaches (0ms)
		RebuildScriptCaches (0ms)
		SetupLoadedEditorAssemblies (384ms)
			LogAssemblyErrors (0ms)
			InitializePlatformSupportModulesInManaged (6ms)
			SetLoadedEditorAssemblies (2ms)
			RefreshPlugins (0ms)
			BeforeProcessingInitializeOnLoad (40ms)
			ProcessInitializeOnLoadAttributes (316ms)
			ProcessInitializeOnLoadMethodAttributes (16ms)
			AfterProcessingInitializeOnLoad (4ms)
			EditorAssembliesLoaded (0ms)
		ExecutionOrderSort2 (0ms)
		AwakeInstancesAfterBackupRestoration (5ms)
Refreshing native plugins compatible for Editor in 1.40 ms, found 3 plugins.
Preloading 0 native plugins for Editor in 0.00 ms.
Unloading 3152 Unused Serialized files (Serialized files now loaded: 0)
Unloading 16 unused Assets / (373.2 KB). Loaded Objects now: 3880.
Memory consumption went from 143.9 MB to 143.6 MB.
Total: 2.249700 ms (FindLiveObjects: 0.166600 ms CreateObjectMapping: 0.042700 ms MarkObjects: 1.821700 ms  DeleteObjects: 0.216800 ms)

Prepare: number of updated asset objects reloaded= 0
AssetImportParameters requested are different than current active one (requested -> active):
  custom:container-demuxer-ogg: 62fdf1f143b41e24485cea50d1cbac27 -> 
  custom:scripting/monoscript/fileName/MainMenuGUI.cs: 091df4f91c57b9accec9de62246fca77 -> 
  custom:video-codec-MediaFoundation-h265: 746d11721c4dcdbdad8f713fa42b33f4 -> 
  custom:video-decoder-ogg-theora: a1e56fd34408186e4bbccfd4996cb3dc -> 
  custom:scripting/monoscript/fileName/LoadScene.cs: 206f1b3f828a012e3128d4c1e305d0fb -> 
  custom:framework-win-MediaFoundation: 216162199b28c13a410421893ffa2e32 -> 
  custom:CustomObjectIndexerAttribute: 9a22284fe3817be447336de3de66b15e -> 
  custom:container-demuxer-webm: 4f35f7cbe854078d1ac9338744f61a02 -> 
  custom:container-muxer-webm: aa71ff27fc2769a1b78a27578f13a17b -> 
  custom:video-decoder-webm-vp8: 9c59270c3fd7afecdb556c50c9e8de78 -> 
  custom:SearchIndexIgnoredProperties: e643bd26f0fe6173181afceb89e7c659 -> 
  custom:AudioImporter_EditorPlatform: d09bf68614088b80899f8185d706f6e7 -> 
  custom:scripting/monoscript/fileName/QuitGame.cs: 5096369e521a632ecaa19ef6bb193ad3 -> 
  custom:video-encoder-webm-vp8: eb34c28f22e8b96e1ab97ce403110664 -> 
  custom:audio-decoder-ogg-vorbis: bf7c407c2cedff20999df2af8eb42d56 -> 
  custom:scripting/monoscript/fileName/MainMenuBtns.cs: 7a4c553ed157df86ad49bd371125fa92 -> 
  custom:audio-encoder-webm-vorbis: bf7c407c2cedff20999df2af8eb42d56 -> 
  custom:scripting/precompiled-assembly-types:Assembly-CSharp: cc78e7139ed87f8074cf82bb80588514 -> 51bdbbc7743e4ed3f8333c67aed2824c
========================================================================
Received Prepare
Caller must complete domain reload
Begin MonoManager ReloadAssembly
- Loaded All Assemblies, in  0.277 seconds
Native extension for WindowsStandalone target not found
[Package Manager] Server::EnsureServerProcessIsRunning -- launch failed, reason: Unity was launched with the -noUpm command-line argument
[Package Manager] UpmClient::Send -- Unable to send message (not connected to UPM process).
[Package Manager] Cannot connect to Unity Package Manager local server
Mono: successfully reloaded assembly
- Finished resetting the current domain, in  0.636 seconds
Domain Reload Profiling: 912ms
	BeginReloadAssembly (98ms)
		ExecutionOrderSort (0ms)
		DisableScriptedObjects (3ms)
		BackupInstance (0ms)
		ReleaseScriptingObjects (0ms)
		CreateAndSetChildDomain (18ms)
	RebuildCommonClasses (22ms)
	RebuildNativeTypeToScriptingClass (6ms)
	initialDomainReloadingComplete (19ms)
	LoadAllAssembliesAndSetupDomain (131ms)
		LoadAssemblies (172ms)
		RebuildTransferFunctionScriptingTraits (0ms)
		AnalyzeDomain (11ms)
			TypeCache.Refresh (4ms)
				TypeCache.ScanAssembly (0ms)
			ScanForSourceGeneratedMonoScriptInfo (0ms)
			ResolveRequiredComponents (4ms)
	FinalizeReload (637ms)
		ReleaseScriptCaches (0ms)
		RebuildScriptCaches (0ms)
		SetupLoadedEditorAssemblies (368ms)
			LogAssemblyErrors (0ms)
			InitializePlatformSupportModulesInManaged (6ms)
			SetLoadedEditorAssemblies (2ms)
			RefreshPlugins (0ms)
			BeforeProcessingInitializeOnLoad (48ms)
			ProcessInitializeOnLoadAttributes (288ms)
			ProcessInitializeOnLoadMethodAttributes (19ms)
			AfterProcessingInitializeOnLoad (4ms)
			EditorAssembliesLoaded (0ms)
		ExecutionOrderSort2 (0ms)
		AwakeInstancesAfterBackupRestoration (8ms)
Refreshing native plugins compatible for Editor in 2.50 ms, found 3 plugins.
Preloading 0 native plugins for Editor in 0.00 ms.
Unloading 3152 Unused Serialized files (Serialized files now loaded: 0)
Unloading 16 unused Assets / (378.0 KB). Loaded Objects now: 3883.
Memory consumption went from 143.9 MB to 143.6 MB.
Total: 3.013200 ms (FindLiveObjects: 0.286500 ms CreateObjectMapping: 0.127200 ms MarkObjects: 2.312300 ms  DeleteObjects: 0.285900 ms)

Prepare: number of updated asset objects reloaded= 0
AssetImportParameters requested are different than current active one (requested -> active):
  custom:container-demuxer-ogg: 62fdf1f143b41e24485cea50d1cbac27 -> 
  custom:scripting/monoscript/fileName/MainMenuGUI.cs: 091df4f91c57b9accec9de62246fca77 -> 
  custom:video-codec-MediaFoundation-h265: 746d11721c4dcdbdad8f713fa42b33f4 -> 
  custom:video-decoder-ogg-theora: a1e56fd34408186e4bbccfd4996cb3dc -> 
  custom:scripting/monoscript/fileName/LoadScene.cs: 206f1b3f828a012e3128d4c1e305d0fb -> 
  custom:framework-win-MediaFoundation: 216162199b28c13a410421893ffa2e32 -> 
  custom:CustomObjectIndexerAttribute: 9a22284fe3817be447336de3de66b15e -> 
  custom:container-demuxer-webm: 4f35f7cbe854078d1ac9338744f61a02 -> 
  custom:container-muxer-webm: aa71ff27fc2769a1b78a27578f13a17b -> 
  custom:video-decoder-webm-vp8: 9c59270c3fd7afecdb556c50c9e8de78 -> 
  custom:SearchIndexIgnoredProperties: e643bd26f0fe6173181afceb89e7c659 -> 
  custom:AudioImporter_EditorPlatform: d09bf68614088b80899f8185d706f6e7 -> 
  custom:scripting/monoscript/fileName/QuitGame.cs: 5096369e521a632ecaa19ef6bb193ad3 -> 
  custom:video-encoder-webm-vp8: eb34c28f22e8b96e1ab97ce403110664 -> 
  custom:audio-decoder-ogg-vorbis: bf7c407c2cedff20999df2af8eb42d56 -> 
  custom:scripting/monoscript/fileName/MainMenuBtns.cs: 7a4c553ed157df86ad49bd371125fa92 -> 
  custom:audio-encoder-webm-vorbis: bf7c407c2cedff20999df2af8eb42d56 -> 
  custom:scripting/precompiled-assembly-types:Assembly-CSharp: cc78e7139ed87f8074cf82bb80588514 -> 51bdbbc7743e4ed3f8333c67aed2824c
========================================================================
Received Prepare
Caller must complete domain reload
Begin MonoManager ReloadAssembly
- Loaded All Assemblies, in  0.284 seconds
Native extension for WindowsStandalone target not found
[Package Manager] Server::EnsureServerProcessIsRunning -- launch failed, reason: Unity was launched with the -noUpm command-line argument
[Package Manager] UpmClient::Send -- Unable to send message (not connected to UPM process).
[Package Manager] Cannot connect to Unity Package Manager local server
Mono: successfully reloaded assembly
- Finished resetting the current domain, in  0.747 seconds
Domain Reload Profiling: 1031ms
	BeginReloadAssembly (108ms)
		ExecutionOrderSort (0ms)
		DisableScriptedObjects (3ms)
		BackupInstance (0ms)
		ReleaseScriptingObjects (0ms)
		CreateAndSetChildDomain (20ms)
	RebuildCommonClasses (22ms)
	RebuildNativeTypeToScriptingClass (7ms)
	initialDomainReloadingComplete (18ms)
	LoadAllAssembliesAndSetupDomain (128ms)
		LoadAssemblies (175ms)
		RebuildTransferFunctionScriptingTraits (0ms)
		AnalyzeDomain (11ms)
			TypeCache.Refresh (5ms)
				TypeCache.ScanAssembly (0ms)
			ScanForSourceGeneratedMonoScriptInfo (0ms)
			ResolveRequiredComponents (4ms)
	FinalizeReload (748ms)
		ReleaseScriptCaches (0ms)
		RebuildScriptCaches (0ms)
		SetupLoadedEditorAssemblies (442ms)
			LogAssemblyErrors (0ms)
			InitializePlatformSupportModulesInManaged (9ms)
			SetLoadedEditorAssemblies (3ms)
			RefreshPlugins (0ms)
			BeforeProcessingInitializeOnLoad (64ms)
			ProcessInitializeOnLoadAttributes (344ms)
			ProcessInitializeOnLoadMethodAttributes (17ms)
			AfterProcessingInitializeOnLoad (5ms)
			EditorAssembliesLoaded (0ms)
		ExecutionOrderSort2 (0ms)
		AwakeInstancesAfterBackupRestoration (8ms)
Refreshing native plugins compatible for Editor in 1.30 ms, found 3 plugins.
Preloading 0 native plugins for Editor in 0.00 ms.
Unloading 3152 Unused Serialized files (Serialized files now loaded: 0)
Unloading 16 unused Assets / (373.7 KB). Loaded Objects now: 3886.
Memory consumption went from 143.9 MB to 143.6 MB.
Total: 2.223600 ms (FindLiveObjects: 0.177600 ms CreateObjectMapping: 0.046800 ms MarkObjects: 1.759500 ms  DeleteObjects: 0.238900 ms)

Prepare: number of updated asset objects reloaded= 0
AssetImportParameters requested are different than current active one (requested -> active):
  custom:container-demuxer-ogg: 62fdf1f143b41e24485cea50d1cbac27 -> 
  custom:scripting/monoscript/fileName/MainMenuGUI.cs: 091df4f91c57b9accec9de62246fca77 -> 
  custom:video-codec-MediaFoundation-h265: 746d11721c4dcdbdad8f713fa42b33f4 -> 
  custom:video-decoder-ogg-theora: a1e56fd34408186e4bbccfd4996cb3dc -> 
  custom:scripting/monoscript/fileName/LoadScene.cs: 206f1b3f828a012e3128d4c1e305d0fb -> 
  custom:framework-win-MediaFoundation: 216162199b28c13a410421893ffa2e32 -> 
  custom:CustomObjectIndexerAttribute: 9a22284fe3817be447336de3de66b15e -> 
  custom:container-demuxer-webm: 4f35f7cbe854078d1ac9338744f61a02 -> 
  custom:container-muxer-webm: aa71ff27fc2769a1b78a27578f13a17b -> 
  custom:video-decoder-webm-vp8: 9c59270c3fd7afecdb556c50c9e8de78 -> 
  custom:SearchIndexIgnoredProperties: e643bd26f0fe6173181afceb89e7c659 -> 
  custom:AudioImporter_EditorPlatform: d09bf68614088b80899f8185d706f6e7 -> 
  custom:scripting/monoscript/fileName/QuitGame.cs: 5096369e521a632ecaa19ef6bb193ad3 -> 
  custom:video-encoder-webm-vp8: eb34c28f22e8b96e1ab97ce403110664 -> 
  custom:audio-decoder-ogg-vorbis: bf7c407c2cedff20999df2af8eb42d56 -> 
  custom:scripting/monoscript/fileName/MainMenuBtns.cs: 7a4c553ed157df86ad49bd371125fa92 -> 
  custom:audio-encoder-webm-vorbis: bf7c407c2cedff20999df2af8eb42d56 -> 
  custom:scripting/precompiled-assembly-types:Assembly-CSharp: cc78e7139ed87f8074cf82bb80588514 -> 51bdbbc7743e4ed3f8333c67aed2824c
========================================================================
Received Prepare
Caller must complete domain reload
Begin MonoManager ReloadAssembly
- Loaded All Assemblies, in  0.283 seconds
Native extension for WindowsStandalone target not found
[Package Manager] Server::EnsureServerProcessIsRunning -- launch failed, reason: Unity was launched with the -noUpm command-line argument
[Package Manager] UpmClient::Send -- Unable to send message (not connected to UPM process).
[Package Manager] Cannot connect to Unity Package Manager local server
Mono: successfully reloaded assembly
- Finished resetting the current domain, in  0.654 seconds
Domain Reload Profiling: 937ms
	BeginReloadAssembly (101ms)
		ExecutionOrderSort (0ms)
		DisableScriptedObjects (3ms)
		BackupInstance (0ms)
		ReleaseScriptingObjects (0ms)
		CreateAndSetChildDomain (21ms)
	RebuildCommonClasses (21ms)
	RebuildNativeTypeToScriptingClass (7ms)
	initialDomainReloadingComplete (18ms)
	LoadAllAssembliesAndSetupDomain (136ms)
		LoadAssemblies (171ms)
		RebuildTransferFunctionScriptingTraits (0ms)
		AnalyzeDomain (17ms)
			TypeCache.Refresh (7ms)
				TypeCache.ScanAssembly (0ms)
			ScanForSourceGeneratedMonoScriptInfo (4ms)
			ResolveRequiredComponents (4ms)
	FinalizeReload (654ms)
		ReleaseScriptCaches (0ms)
		RebuildScriptCaches (0ms)
		SetupLoadedEditorAssemblies (380ms)
			LogAssemblyErrors (0ms)
			InitializePlatformSupportModulesInManaged (5ms)
			SetLoadedEditorAssemblies (3ms)
			RefreshPlugins (0ms)
			BeforeProcessingInitializeOnLoad (50ms)
			ProcessInitializeOnLoadAttributes (306ms)
			ProcessInitializeOnLoadMethodAttributes (13ms)
			AfterProcessingInitializeOnLoad (3ms)
			EditorAssembliesLoaded (0ms)
		ExecutionOrderSort2 (0ms)
		AwakeInstancesAfterBackupRestoration (5ms)
Refreshing native plugins compatible for Editor in 1.08 ms, found 3 plugins.
Preloading 0 native plugins for Editor in 0.00 ms.
Unloading 3152 Unused Serialized files (Serialized files now loaded: 0)
Unloading 16 unused Assets / (381.4 KB). Loaded Objects now: 3889.
Memory consumption went from 143.9 MB to 143.6 MB.
Total: 2.149300 ms (FindLiveObjects: 0.166500 ms CreateObjectMapping: 0.045100 ms MarkObjects: 1.761400 ms  DeleteObjects: 0.175400 ms)

Prepare: number of updated asset objects reloaded= 0
AssetImportParameters requested are different than current active one (requested -> active):
  custom:container-demuxer-ogg: 62fdf1f143b41e24485cea50d1cbac27 -> 
  custom:scripting/monoscript/fileName/MainMenuGUI.cs: 091df4f91c57b9accec9de62246fca77 -> 
  custom:video-codec-MediaFoundation-h265: 746d11721c4dcdbdad8f713fa42b33f4 -> 
  custom:video-decoder-ogg-theora: a1e56fd34408186e4bbccfd4996cb3dc -> 
  custom:scripting/monoscript/fileName/LoadScene.cs: 206f1b3f828a012e3128d4c1e305d0fb -> 
  custom:framework-win-MediaFoundation: 216162199b28c13a410421893ffa2e32 -> 
  custom:CustomObjectIndexerAttribute: 9a22284fe3817be447336de3de66b15e -> 
  custom:container-demuxer-webm: 4f35f7cbe854078d1ac9338744f61a02 -> 
  custom:container-muxer-webm: aa71ff27fc2769a1b78a27578f13a17b -> 
  custom:video-decoder-webm-vp8: 9c59270c3fd7afecdb556c50c9e8de78 -> 
  custom:SearchIndexIgnoredProperties: e643bd26f0fe6173181afceb89e7c659 -> 
  custom:AudioImporter_EditorPlatform: d09bf68614088b80899f8185d706f6e7 -> 
  custom:scripting/monoscript/fileName/QuitGame.cs: 5096369e521a632ecaa19ef6bb193ad3 -> 
  custom:video-encoder-webm-vp8: eb34c28f22e8b96e1ab97ce403110664 -> 
  custom:audio-decoder-ogg-vorbis: bf7c407c2cedff20999df2af8eb42d56 -> 
  custom:scripting/monoscript/fileName/MainMenuBtns.cs: 7a4c553ed157df86ad49bd371125fa92 -> 
  custom:audio-encoder-webm-vorbis: bf7c407c2cedff20999df2af8eb42d56 -> 
  custom:scripting/precompiled-assembly-types:Assembly-CSharp: cc78e7139ed87f8074cf82bb80588514 -> 51bdbbc7743e4ed3f8333c67aed2824c
========================================================================
Received Prepare
Caller must complete domain reload
Begin MonoManager ReloadAssembly
- Loaded All Assemblies, in  0.281 seconds
Native extension for WindowsStandalone target not found
[Package Manager] Server::EnsureServerProcessIsRunning -- launch failed, reason: Unity was launched with the -noUpm command-line argument
[Package Manager] UpmClient::Send -- Unable to send message (not connected to UPM process).
[Package Manager] Cannot connect to Unity Package Manager local server
Mono: successfully reloaded assembly
- Finished resetting the current domain, in  0.595 seconds
Domain Reload Profiling: 875ms
	BeginReloadAssembly (101ms)
		ExecutionOrderSort (0ms)
		DisableScriptedObjects (3ms)
		BackupInstance (0ms)
		ReleaseScriptingObjects (0ms)
		CreateAndSetChildDomain (19ms)
	RebuildCommonClasses (22ms)
	RebuildNativeTypeToScriptingClass (6ms)
	initialDomainReloadingComplete (17ms)
	LoadAllAssembliesAndSetupDomain (133ms)
		LoadAssemblies (169ms)
		RebuildTransferFunctionScriptingTraits (0ms)
		AnalyzeDomain (18ms)
			TypeCache.Refresh (7ms)
				TypeCache.ScanAssembly (0ms)
			ScanForSourceGeneratedMonoScriptInfo (5ms)
			ResolveRequiredComponents (3ms)
	FinalizeReload (596ms)
		ReleaseScriptCaches (0ms)
		RebuildScriptCaches (0ms)
		SetupLoadedEditorAssemblies (347ms)
			LogAssemblyErrors (0ms)
			InitializePlatformSupportModulesInManaged (5ms)
			SetLoadedEditorAssemblies (3ms)
			RefreshPlugins (0ms)
			BeforeProcessingInitializeOnLoad (48ms)
			ProcessInitializeOnLoadAttributes (275ms)
			ProcessInitializeOnLoadMethodAttributes (12ms)
			AfterProcessingInitializeOnLoad (3ms)
			EditorAssembliesLoaded (0ms)
		ExecutionOrderSort2 (0ms)
		AwakeInstancesAfterBackupRestoration (5ms)
Refreshing native plugins compatible for Editor in 1.16 ms, found 3 plugins.
Preloading 0 native plugins for Editor in 0.00 ms.
Unloading 3152 Unused Serialized files (Serialized files now loaded: 0)
Unloading 16 unused Assets / (373.5 KB). Loaded Objects now: 3892.
Memory consumption went from 143.9 MB to 143.6 MB.
Total: 2.252200 ms (FindLiveObjects: 0.216400 ms CreateObjectMapping: 0.073400 ms MarkObjects: 1.798700 ms  DeleteObjects: 0.162600 ms)

Prepare: number of updated asset objects reloaded= 0
AssetImportParameters requested are different than current active one (requested -> active):
  custom:container-demuxer-ogg: 62fdf1f143b41e24485cea50d1cbac27 -> 
  custom:scripting/monoscript/fileName/MainMenuGUI.cs: 091df4f91c57b9accec9de62246fca77 -> 
  custom:video-codec-MediaFoundation-h265: 746d11721c4dcdbdad8f713fa42b33f4 -> 
  custom:video-decoder-ogg-theora: a1e56fd34408186e4bbccfd4996cb3dc -> 
  custom:scripting/monoscript/fileName/LoadScene.cs: 206f1b3f828a012e3128d4c1e305d0fb -> 
  custom:framework-win-MediaFoundation: 216162199b28c13a410421893ffa2e32 -> 
  custom:CustomObjectIndexerAttribute: 9a22284fe3817be447336de3de66b15e -> 
  custom:container-demuxer-webm: 4f35f7cbe854078d1ac9338744f61a02 -> 
  custom:container-muxer-webm: aa71ff27fc2769a1b78a27578f13a17b -> 
  custom:video-decoder-webm-vp8: 9c59270c3fd7afecdb556c50c9e8de78 -> 
  custom:SearchIndexIgnoredProperties: e643bd26f0fe6173181afceb89e7c659 -> 
  custom:AudioImporter_EditorPlatform: d09bf68614088b80899f8185d706f6e7 -> 
  custom:scripting/monoscript/fileName/QuitGame.cs: 5096369e521a632ecaa19ef6bb193ad3 -> 
  custom:video-encoder-webm-vp8: eb34c28f22e8b96e1ab97ce403110664 -> 
  custom:audio-decoder-ogg-vorbis: bf7c407c2cedff20999df2af8eb42d56 -> 
  custom:scripting/monoscript/fileName/MainMenuBtns.cs: 7a4c553ed157df86ad49bd371125fa92 -> 
  custom:audio-encoder-webm-vorbis: bf7c407c2cedff20999df2af8eb42d56 -> 
  custom:scripting/precompiled-assembly-types:Assembly-CSharp: cc78e7139ed87f8074cf82bb80588514 -> 51bdbbc7743e4ed3f8333c67aed2824c
========================================================================
Received Prepare
Caller must complete domain reload
Begin MonoManager ReloadAssembly
- Loaded All Assemblies, in  0.272 seconds
Native extension for WindowsStandalone target not found
[Package Manager] Server::EnsureServerProcessIsRunning -- launch failed, reason: Unity was launched with the -noUpm command-line argument
[Package Manager] UpmClient::Send -- Unable to send message (not connected to UPM process).
[Package Manager] Cannot connect to Unity Package Manager local server
Mono: successfully reloaded assembly
- Finished resetting the current domain, in  0.612 seconds
Domain Reload Profiling: 884ms
	BeginReloadAssembly (100ms)
		ExecutionOrderSort (0ms)
		DisableScriptedObjects (2ms)
		BackupInstance (0ms)
		ReleaseScriptingObjects (0ms)
		CreateAndSetChildDomain (20ms)
	RebuildCommonClasses (23ms)
	RebuildNativeTypeToScriptingClass (7ms)
	initialDomainReloadingComplete (17ms)
	LoadAllAssembliesAndSetupDomain (126ms)
		LoadAssemblies (167ms)
		RebuildTransferFunctionScriptingTraits (0ms)
		AnalyzeDomain (11ms)
			TypeCache.Refresh (4ms)
				TypeCache.ScanAssembly (0ms)
			ScanForSourceGeneratedMonoScriptInfo (0ms)
			ResolveRequiredComponents (4ms)
	FinalizeReload (612ms)
		ReleaseScriptCaches (0ms)
		RebuildScriptCaches (0ms)
		SetupLoadedEditorAssemblies (380ms)
			LogAssemblyErrors (0ms)
			InitializePlatformSupportModulesInManaged (4ms)
			SetLoadedEditorAssemblies (2ms)
			RefreshPlugins (0ms)
			BeforeProcessingInitializeOnLoad (44ms)
			ProcessInitializeOnLoadAttributes (304ms)
			ProcessInitializeOnLoadMethodAttributes (19ms)
			AfterProcessingInitializeOnLoad (5ms)
			EditorAssembliesLoaded (1ms)
		ExecutionOrderSort2 (0ms)
		AwakeInstancesAfterBackupRestoration (7ms)
Refreshing native plugins compatible for Editor in 1.71 ms, found 3 plugins.
Preloading 0 native plugins for Editor in 0.00 ms.
Unloading 3152 Unused Serialized files (Serialized files now loaded: 0)
Unloading 16 unused Assets / (373.5 KB). Loaded Objects now: 3895.
Memory consumption went from 143.9 MB to 143.6 MB.
Total: 3.189600 ms (FindLiveObjects: 0.230800 ms CreateObjectMapping: 0.052400 ms MarkObjects: 2.536300 ms  DeleteObjects: 0.368600 ms)

Prepare: number of updated asset objects reloaded= 0
AssetImportParameters requested are different than current active one (requested -> active):
  custom:container-demuxer-ogg: 62fdf1f143b41e24485cea50d1cbac27 -> 
  custom:scripting/monoscript/fileName/MainMenuGUI.cs: 091df4f91c57b9accec9de62246fca77 -> 
  custom:video-codec-MediaFoundation-h265: 746d11721c4dcdbdad8f713fa42b33f4 -> 
  custom:video-decoder-ogg-theora: a1e56fd34408186e4bbccfd4996cb3dc -> 
  custom:scripting/monoscript/fileName/LoadScene.cs: 206f1b3f828a012e3128d4c1e305d0fb -> 
  custom:framework-win-MediaFoundation: 216162199b28c13a410421893ffa2e32 -> 
  custom:CustomObjectIndexerAttribute: 9a22284fe3817be447336de3de66b15e -> 
  custom:container-demuxer-webm: 4f35f7cbe854078d1ac9338744f61a02 -> 
  custom:container-muxer-webm: aa71ff27fc2769a1b78a27578f13a17b -> 
  custom:video-decoder-webm-vp8: 9c59270c3fd7afecdb556c50c9e8de78 -> 
  custom:SearchIndexIgnoredProperties: e643bd26f0fe6173181afceb89e7c659 -> 
  custom:AudioImporter_EditorPlatform: d09bf68614088b80899f8185d706f6e7 -> 
  custom:scripting/monoscript/fileName/QuitGame.cs: 5096369e521a632ecaa19ef6bb193ad3 -> 
  custom:video-encoder-webm-vp8: eb34c28f22e8b96e1ab97ce403110664 -> 
  custom:audio-decoder-ogg-vorbis: bf7c407c2cedff20999df2af8eb42d56 -> 
  custom:scripting/monoscript/fileName/MainMenuBtns.cs: 7a4c553ed157df86ad49bd371125fa92 -> 
  custom:audio-encoder-webm-vorbis: bf7c407c2cedff20999df2af8eb42d56 -> 
  custom:scripting/precompiled-assembly-types:Assembly-CSharp: cc78e7139ed87f8074cf82bb80588514 -> 51bdbbc7743e4ed3f8333c67aed2824c
========================================================================
Received Prepare
Caller must complete domain reload
Begin MonoManager ReloadAssembly
- Loaded All Assemblies, in  0.302 seconds
Native extension for WindowsStandalone target not found
[Package Manager] Server::EnsureServerProcessIsRunning -- launch failed, reason: Unity was launched with the -noUpm command-line argument
[Package Manager] UpmClient::Send -- Unable to send message (not connected to UPM process).
[Package Manager] Cannot connect to Unity Package Manager local server
Mono: successfully reloaded assembly
- Finished resetting the current domain, in  0.564 seconds
Domain Reload Profiling: 865ms
	BeginReloadAssembly (98ms)
		ExecutionOrderSort (0ms)
		DisableScriptedObjects (3ms)
		BackupInstance (0ms)
		ReleaseScriptingObjects (0ms)
		CreateAndSetChildDomain (19ms)
	RebuildCommonClasses (24ms)
	RebuildNativeTypeToScriptingClass (9ms)
	initialDomainReloadingComplete (21ms)
	LoadAllAssembliesAndSetupDomain (149ms)
		LoadAssemblies (184ms)
		RebuildTransferFunctionScriptingTraits (0ms)
		AnalyzeDomain (19ms)
			TypeCache.Refresh (9ms)
				TypeCache.ScanAssembly (1ms)
			ScanForSourceGeneratedMonoScriptInfo (5ms)
			ResolveRequiredComponents (4ms)
	FinalizeReload (565ms)
		ReleaseScriptCaches (0ms)
		RebuildScriptCaches (0ms)
		SetupLoadedEditorAssemblies (335ms)
			LogAssemblyErrors (0ms)
			InitializePlatformSupportModulesInManaged (5ms)
			SetLoadedEditorAssemblies (3ms)
			RefreshPlugins (0ms)
			BeforeProcessingInitializeOnLoad (38ms)
			ProcessInitializeOnLoadAttributes (273ms)
			ProcessInitializeOnLoadMethodAttributes (14ms)
			AfterProcessingInitializeOnLoad (3ms)
			EditorAssembliesLoaded (0ms)
		ExecutionOrderSort2 (0ms)
		AwakeInstancesAfterBackupRestoration (5ms)
Refreshing native plugins compatible for Editor in 1.00 ms, found 3 plugins.
Preloading 0 native plugins for Editor in 0.00 ms.
Unloading 3152 Unused Serialized files (Serialized files now loaded: 0)
Unloading 16 unused Assets / (373.4 KB). Loaded Objects now: 3898.
Memory consumption went from 143.9 MB to 143.6 MB.
Total: 2.536900 ms (FindLiveObjects: 0.171700 ms CreateObjectMapping: 0.044400 ms MarkObjects: 2.017900 ms  DeleteObjects: 0.302100 ms)

Prepare: number of updated asset objects reloaded= 0
AssetImportParameters requested are different than current active one (requested -> active):
  custom:container-demuxer-ogg: 62fdf1f143b41e24485cea50d1cbac27 -> 
  custom:scripting/monoscript/fileName/MainMenuGUI.cs: 091df4f91c57b9accec9de62246fca77 -> 
  custom:video-codec-MediaFoundation-h265: 746d11721c4dcdbdad8f713fa42b33f4 -> 
  custom:video-decoder-ogg-theora: a1e56fd34408186e4bbccfd4996cb3dc -> 
  custom:scripting/monoscript/fileName/LoadScene.cs: 206f1b3f828a012e3128d4c1e305d0fb -> 
  custom:framework-win-MediaFoundation: 216162199b28c13a410421893ffa2e32 -> 
  custom:CustomObjectIndexerAttribute: 9a22284fe3817be447336de3de66b15e -> 
  custom:container-demuxer-webm: 4f35f7cbe854078d1ac9338744f61a02 -> 
  custom:container-muxer-webm: aa71ff27fc2769a1b78a27578f13a17b -> 
  custom:video-decoder-webm-vp8: 9c59270c3fd7afecdb556c50c9e8de78 -> 
  custom:SearchIndexIgnoredProperties: e643bd26f0fe6173181afceb89e7c659 -> 
  custom:AudioImporter_EditorPlatform: d09bf68614088b80899f8185d706f6e7 -> 
  custom:scripting/monoscript/fileName/QuitGame.cs: 5096369e521a632ecaa19ef6bb193ad3 -> 
  custom:video-encoder-webm-vp8: eb34c28f22e8b96e1ab97ce403110664 -> 
  custom:audio-decoder-ogg-vorbis: bf7c407c2cedff20999df2af8eb42d56 -> 
  custom:scripting/monoscript/fileName/MainMenuBtns.cs: 7a4c553ed157df86ad49bd371125fa92 -> 
  custom:audio-encoder-webm-vorbis: bf7c407c2cedff20999df2af8eb42d56 -> 
  custom:scripting/precompiled-assembly-types:Assembly-CSharp: cc78e7139ed87f8074cf82bb80588514 -> 51bdbbc7743e4ed3f8333c67aed2824c
========================================================================
Received Prepare
Caller must complete domain reload
Begin MonoManager ReloadAssembly
- Loaded All Assemblies, in  0.285 seconds
Native extension for WindowsStandalone target not found
[Package Manager] Server::EnsureServerProcessIsRunning -- launch failed, reason: Unity was launched with the -noUpm command-line argument
[Package Manager] UpmClient::Send -- Unable to send message (not connected to UPM process).
[Package Manager] Cannot connect to Unity Package Manager local server
Mono: successfully reloaded assembly
- Finished resetting the current domain, in  0.637 seconds
Domain Reload Profiling: 922ms
	BeginReloadAssembly (100ms)
		ExecutionOrderSort (0ms)
		DisableScriptedObjects (3ms)
		BackupInstance (0ms)
		ReleaseScriptingObjects (0ms)
		CreateAndSetChildDomain (21ms)
	RebuildCommonClasses (21ms)
	RebuildNativeTypeToScriptingClass (7ms)
	initialDomainReloadingComplete (17ms)
	LoadAllAssembliesAndSetupDomain (139ms)
		LoadAssemblies (175ms)
		RebuildTransferFunctionScriptingTraits (0ms)
		AnalyzeDomain (16ms)
			TypeCache.Refresh (7ms)
				TypeCache.ScanAssembly (0ms)
			ScanForSourceGeneratedMonoScriptInfo (4ms)
			ResolveRequiredComponents (3ms)
	FinalizeReload (637ms)
		ReleaseScriptCaches (0ms)
		RebuildScriptCaches (0ms)
		SetupLoadedEditorAssemblies (372ms)
			LogAssemblyErrors (0ms)
			InitializePlatformSupportModulesInManaged (6ms)
			SetLoadedEditorAssemblies (2ms)
			RefreshPlugins (0ms)
			BeforeProcessingInitializeOnLoad (45ms)
			ProcessInitializeOnLoadAttributes (302ms)
			ProcessInitializeOnLoadMethodAttributes (14ms)
			AfterProcessingInitializeOnLoad (3ms)
			EditorAssembliesLoaded (0ms)
		ExecutionOrderSort2 (0ms)
		AwakeInstancesAfterBackupRestoration (5ms)
Refreshing native plugins compatible for Editor in 1.14 ms, found 3 plugins.
Preloading 0 native plugins for Editor in 0.00 ms.
Unloading 3152 Unused Serialized files (Serialized files now loaded: 0)
Unloading 16 unused Assets / (373.4 KB). Loaded Objects now: 3901.
Memory consumption went from 143.9 MB to 143.6 MB.
Total: 2.280700 ms (FindLiveObjects: 0.216900 ms CreateObjectMapping: 0.049700 ms MarkObjects: 1.822000 ms  DeleteObjects: 0.190900 ms)

Prepare: number of updated asset objects reloaded= 0
AssetImportParameters requested are different than current active one (requested -> active):
  custom:container-demuxer-ogg: 62fdf1f143b41e24485cea50d1cbac27 -> 
  custom:scripting/monoscript/fileName/MainMenuGUI.cs: 091df4f91c57b9accec9de62246fca77 -> 
  custom:video-codec-MediaFoundation-h265: 746d11721c4dcdbdad8f713fa42b33f4 -> 
  custom:video-decoder-ogg-theora: a1e56fd34408186e4bbccfd4996cb3dc -> 
  custom:scripting/monoscript/fileName/LoadScene.cs: 206f1b3f828a012e3128d4c1e305d0fb -> 
  custom:framework-win-MediaFoundation: 216162199b28c13a410421893ffa2e32 -> 
  custom:CustomObjectIndexerAttribute: 9a22284fe3817be447336de3de66b15e -> 
  custom:container-demuxer-webm: 4f35f7cbe854078d1ac9338744f61a02 -> 
  custom:container-muxer-webm: aa71ff27fc2769a1b78a27578f13a17b -> 
  custom:video-decoder-webm-vp8: 9c59270c3fd7afecdb556c50c9e8de78 -> 
  custom:SearchIndexIgnoredProperties: e643bd26f0fe6173181afceb89e7c659 -> 
  custom:AudioImporter_EditorPlatform: d09bf68614088b80899f8185d706f6e7 -> 
  custom:scripting/monoscript/fileName/QuitGame.cs: 5096369e521a632ecaa19ef6bb193ad3 -> 
  custom:video-encoder-webm-vp8: eb34c28f22e8b96e1ab97ce403110664 -> 
  custom:audio-decoder-ogg-vorbis: bf7c407c2cedff20999df2af8eb42d56 -> 
  custom:scripting/monoscript/fileName/MainMenuBtns.cs: 7a4c553ed157df86ad49bd371125fa92 -> 
  custom:audio-encoder-webm-vorbis: bf7c407c2cedff20999df2af8eb42d56 -> 
  custom:scripting/precompiled-assembly-types:Assembly-CSharp: 44bd21ee6fa755007334e6fc7b14a071 -> 51bdbbc7743e4ed3f8333c67aed2824c
========================================================================
Received Prepare
Caller must complete domain reload
Begin MonoManager ReloadAssembly
- Loaded All Assemblies, in  0.274 seconds
Native extension for WindowsStandalone target not found
[Package Manager] Server::EnsureServerProcessIsRunning -- launch failed, reason: Unity was launched with the -noUpm command-line argument
[Package Manager] UpmClient::Send -- Unable to send message (not connected to UPM process).
[Package Manager] Cannot connect to Unity Package Manager local server
Mono: successfully reloaded assembly
- Finished resetting the current domain, in  0.549 seconds
Domain Reload Profiling: 822ms
	BeginReloadAssembly (101ms)
		ExecutionOrderSort (0ms)
		DisableScriptedObjects (3ms)
		BackupInstance (0ms)
		ReleaseScriptingObjects (0ms)
		CreateAndSetChildDomain (17ms)
	RebuildCommonClasses (21ms)
	RebuildNativeTypeToScriptingClass (6ms)
	initialDomainReloadingComplete (17ms)
	LoadAllAssembliesAndSetupDomain (128ms)
		LoadAssemblies (167ms)
		RebuildTransferFunctionScriptingTraits (0ms)
		AnalyzeDomain (18ms)
			TypeCache.Refresh (6ms)
				TypeCache.ScanAssembly (0ms)
			ScanForSourceGeneratedMonoScriptInfo (5ms)
			ResolveRequiredComponents (4ms)
	FinalizeReload (549ms)
		ReleaseScriptCaches (0ms)
		RebuildScriptCaches (0ms)
		SetupLoadedEditorAssemblies (333ms)
			LogAssemblyErrors (0ms)
			InitializePlatformSupportModulesInManaged (4ms)
			SetLoadedEditorAssemblies (2ms)
			RefreshPlugins (0ms)
			BeforeProcessingInitializeOnLoad (36ms)
			ProcessInitializeOnLoadAttributes (276ms)
			ProcessInitializeOnLoadMethodAttributes (12ms)
			AfterProcessingInitializeOnLoad (3ms)
			EditorAssembliesLoaded (0ms)
		ExecutionOrderSort2 (0ms)
		AwakeInstancesAfterBackupRestoration (5ms)
Refreshing native plugins compatible for Editor in 1.05 ms, found 3 plugins.
Preloading 0 native plugins for Editor in 0.00 ms.
Unloading 3152 Unused Serialized files (Serialized files now loaded: 0)
Unloading 16 unused Assets / (349.3 KB). Loaded Objects now: 3904.
Memory consumption went from 143.9 MB to 143.6 MB.
Total: 2.090200 ms (FindLiveObjects: 0.174600 ms CreateObjectMapping: 0.049000 ms MarkObjects: 1.707900 ms  DeleteObjects: 0.158000 ms)

Prepare: number of updated asset objects reloaded= 0
AssetImportParameters requested are different than current active one (requested -> active):
  custom:container-demuxer-ogg: 62fdf1f143b41e24485cea50d1cbac27 -> 
  custom:scripting/monoscript/fileName/MainMenuGUI.cs: 091df4f91c57b9accec9de62246fca77 -> 
  custom:video-codec-MediaFoundation-h265: 746d11721c4dcdbdad8f713fa42b33f4 -> 
  custom:video-decoder-ogg-theora: a1e56fd34408186e4bbccfd4996cb3dc -> 
  custom:scripting/monoscript/fileName/LoadScene.cs: 206f1b3f828a012e3128d4c1e305d0fb -> 
  custom:framework-win-MediaFoundation: 216162199b28c13a410421893ffa2e32 -> 
  custom:CustomObjectIndexerAttribute: 9a22284fe3817be447336de3de66b15e -> 
  custom:container-demuxer-webm: 4f35f7cbe854078d1ac9338744f61a02 -> 
  custom:container-muxer-webm: aa71ff27fc2769a1b78a27578f13a17b -> 
  custom:video-decoder-webm-vp8: 9c59270c3fd7afecdb556c50c9e8de78 -> 
  custom:SearchIndexIgnoredProperties: e643bd26f0fe6173181afceb89e7c659 -> 
  custom:AudioImporter_EditorPlatform: d09bf68614088b80899f8185d706f6e7 -> 
  custom:scripting/monoscript/fileName/QuitGame.cs: 5096369e521a632ecaa19ef6bb193ad3 -> 
  custom:video-encoder-webm-vp8: eb34c28f22e8b96e1ab97ce403110664 -> 
  custom:audio-decoder-ogg-vorbis: bf7c407c2cedff20999df2af8eb42d56 -> 
  custom:scripting/monoscript/fileName/MainMenuBtns.cs: 7a4c553ed157df86ad49bd371125fa92 -> 
  custom:audio-encoder-webm-vorbis: bf7c407c2cedff20999df2af8eb42d56 -> 
  custom:scripting/precompiled-assembly-types:Assembly-CSharp: 44bd21ee6fa755007334e6fc7b14a071 -> 51bdbbc7743e4ed3f8333c67aed2824c
========================================================================
Received Prepare
Caller must complete domain reload
Begin MonoManager ReloadAssembly
- Loaded All Assemblies, in  0.279 seconds
Native extension for WindowsStandalone target not found
[Package Manager] Server::EnsureServerProcessIsRunning -- launch failed, reason: Unity was launched with the -noUpm command-line argument
[Package Manager] UpmClient::Send -- Unable to send message (not connected to UPM process).
[Package Manager] Cannot connect to Unity Package Manager local server
Mono: successfully reloaded assembly
- Finished resetting the current domain, in  0.595 seconds
Domain Reload Profiling: 873ms
	BeginReloadAssembly (96ms)
		ExecutionOrderSort (0ms)
		DisableScriptedObjects (3ms)
		BackupInstance (0ms)
		ReleaseScriptingObjects (0ms)
		CreateAndSetChildDomain (19ms)
	RebuildCommonClasses (21ms)
	RebuildNativeTypeToScriptingClass (7ms)
	initialDomainReloadingComplete (17ms)
	LoadAllAssembliesAndSetupDomain (137ms)
		LoadAssemblies (169ms)
		RebuildTransferFunctionScriptingTraits (0ms)
		AnalyzeDomain (18ms)
			TypeCache.Refresh (7ms)
				TypeCache.ScanAssembly (0ms)
			ScanForSourceGeneratedMonoScriptInfo (5ms)
			ResolveRequiredComponents (3ms)
	FinalizeReload (595ms)
		ReleaseScriptCaches (0ms)
		RebuildScriptCaches (0ms)
		SetupLoadedEditorAssemblies (343ms)
			LogAssemblyErrors (0ms)
			InitializePlatformSupportModulesInManaged (6ms)
			SetLoadedEditorAssemblies (3ms)
			RefreshPlugins (0ms)
			BeforeProcessingInitializeOnLoad (47ms)
			ProcessInitializeOnLoadAttributes (271ms)
			ProcessInitializeOnLoadMethodAttributes (12ms)
			AfterProcessingInitializeOnLoad (3ms)
			EditorAssembliesLoaded (0ms)
		ExecutionOrderSort2 (0ms)
		AwakeInstancesAfterBackupRestoration (5ms)
Refreshing native plugins compatible for Editor in 0.99 ms, found 3 plugins.
Preloading 0 native plugins for Editor in 0.00 ms.
Unloading 3152 Unused Serialized files (Serialized files now loaded: 0)
Unloading 16 unused Assets / (373.4 KB). Loaded Objects now: 3907.
Memory consumption went from 143.9 MB to 143.6 MB.
Total: 2.045600 ms (FindLiveObjects: 0.192100 ms CreateObjectMapping: 0.044700 ms MarkObjects: 1.641100 ms  DeleteObjects: 0.166300 ms)

Prepare: number of updated asset objects reloaded= 0
AssetImportParameters requested are different than current active one (requested -> active):
  custom:container-demuxer-ogg: 62fdf1f143b41e24485cea50d1cbac27 -> 
  custom:scripting/monoscript/fileName/MainMenuGUI.cs: 091df4f91c57b9accec9de62246fca77 -> 
  custom:video-codec-MediaFoundation-h265: 746d11721c4dcdbdad8f713fa42b33f4 -> 
  custom:video-decoder-ogg-theora: a1e56fd34408186e4bbccfd4996cb3dc -> 
  custom:scripting/monoscript/fileName/LoadScene.cs: 206f1b3f828a012e3128d4c1e305d0fb -> 
  custom:framework-win-MediaFoundation: 216162199b28c13a410421893ffa2e32 -> 
  custom:CustomObjectIndexerAttribute: 9a22284fe3817be447336de3de66b15e -> 
  custom:container-demuxer-webm: 4f35f7cbe854078d1ac9338744f61a02 -> 
  custom:container-muxer-webm: aa71ff27fc2769a1b78a27578f13a17b -> 
  custom:video-decoder-webm-vp8: 9c59270c3fd7afecdb556c50c9e8de78 -> 
  custom:SearchIndexIgnoredProperties: e643bd26f0fe6173181afceb89e7c659 -> 
  custom:AudioImporter_EditorPlatform: d09bf68614088b80899f8185d706f6e7 -> 
  custom:scripting/monoscript/fileName/QuitGame.cs: 5096369e521a632ecaa19ef6bb193ad3 -> 
  custom:video-encoder-webm-vp8: eb34c28f22e8b96e1ab97ce403110664 -> 
  custom:audio-decoder-ogg-vorbis: bf7c407c2cedff20999df2af8eb42d56 -> 
  custom:scripting/monoscript/fileName/MainMenuBtns.cs: 7a4c553ed157df86ad49bd371125fa92 -> 
  custom:audio-encoder-webm-vorbis: bf7c407c2cedff20999df2af8eb42d56 -> 
  custom:scripting/precompiled-assembly-types:Assembly-CSharp: 44bd21ee6fa755007334e6fc7b14a071 -> 51bdbbc7743e4ed3f8333c67aed2824c
========================================================================
Received Prepare
Caller must complete domain reload
Begin MonoManager ReloadAssembly
- Loaded All Assemblies, in  0.283 seconds
Native extension for WindowsStandalone target not found
[Package Manager] Server::EnsureServerProcessIsRunning -- launch failed, reason: Unity was launched with the -noUpm command-line argument
[Package Manager] UpmClient::Send -- Unable to send message (not connected to UPM process).
[Package Manager] Cannot connect to Unity Package Manager local server
Mono: successfully reloaded assembly
- Finished resetting the current domain, in  0.569 seconds
Domain Reload Profiling: 851ms
	BeginReloadAssembly (97ms)
		ExecutionOrderSort (0ms)
		DisableScriptedObjects (3ms)
		BackupInstance (0ms)
		ReleaseScriptingObjects (0ms)
		CreateAndSetChildDomain (18ms)
	RebuildCommonClasses (22ms)
	RebuildNativeTypeToScriptingClass (7ms)
	initialDomainReloadingComplete (19ms)
	LoadAllAssembliesAndSetupDomain (137ms)
		LoadAssemblies (172ms)
		RebuildTransferFunctionScriptingTraits (0ms)
		AnalyzeDomain (18ms)
			TypeCache.Refresh (7ms)
				TypeCache.ScanAssembly (0ms)
			ScanForSourceGeneratedMonoScriptInfo (5ms)
			ResolveRequiredComponents (4ms)
	FinalizeReload (569ms)
		ReleaseScriptCaches (0ms)
		RebuildScriptCaches (0ms)
		SetupLoadedEditorAssemblies (335ms)
			LogAssemblyErrors (0ms)
			InitializePlatformSupportModulesInManaged (4ms)
			SetLoadedEditorAssemblies (2ms)
			RefreshPlugins (0ms)
			BeforeProcessingInitializeOnLoad (35ms)
			ProcessInitializeOnLoadAttributes (278ms)
			ProcessInitializeOnLoadMethodAttributes (13ms)
			AfterProcessingInitializeOnLoad (3ms)
			EditorAssembliesLoaded (0ms)
		ExecutionOrderSort2 (0ms)
		AwakeInstancesAfterBackupRestoration (5ms)
Refreshing native plugins compatible for Editor in 1.05 ms, found 3 plugins.
Preloading 0 native plugins for Editor in 0.00 ms.
Unloading 3152 Unused Serialized files (Serialized files now loaded: 0)
Unloading 16 unused Assets / (381.5 KB). Loaded Objects now: 3910.
Memory consumption went from 143.9 MB to 143.6 MB.
Total: 2.236000 ms (FindLiveObjects: 0.163100 ms CreateObjectMapping: 0.045100 ms MarkObjects: 1.860800 ms  DeleteObjects: 0.165800 ms)

Prepare: number of updated asset objects reloaded= 0
AssetImportParameters requested are different than current active one (requested -> active):
  custom:container-demuxer-ogg: 62fdf1f143b41e24485cea50d1cbac27 -> 
  custom:scripting/monoscript/fileName/MainMenuGUI.cs: 091df4f91c57b9accec9de62246fca77 -> 
  custom:video-codec-MediaFoundation-h265: 746d11721c4dcdbdad8f713fa42b33f4 -> 
  custom:video-decoder-ogg-theora: a1e56fd34408186e4bbccfd4996cb3dc -> 
  custom:scripting/monoscript/fileName/LoadScene.cs: 206f1b3f828a012e3128d4c1e305d0fb -> 
  custom:framework-win-MediaFoundation: 216162199b28c13a410421893ffa2e32 -> 
  custom:CustomObjectIndexerAttribute: 9a22284fe3817be447336de3de66b15e -> 
  custom:container-demuxer-webm: 4f35f7cbe854078d1ac9338744f61a02 -> 
  custom:container-muxer-webm: aa71ff27fc2769a1b78a27578f13a17b -> 
  custom:video-decoder-webm-vp8: 9c59270c3fd7afecdb556c50c9e8de78 -> 
  custom:SearchIndexIgnoredProperties: e643bd26f0fe6173181afceb89e7c659 -> 
  custom:AudioImporter_EditorPlatform: d09bf68614088b80899f8185d706f6e7 -> 
  custom:scripting/monoscript/fileName/QuitGame.cs: 5096369e521a632ecaa19ef6bb193ad3 -> 
  custom:video-encoder-webm-vp8: eb34c28f22e8b96e1ab97ce403110664 -> 
  custom:audio-decoder-ogg-vorbis: bf7c407c2cedff20999df2af8eb42d56 -> 
  custom:scripting/monoscript/fileName/MainMenuBtns.cs: 7a4c553ed157df86ad49bd371125fa92 -> 
  custom:audio-encoder-webm-vorbis: bf7c407c2cedff20999df2af8eb42d56 -> 
  custom:scripting/precompiled-assembly-types:Assembly-CSharp: 44bd21ee6fa755007334e6fc7b14a071 -> 51bdbbc7743e4ed3f8333c67aed2824c
========================================================================
Received Prepare
Caller must complete domain reload
Begin MonoManager ReloadAssembly
- Loaded All Assemblies, in  0.280 seconds
Native extension for WindowsStandalone target not found
[Package Manager] Server::EnsureServerProcessIsRunning -- launch failed, reason: Unity was launched with the -noUpm command-line argument
[Package Manager] UpmClient::Send -- Unable to send message (not connected to UPM process).
[Package Manager] Cannot connect to Unity Package Manager local server
Mono: successfully reloaded assembly
- Finished resetting the current domain, in  0.600 seconds
Domain Reload Profiling: 879ms
	BeginReloadAssembly (99ms)
		ExecutionOrderSort (0ms)
		DisableScriptedObjects (3ms)
		BackupInstance (0ms)
		ReleaseScriptingObjects (0ms)
		CreateAndSetChildDomain (18ms)
	RebuildCommonClasses (21ms)
	RebuildNativeTypeToScriptingClass (6ms)
	initialDomainReloadingComplete (18ms)
	LoadAllAssembliesAndSetupDomain (135ms)
		LoadAssemblies (169ms)
		RebuildTransferFunctionScriptingTraits (0ms)
		AnalyzeDomain (19ms)
			TypeCache.Refresh (7ms)
				TypeCache.ScanAssembly (0ms)
			ScanForSourceGeneratedMonoScriptInfo (7ms)
			ResolveRequiredComponents (4ms)
	FinalizeReload (600ms)
		ReleaseScriptCaches (0ms)
		RebuildScriptCaches (0ms)
		SetupLoadedEditorAssemblies (345ms)
			LogAssemblyErrors (0ms)
			InitializePlatformSupportModulesInManaged (5ms)
			SetLoadedEditorAssemblies (3ms)
			RefreshPlugins (0ms)
			BeforeProcessingInitializeOnLoad (48ms)
			ProcessInitializeOnLoadAttributes (273ms)
			ProcessInitializeOnLoadMethodAttributes (13ms)
			AfterProcessingInitializeOnLoad (3ms)
			EditorAssembliesLoaded (0ms)
		ExecutionOrderSort2 (0ms)
		AwakeInstancesAfterBackupRestoration (6ms)
Refreshing native plugins compatible for Editor in 0.99 ms, found 3 plugins.
Preloading 0 native plugins for Editor in 0.00 ms.
Unloading 3152 Unused Serialized files (Serialized files now loaded: 0)
Unloading 16 unused Assets / (373.5 KB). Loaded Objects now: 3913.
Memory consumption went from 143.9 MB to 143.6 MB.
Total: 2.108700 ms (FindLiveObjects: 0.157800 ms CreateObjectMapping: 0.042400 ms MarkObjects: 1.750900 ms  DeleteObjects: 0.156900 ms)

Prepare: number of updated asset objects reloaded= 0
AssetImportParameters requested are different than current active one (requested -> active):
  custom:container-demuxer-ogg: 62fdf1f143b41e24485cea50d1cbac27 -> 
  custom:scripting/monoscript/fileName/MainMenuGUI.cs: 091df4f91c57b9accec9de62246fca77 -> 
  custom:video-codec-MediaFoundation-h265: 746d11721c4dcdbdad8f713fa42b33f4 -> 
  custom:video-decoder-ogg-theora: a1e56fd34408186e4bbccfd4996cb3dc -> 
  custom:scripting/monoscript/fileName/LoadScene.cs: 206f1b3f828a012e3128d4c1e305d0fb -> 
  custom:framework-win-MediaFoundation: 216162199b28c13a410421893ffa2e32 -> 
  custom:CustomObjectIndexerAttribute: 9a22284fe3817be447336de3de66b15e -> 
  custom:container-demuxer-webm: 4f35f7cbe854078d1ac9338744f61a02 -> 
  custom:container-muxer-webm: aa71ff27fc2769a1b78a27578f13a17b -> 
  custom:video-decoder-webm-vp8: 9c59270c3fd7afecdb556c50c9e8de78 -> 
  custom:SearchIndexIgnoredProperties: e643bd26f0fe6173181afceb89e7c659 -> 
  custom:AudioImporter_EditorPlatform: d09bf68614088b80899f8185d706f6e7 -> 
  custom:scripting/monoscript/fileName/QuitGame.cs: 5096369e521a632ecaa19ef6bb193ad3 -> 
  custom:video-encoder-webm-vp8: eb34c28f22e8b96e1ab97ce403110664 -> 
  custom:audio-decoder-ogg-vorbis: bf7c407c2cedff20999df2af8eb42d56 -> 
  custom:scripting/monoscript/fileName/MainMenuBtns.cs: 7a4c553ed157df86ad49bd371125fa92 -> 
  custom:audio-encoder-webm-vorbis: bf7c407c2cedff20999df2af8eb42d56 -> 
  custom:scripting/precompiled-assembly-types:Assembly-CSharp: 44bd21ee6fa755007334e6fc7b14a071 -> 51bdbbc7743e4ed3f8333c67aed2824c
========================================================================
Received Prepare
Caller must complete domain reload
Begin MonoManager ReloadAssembly
- Loaded All Assemblies, in  0.282 seconds
Native extension for WindowsStandalone target not found
[Package Manager] Server::EnsureServerProcessIsRunning -- launch failed, reason: Unity was launched with the -noUpm command-line argument
[Package Manager] UpmClient::Send -- Unable to send message (not connected to UPM process).
[Package Manager] Cannot connect to Unity Package Manager local server
Mono: successfully reloaded assembly
- Finished resetting the current domain, in  0.603 seconds
Domain Reload Profiling: 885ms
	BeginReloadAssembly (99ms)
		ExecutionOrderSort (0ms)
		DisableScriptedObjects (3ms)
		BackupInstance (0ms)
		ReleaseScriptingObjects (0ms)
		CreateAndSetChildDomain (20ms)
	RebuildCommonClasses (22ms)
	RebuildNativeTypeToScriptingClass (7ms)
	initialDomainReloadingComplete (19ms)
	LoadAllAssembliesAndSetupDomain (134ms)
		LoadAssemblies (165ms)
		RebuildTransferFunctionScriptingTraits (0ms)
		AnalyzeDomain (21ms)
			TypeCache.Refresh (7ms)
				TypeCache.ScanAssembly (0ms)
			ScanForSourceGeneratedMonoScriptInfo (7ms)
			ResolveRequiredComponents (4ms)
	FinalizeReload (603ms)
		ReleaseScriptCaches (0ms)
		RebuildScriptCaches (0ms)
		SetupLoadedEditorAssemblies (351ms)
			LogAssemblyErrors (0ms)
			InitializePlatformSupportModulesInManaged (6ms)
			SetLoadedEditorAssemblies (3ms)
			RefreshPlugins (0ms)
			BeforeProcessingInitializeOnLoad (49ms)
			ProcessInitializeOnLoadAttributes (277ms)
			ProcessInitializeOnLoadMethodAttributes (13ms)
			AfterProcessingInitializeOnLoad (4ms)
			EditorAssembliesLoaded (0ms)
		ExecutionOrderSort2 (0ms)
		AwakeInstancesAfterBackupRestoration (6ms)
Refreshing native plugins compatible for Editor in 1.48 ms, found 3 plugins.
Preloading 0 native plugins for Editor in 0.00 ms.
Unloading 3152 Unused Serialized files (Serialized files now loaded: 0)
Unloading 16 unused Assets / (381.7 KB). Loaded Objects now: 3916.
Memory consumption went from 144.0 MB to 143.6 MB.
Total: 2.311600 ms (FindLiveObjects: 0.179800 ms CreateObjectMapping: 0.045000 ms MarkObjects: 1.922100 ms  DeleteObjects: 0.163500 ms)

Prepare: number of updated asset objects reloaded= 0
AssetImportParameters requested are different than current active one (requested -> active):
  custom:container-demuxer-ogg: 62fdf1f143b41e24485cea50d1cbac27 -> 
  custom:scripting/monoscript/fileName/MainMenuGUI.cs: 091df4f91c57b9accec9de62246fca77 -> 
  custom:video-codec-MediaFoundation-h265: 746d11721c4dcdbdad8f713fa42b33f4 -> 
  custom:video-decoder-ogg-theora: a1e56fd34408186e4bbccfd4996cb3dc -> 
  custom:scripting/monoscript/fileName/LoadScene.cs: 206f1b3f828a012e3128d4c1e305d0fb -> 
  custom:framework-win-MediaFoundation: 216162199b28c13a410421893ffa2e32 -> 
  custom:CustomObjectIndexerAttribute: 9a22284fe3817be447336de3de66b15e -> 
  custom:container-demuxer-webm: 4f35f7cbe854078d1ac9338744f61a02 -> 
  custom:container-muxer-webm: aa71ff27fc2769a1b78a27578f13a17b -> 
  custom:video-decoder-webm-vp8: 9c59270c3fd7afecdb556c50c9e8de78 -> 
  custom:SearchIndexIgnoredProperties: e643bd26f0fe6173181afceb89e7c659 -> 
  custom:AudioImporter_EditorPlatform: d09bf68614088b80899f8185d706f6e7 -> 
  custom:scripting/monoscript/fileName/QuitGame.cs: 5096369e521a632ecaa19ef6bb193ad3 -> 
  custom:video-encoder-webm-vp8: eb34c28f22e8b96e1ab97ce403110664 -> 
  custom:audio-decoder-ogg-vorbis: bf7c407c2cedff20999df2af8eb42d56 -> 
  custom:scripting/monoscript/fileName/MainMenuBtns.cs: 7a4c553ed157df86ad49bd371125fa92 -> 
  custom:audio-encoder-webm-vorbis: bf7c407c2cedff20999df2af8eb42d56 -> 
  custom:scripting/precompiled-assembly-types:Assembly-CSharp: 44bd21ee6fa755007334e6fc7b14a071 -> 51bdbbc7743e4ed3f8333c67aed2824c
========================================================================
Received Prepare
Caller must complete domain reload
Begin MonoManager ReloadAssembly
- Loaded All Assemblies, in  0.301 seconds
Native extension for WindowsStandalone target not found
[Package Manager] Server::EnsureServerProcessIsRunning -- launch failed, reason: Unity was launched with the -noUpm command-line argument
[Package Manager] UpmClient::Send -- Unable to send message (not connected to UPM process).
[Package Manager] Cannot connect to Unity Package Manager local server
Mono: successfully reloaded assembly
- Finished resetting the current domain, in  0.617 seconds
Domain Reload Profiling: 918ms
	BeginReloadAssembly (111ms)
		ExecutionOrderSort (0ms)
		DisableScriptedObjects (3ms)
		BackupInstance (0ms)
		ReleaseScriptingObjects (0ms)
		CreateAndSetChildDomain (24ms)
	RebuildCommonClasses (23ms)
	RebuildNativeTypeToScriptingClass (7ms)
	initialDomainReloadingComplete (17ms)
	LoadAllAssembliesAndSetupDomain (143ms)
		LoadAssemblies (183ms)
		RebuildTransferFunctionScriptingTraits (0ms)
		AnalyzeDomain (18ms)
			TypeCache.Refresh (8ms)
				TypeCache.ScanAssembly (0ms)
			ScanForSourceGeneratedMonoScriptInfo (5ms)
			ResolveRequiredComponents (4ms)
	FinalizeReload (617ms)
		ReleaseScriptCaches (0ms)
		RebuildScriptCaches (0ms)
		SetupLoadedEditorAssemblies (379ms)
			LogAssemblyErrors (0ms)
			InitializePlatformSupportModulesInManaged (4ms)
			SetLoadedEditorAssemblies (2ms)
			RefreshPlugins (0ms)
			BeforeProcessingInitializeOnLoad (44ms)
			ProcessInitializeOnLoadAttributes (313ms)
			ProcessInitializeOnLoadMethodAttributes (13ms)
			AfterProcessingInitializeOnLoad (3ms)
			EditorAssembliesLoaded (0ms)
		ExecutionOrderSort2 (0ms)
		AwakeInstancesAfterBackupRestoration (5ms)
Refreshing native plugins compatible for Editor in 1.16 ms, found 3 plugins.
Preloading 0 native plugins for Editor in 0.00 ms.
Unloading 3152 Unused Serialized files (Serialized files now loaded: 0)
Unloading 16 unused Assets / (373.5 KB). Loaded Objects now: 3919.
Memory consumption went from 143.9 MB to 143.6 MB.
Total: 2.983100 ms (FindLiveObjects: 0.313300 ms CreateObjectMapping: 0.139700 ms MarkObjects: 2.234200 ms  DeleteObjects: 0.291100 ms)

Prepare: number of updated asset objects reloaded= 0
AssetImportParameters requested are different than current active one (requested -> active):
  custom:container-demuxer-ogg: 62fdf1f143b41e24485cea50d1cbac27 -> 
  custom:scripting/monoscript/fileName/MainMenuGUI.cs: 091df4f91c57b9accec9de62246fca77 -> 
  custom:video-codec-MediaFoundation-h265: 746d11721c4dcdbdad8f713fa42b33f4 -> 
  custom:video-decoder-ogg-theora: a1e56fd34408186e4bbccfd4996cb3dc -> 
  custom:scripting/monoscript/fileName/LoadScene.cs: 206f1b3f828a012e3128d4c1e305d0fb -> 
  custom:framework-win-MediaFoundation: 216162199b28c13a410421893ffa2e32 -> 
  custom:CustomObjectIndexerAttribute: 9a22284fe3817be447336de3de66b15e -> 
  custom:container-demuxer-webm: 4f35f7cbe854078d1ac9338744f61a02 -> 
  custom:container-muxer-webm: aa71ff27fc2769a1b78a27578f13a17b -> 
  custom:video-decoder-webm-vp8: 9c59270c3fd7afecdb556c50c9e8de78 -> 
  custom:SearchIndexIgnoredProperties: e643bd26f0fe6173181afceb89e7c659 -> 
  custom:AudioImporter_EditorPlatform: d09bf68614088b80899f8185d706f6e7 -> 
  custom:scripting/monoscript/fileName/QuitGame.cs: 5096369e521a632ecaa19ef6bb193ad3 -> 
  custom:video-encoder-webm-vp8: eb34c28f22e8b96e1ab97ce403110664 -> 
  custom:audio-decoder-ogg-vorbis: bf7c407c2cedff20999df2af8eb42d56 -> 
  custom:scripting/monoscript/fileName/MainMenuBtns.cs: 7a4c553ed157df86ad49bd371125fa92 -> 
  custom:audio-encoder-webm-vorbis: bf7c407c2cedff20999df2af8eb42d56 -> 
  custom:scripting/precompiled-assembly-types:Assembly-CSharp: cd1bcf44ae4ca558299f3a75a543b677 -> 51bdbbc7743e4ed3f8333c67aed2824c
========================================================================
Received Prepare
Caller must complete domain reload
Begin MonoManager ReloadAssembly
- Loaded All Assemblies, in  0.289 seconds
Native extension for WindowsStandalone target not found
[Package Manager] Server::EnsureServerProcessIsRunning -- launch failed, reason: Unity was launched with the -noUpm command-line argument
[Package Manager] UpmClient::Send -- Unable to send message (not connected to UPM process).
[Package Manager] Cannot connect to Unity Package Manager local server
Mono: successfully reloaded assembly
- Finished resetting the current domain, in  0.611 seconds
Domain Reload Profiling: 899ms
	BeginReloadAssembly (100ms)
		ExecutionOrderSort (0ms)
		DisableScriptedObjects (3ms)
		BackupInstance (0ms)
		ReleaseScriptingObjects (0ms)
		CreateAndSetChildDomain (20ms)
	RebuildCommonClasses (22ms)
	RebuildNativeTypeToScriptingClass (8ms)
	initialDomainReloadingComplete (22ms)
	LoadAllAssembliesAndSetupDomain (136ms)
		LoadAssemblies (170ms)
		RebuildTransferFunctionScriptingTraits (0ms)
		AnalyzeDomain (19ms)
			TypeCache.Refresh (6ms)
				TypeCache.ScanAssembly (0ms)
			ScanForSourceGeneratedMonoScriptInfo (5ms)
			ResolveRequiredComponents (5ms)
	FinalizeReload (612ms)
		ReleaseScriptCaches (0ms)
		RebuildScriptCaches (0ms)
		SetupLoadedEditorAssemblies (356ms)
			LogAssemblyErrors (0ms)
			InitializePlatformSupportModulesInManaged (5ms)
			SetLoadedEditorAssemblies (3ms)
			RefreshPlugins (0ms)
			BeforeProcessingInitializeOnLoad (48ms)
			ProcessInitializeOnLoadAttributes (282ms)
			ProcessInitializeOnLoadMethodAttributes (13ms)
			AfterProcessingInitializeOnLoad (4ms)
			EditorAssembliesLoaded (0ms)
		ExecutionOrderSort2 (0ms)
		AwakeInstancesAfterBackupRestoration (6ms)
Refreshing native plugins compatible for Editor in 1.04 ms, found 3 plugins.
Preloading 0 native plugins for Editor in 0.00 ms.
Unloading 3152 Unused Serialized files (Serialized files now loaded: 0)
Unloading 16 unused Assets / (381.4 KB). Loaded Objects now: 3922.
Memory consumption went from 144.0 MB to 143.6 MB.
Total: 2.047900 ms (FindLiveObjects: 0.150700 ms CreateObjectMapping: 0.040400 ms MarkObjects: 1.694100 ms  DeleteObjects: 0.161800 ms)

Prepare: number of updated asset objects reloaded= 0
AssetImportParameters requested are different than current active one (requested -> active):
  custom:container-demuxer-ogg: 62fdf1f143b41e24485cea50d1cbac27 -> 
  custom:scripting/monoscript/fileName/MainMenuGUI.cs: 091df4f91c57b9accec9de62246fca77 -> 
  custom:video-codec-MediaFoundation-h265: 746d11721c4dcdbdad8f713fa42b33f4 -> 
  custom:video-decoder-ogg-theora: a1e56fd34408186e4bbccfd4996cb3dc -> 
  custom:scripting/monoscript/fileName/LoadScene.cs: 206f1b3f828a012e3128d4c1e305d0fb -> 
  custom:framework-win-MediaFoundation: 216162199b28c13a410421893ffa2e32 -> 
  custom:CustomObjectIndexerAttribute: 9a22284fe3817be447336de3de66b15e -> 
  custom:container-demuxer-webm: 4f35f7cbe854078d1ac9338744f61a02 -> 
  custom:container-muxer-webm: aa71ff27fc2769a1b78a27578f13a17b -> 
  custom:video-decoder-webm-vp8: 9c59270c3fd7afecdb556c50c9e8de78 -> 
  custom:SearchIndexIgnoredProperties: e643bd26f0fe6173181afceb89e7c659 -> 
  custom:AudioImporter_EditorPlatform: d09bf68614088b80899f8185d706f6e7 -> 
  custom:scripting/monoscript/fileName/QuitGame.cs: 5096369e521a632ecaa19ef6bb193ad3 -> 
  custom:video-encoder-webm-vp8: eb34c28f22e8b96e1ab97ce403110664 -> 
  custom:audio-decoder-ogg-vorbis: bf7c407c2cedff20999df2af8eb42d56 -> 
  custom:scripting/monoscript/fileName/MainMenuBtns.cs: 7a4c553ed157df86ad49bd371125fa92 -> 
  custom:audio-encoder-webm-vorbis: bf7c407c2cedff20999df2af8eb42d56 -> 
  custom:scripting/precompiled-assembly-types:Assembly-CSharp: cd1bcf44ae4ca558299f3a75a543b677 -> 51bdbbc7743e4ed3f8333c67aed2824c
========================================================================
Received Prepare
Caller must complete domain reload
Begin MonoManager ReloadAssembly
- Loaded All Assemblies, in  0.294 seconds
Native extension for WindowsStandalone target not found
[Package Manager] Server::EnsureServerProcessIsRunning -- launch failed, reason: Unity was launched with the -noUpm command-line argument
[Package Manager] UpmClient::Send -- Unable to send message (not connected to UPM process).
[Package Manager] Cannot connect to Unity Package Manager local server
Mono: successfully reloaded assembly
- Finished resetting the current domain, in  0.578 seconds
Domain Reload Profiling: 872ms
	BeginReloadAssembly (110ms)
		ExecutionOrderSort (0ms)
		DisableScriptedObjects (3ms)
		BackupInstance (0ms)
		ReleaseScriptingObjects (0ms)
		CreateAndSetChildDomain (24ms)
	RebuildCommonClasses (21ms)
	RebuildNativeTypeToScriptingClass (7ms)
	initialDomainReloadingComplete (20ms)
	LoadAllAssembliesAndSetupDomain (135ms)
		LoadAssemblies (175ms)
		RebuildTransferFunctionScriptingTraits (0ms)
		AnalyzeDomain (17ms)
			TypeCache.Refresh (6ms)
				TypeCache.ScanAssembly (0ms)
			ScanForSourceGeneratedMonoScriptInfo (5ms)
			ResolveRequiredComponents (3ms)
	FinalizeReload (579ms)
		ReleaseScriptCaches (0ms)
		RebuildScriptCaches (0ms)
		SetupLoadedEditorAssemblies (354ms)
			LogAssemblyErrors (0ms)
			InitializePlatformSupportModulesInManaged (4ms)
			SetLoadedEditorAssemblies (2ms)
			RefreshPlugins (0ms)
			BeforeProcessingInitializeOnLoad (43ms)
			ProcessInitializeOnLoadAttributes (287ms)
			ProcessInitializeOnLoadMethodAttributes (14ms)
			AfterProcessingInitializeOnLoad (4ms)
			EditorAssembliesLoaded (0ms)
		ExecutionOrderSort2 (0ms)
		AwakeInstancesAfterBackupRestoration (5ms)
Refreshing native plugins compatible for Editor in 1.28 ms, found 3 plugins.
Preloading 0 native plugins for Editor in 0.00 ms.
Unloading 3152 Unused Serialized files (Serialized files now loaded: 0)
Unloading 16 unused Assets / (373.3 KB). Loaded Objects now: 3925.
Memory consumption went from 143.9 MB to 143.6 MB.
Total: 2.335900 ms (FindLiveObjects: 0.205400 ms CreateObjectMapping: 0.047300 ms MarkObjects: 1.918200 ms  DeleteObjects: 0.164000 ms)

Prepare: number of updated asset objects reloaded= 0
AssetImportParameters requested are different than current active one (requested -> active):
  custom:container-demuxer-ogg: 62fdf1f143b41e24485cea50d1cbac27 -> 
  custom:scripting/monoscript/fileName/MainMenuGUI.cs: 091df4f91c57b9accec9de62246fca77 -> 
  custom:video-codec-MediaFoundation-h265: 746d11721c4dcdbdad8f713fa42b33f4 -> 
  custom:video-decoder-ogg-theora: a1e56fd34408186e4bbccfd4996cb3dc -> 
  custom:scripting/monoscript/fileName/LoadScene.cs: 206f1b3f828a012e3128d4c1e305d0fb -> 
  custom:framework-win-MediaFoundation: 216162199b28c13a410421893ffa2e32 -> 
  custom:CustomObjectIndexerAttribute: 9a22284fe3817be447336de3de66b15e -> 
  custom:container-demuxer-webm: 4f35f7cbe854078d1ac9338744f61a02 -> 
  custom:container-muxer-webm: aa71ff27fc2769a1b78a27578f13a17b -> 
  custom:video-decoder-webm-vp8: 9c59270c3fd7afecdb556c50c9e8de78 -> 
  custom:SearchIndexIgnoredProperties: e643bd26f0fe6173181afceb89e7c659 -> 
  custom:AudioImporter_EditorPlatform: d09bf68614088b80899f8185d706f6e7 -> 
  custom:scripting/monoscript/fileName/QuitGame.cs: 5096369e521a632ecaa19ef6bb193ad3 -> 
  custom:video-encoder-webm-vp8: eb34c28f22e8b96e1ab97ce403110664 -> 
  custom:audio-decoder-ogg-vorbis: bf7c407c2cedff20999df2af8eb42d56 -> 
  custom:scripting/monoscript/fileName/MainMenuBtns.cs: 7a4c553ed157df86ad49bd371125fa92 -> 
  custom:audio-encoder-webm-vorbis: bf7c407c2cedff20999df2af8eb42d56 -> 
  custom:scripting/precompiled-assembly-types:Assembly-CSharp: cd1bcf44ae4ca558299f3a75a543b677 -> 51bdbbc7743e4ed3f8333c67aed2824c
========================================================================
Received Prepare
Caller must complete domain reload
Begin MonoManager ReloadAssembly
- Loaded All Assemblies, in  0.327 seconds
Native extension for WindowsStandalone target not found
[Package Manager] Server::EnsureServerProcessIsRunning -- launch failed, reason: Unity was launched with the -noUpm command-line argument
[Package Manager] UpmClient::Send -- Unable to send message (not connected to UPM process).
[Package Manager] Cannot connect to Unity Package Manager local server
Mono: successfully reloaded assembly
- Finished resetting the current domain, in  0.685 seconds
Domain Reload Profiling: 1011ms
	BeginReloadAssembly (119ms)
		ExecutionOrderSort (0ms)
		DisableScriptedObjects (4ms)
		BackupInstance (0ms)
		ReleaseScriptingObjects (0ms)
		CreateAndSetChildDomain (23ms)
	RebuildCommonClasses (22ms)
	RebuildNativeTypeToScriptingClass (8ms)
	initialDomainReloadingComplete (24ms)
	LoadAllAssembliesAndSetupDomain (154ms)
		LoadAssemblies (202ms)
		RebuildTransferFunctionScriptingTraits (0ms)
		AnalyzeDomain (18ms)
			TypeCache.Refresh (8ms)
				TypeCache.ScanAssembly (0ms)
			ScanForSourceGeneratedMonoScriptInfo (4ms)
			ResolveRequiredComponents (4ms)
	FinalizeReload (685ms)
		ReleaseScriptCaches (0ms)
		RebuildScriptCaches (0ms)
		SetupLoadedEditorAssemblies (340ms)
			LogAssemblyErrors (0ms)
			InitializePlatformSupportModulesInManaged (7ms)
			SetLoadedEditorAssemblies (3ms)
			RefreshPlugins (0ms)
			BeforeProcessingInitializeOnLoad (61ms)
			ProcessInitializeOnLoadAttributes (251ms)
			ProcessInitializeOnLoadMethodAttributes (14ms)
			AfterProcessingInitializeOnLoad (3ms)
			EditorAssembliesLoaded (0ms)
		ExecutionOrderSort2 (0ms)
		AwakeInstancesAfterBackupRestoration (5ms)
Refreshing native plugins compatible for Editor in 1.11 ms, found 3 plugins.
Preloading 0 native plugins for Editor in 0.00 ms.
Unloading 3152 Unused Serialized files (Serialized files now loaded: 0)
Unloading 16 unused Assets / (373.4 KB). Loaded Objects now: 3928.
Memory consumption went from 143.9 MB to 143.6 MB.
Total: 3.021500 ms (FindLiveObjects: 0.309400 ms CreateObjectMapping: 0.086900 ms MarkObjects: 2.333100 ms  DeleteObjects: 0.290800 ms)

Prepare: number of updated asset objects reloaded= 0
AssetImportParameters requested are different than current active one (requested -> active):
  custom:container-demuxer-ogg: 62fdf1f143b41e24485cea50d1cbac27 -> 
  custom:scripting/monoscript/fileName/MainMenuGUI.cs: 091df4f91c57b9accec9de62246fca77 -> 
  custom:video-codec-MediaFoundation-h265: 746d11721c4dcdbdad8f713fa42b33f4 -> 
  custom:video-decoder-ogg-theora: a1e56fd34408186e4bbccfd4996cb3dc -> 
  custom:scripting/monoscript/fileName/LoadScene.cs: 206f1b3f828a012e3128d4c1e305d0fb -> 
  custom:framework-win-MediaFoundation: 216162199b28c13a410421893ffa2e32 -> 
  custom:CustomObjectIndexerAttribute: 9a22284fe3817be447336de3de66b15e -> 
  custom:container-demuxer-webm: 4f35f7cbe854078d1ac9338744f61a02 -> 
  custom:container-muxer-webm: aa71ff27fc2769a1b78a27578f13a17b -> 
  custom:video-decoder-webm-vp8: 9c59270c3fd7afecdb556c50c9e8de78 -> 
  custom:SearchIndexIgnoredProperties: e643bd26f0fe6173181afceb89e7c659 -> 
  custom:AudioImporter_EditorPlatform: d09bf68614088b80899f8185d706f6e7 -> 
  custom:scripting/monoscript/fileName/QuitGame.cs: 5096369e521a632ecaa19ef6bb193ad3 -> 
  custom:video-encoder-webm-vp8: eb34c28f22e8b96e1ab97ce403110664 -> 
  custom:audio-decoder-ogg-vorbis: bf7c407c2cedff20999df2af8eb42d56 -> 
  custom:scripting/monoscript/fileName/MainMenuBtns.cs: 7a4c553ed157df86ad49bd371125fa92 -> 
  custom:audio-encoder-webm-vorbis: bf7c407c2cedff20999df2af8eb42d56 -> 
  custom:scripting/precompiled-assembly-types:Assembly-CSharp: cd1bcf44ae4ca558299f3a75a543b677 -> 51bdbbc7743e4ed3f8333c67aed2824c
========================================================================
Received Prepare
Caller must complete domain reload
Begin MonoManager ReloadAssembly
- Loaded All Assemblies, in  0.395 seconds
Native extension for WindowsStandalone target not found
[Package Manager] Server::EnsureServerProcessIsRunning -- launch failed, reason: Unity was launched with the -noUpm command-line argument
[Package Manager] UpmClient::Send -- Unable to send message (not connected to UPM process).
[Package Manager] Cannot connect to Unity Package Manager local server
Mono: successfully reloaded assembly
- Finished resetting the current domain, in  0.615 seconds
Domain Reload Profiling: 1009ms
	BeginReloadAssembly (148ms)
		ExecutionOrderSort (0ms)
		DisableScriptedObjects (3ms)
		BackupInstance (0ms)
		ReleaseScriptingObjects (0ms)
		CreateAndSetChildDomain (35ms)
	RebuildCommonClasses (26ms)
	RebuildNativeTypeToScriptingClass (7ms)
	initialDomainReloadingComplete (21ms)
	LoadAllAssembliesAndSetupDomain (191ms)
		LoadAssemblies (252ms)
		RebuildTransferFunctionScriptingTraits (0ms)
		AnalyzeDomain (20ms)
			TypeCache.Refresh (10ms)
				TypeCache.ScanAssembly (0ms)
			ScanForSourceGeneratedMonoScriptInfo (5ms)
			ResolveRequiredComponents (4ms)
	FinalizeReload (616ms)
		ReleaseScriptCaches (0ms)
		RebuildScriptCaches (0ms)
		SetupLoadedEditorAssemblies (338ms)
			LogAssemblyErrors (0ms)
			InitializePlatformSupportModulesInManaged (6ms)
			SetLoadedEditorAssemblies (3ms)
			RefreshPlugins (0ms)
			BeforeProcessingInitializeOnLoad (57ms)
			ProcessInitializeOnLoadAttributes (256ms)
			ProcessInitializeOnLoadMethodAttributes (13ms)
			AfterProcessingInitializeOnLoad (3ms)
			EditorAssembliesLoaded (0ms)
		ExecutionOrderSort2 (0ms)
		AwakeInstancesAfterBackupRestoration (5ms)
Refreshing native plugins compatible for Editor in 1.04 ms, found 3 plugins.
Preloading 0 native plugins for Editor in 0.00 ms.
Unloading 3152 Unused Serialized files (Serialized files now loaded: 0)
Unloading 16 unused Assets / (373.6 KB). Loaded Objects now: 3931.
Memory consumption went from 144.0 MB to 143.6 MB.
Total: 2.258900 ms (FindLiveObjects: 0.162500 ms CreateObjectMapping: 0.044100 ms MarkObjects: 1.893900 ms  DeleteObjects: 0.157700 ms)

Prepare: number of updated asset objects reloaded= 0
AssetImportParameters requested are different than current active one (requested -> active):
  custom:container-demuxer-ogg: 62fdf1f143b41e24485cea50d1cbac27 -> 
  custom:scripting/monoscript/fileName/MainMenuGUI.cs: 091df4f91c57b9accec9de62246fca77 -> 
  custom:video-codec-MediaFoundation-h265: 746d11721c4dcdbdad8f713fa42b33f4 -> 
  custom:video-decoder-ogg-theora: a1e56fd34408186e4bbccfd4996cb3dc -> 
  custom:scripting/monoscript/fileName/LoadScene.cs: 206f1b3f828a012e3128d4c1e305d0fb -> 
  custom:framework-win-MediaFoundation: 216162199b28c13a410421893ffa2e32 -> 
  custom:CustomObjectIndexerAttribute: 9a22284fe3817be447336de3de66b15e -> 
  custom:container-demuxer-webm: 4f35f7cbe854078d1ac9338744f61a02 -> 
  custom:container-muxer-webm: aa71ff27fc2769a1b78a27578f13a17b -> 
  custom:video-decoder-webm-vp8: 9c59270c3fd7afecdb556c50c9e8de78 -> 
  custom:SearchIndexIgnoredProperties: e643bd26f0fe6173181afceb89e7c659 -> 
  custom:AudioImporter_EditorPlatform: d09bf68614088b80899f8185d706f6e7 -> 
  custom:scripting/monoscript/fileName/QuitGame.cs: 5096369e521a632ecaa19ef6bb193ad3 -> 
  custom:video-encoder-webm-vp8: eb34c28f22e8b96e1ab97ce403110664 -> 
  custom:audio-decoder-ogg-vorbis: bf7c407c2cedff20999df2af8eb42d56 -> 
  custom:scripting/monoscript/fileName/MainMenuBtns.cs: 7a4c553ed157df86ad49bd371125fa92 -> 
  custom:audio-encoder-webm-vorbis: bf7c407c2cedff20999df2af8eb42d56 -> 
  custom:scripting/precompiled-assembly-types:Assembly-CSharp: 92f733a14cdf4c1f6cf3f4ad0ee0c4c4 -> 51bdbbc7743e4ed3f8333c67aed2824c
========================================================================
Received Prepare
Caller must complete domain reload
Begin MonoManager ReloadAssembly
- Loaded All Assemblies, in  0.269 seconds
Native extension for WindowsStandalone target not found
[Package Manager] Server::EnsureServerProcessIsRunning -- launch failed, reason: Unity was launched with the -noUpm command-line argument
[Package Manager] UpmClient::Send -- Unable to send message (not connected to UPM process).
[Package Manager] Cannot connect to Unity Package Manager local server
Mono: successfully reloaded assembly
- Finished resetting the current domain, in  0.642 seconds
Domain Reload Profiling: 910ms
	BeginReloadAssembly (96ms)
		ExecutionOrderSort (0ms)
		DisableScriptedObjects (3ms)
		BackupInstance (0ms)
		ReleaseScriptingObjects (0ms)
		CreateAndSetChildDomain (19ms)
	RebuildCommonClasses (20ms)
	RebuildNativeTypeToScriptingClass (7ms)
	initialDomainReloadingComplete (18ms)
	LoadAllAssembliesAndSetupDomain (126ms)
		LoadAssemblies (166ms)
		RebuildTransferFunctionScriptingTraits (0ms)
		AnalyzeDomain (11ms)
			TypeCache.Refresh (4ms)
				TypeCache.ScanAssembly (0ms)
			ScanForSourceGeneratedMonoScriptInfo (0ms)
			ResolveRequiredComponents (4ms)
	FinalizeReload (643ms)
		ReleaseScriptCaches (0ms)
		RebuildScriptCaches (0ms)
		SetupLoadedEditorAssemblies (379ms)
			LogAssemblyErrors (0ms)
			InitializePlatformSupportModulesInManaged (5ms)
			SetLoadedEditorAssemblies (3ms)
			RefreshPlugins (0ms)
			BeforeProcessingInitializeOnLoad (47ms)
			ProcessInitializeOnLoadAttributes (301ms)
			ProcessInitializeOnLoadMethodAttributes (19ms)
			AfterProcessingInitializeOnLoad (4ms)
			EditorAssembliesLoaded (0ms)
		ExecutionOrderSort2 (0ms)
		AwakeInstancesAfterBackupRestoration (6ms)
Refreshing native plugins compatible for Editor in 1.67 ms, found 3 plugins.
Preloading 0 native plugins for Editor in 0.00 ms.
Unloading 3152 Unused Serialized files (Serialized files now loaded: 0)
Unloading 16 unused Assets / (373.6 KB). Loaded Objects now: 3934.
Memory consumption went from 144.0 MB to 143.6 MB.
Total: 3.925500 ms (FindLiveObjects: 0.355900 ms CreateObjectMapping: 0.063500 ms MarkObjects: 3.005500 ms  DeleteObjects: 0.492400 ms)

Prepare: number of updated asset objects reloaded= 0
AssetImportParameters requested are different than current active one (requested -> active):
  custom:container-demuxer-ogg: 62fdf1f143b41e24485cea50d1cbac27 -> 
  custom:scripting/monoscript/fileName/MainMenuGUI.cs: 091df4f91c57b9accec9de62246fca77 -> 
  custom:video-codec-MediaFoundation-h265: 746d11721c4dcdbdad8f713fa42b33f4 -> 
  custom:video-decoder-ogg-theora: a1e56fd34408186e4bbccfd4996cb3dc -> 
  custom:scripting/monoscript/fileName/LoadScene.cs: 206f1b3f828a012e3128d4c1e305d0fb -> 
  custom:framework-win-MediaFoundation: 216162199b28c13a410421893ffa2e32 -> 
  custom:CustomObjectIndexerAttribute: 9a22284fe3817be447336de3de66b15e -> 
  custom:container-demuxer-webm: 4f35f7cbe854078d1ac9338744f61a02 -> 
  custom:container-muxer-webm: aa71ff27fc2769a1b78a27578f13a17b -> 
  custom:video-decoder-webm-vp8: 9c59270c3fd7afecdb556c50c9e8de78 -> 
  custom:SearchIndexIgnoredProperties: e643bd26f0fe6173181afceb89e7c659 -> 
  custom:AudioImporter_EditorPlatform: d09bf68614088b80899f8185d706f6e7 -> 
  custom:scripting/monoscript/fileName/QuitGame.cs: 5096369e521a632ecaa19ef6bb193ad3 -> 
  custom:video-encoder-webm-vp8: eb34c28f22e8b96e1ab97ce403110664 -> 
  custom:audio-decoder-ogg-vorbis: bf7c407c2cedff20999df2af8eb42d56 -> 
  custom:scripting/monoscript/fileName/MainMenuBtns.cs: 7a4c553ed157df86ad49bd371125fa92 -> 
  custom:audio-encoder-webm-vorbis: bf7c407c2cedff20999df2af8eb42d56 -> 
  custom:scripting/precompiled-assembly-types:Assembly-CSharp: 92f733a14cdf4c1f6cf3f4ad0ee0c4c4 -> 51bdbbc7743e4ed3f8333c67aed2824c
========================================================================
Received Import Request.
  Time since last request: 1072.205387 seconds.
  path: Assets/MyAssets/GUI/Main Menu.guiskin
  artifactKey: Guid(10439ca1d55065d4595406bce1d8ca10) Importer(815301076,1909f56bfc062723c751e8b465ee728b)
Start importing Assets/MyAssets/GUI/Main Menu.guiskin using Guid(10439ca1d55065d4595406bce1d8ca10) Importer(815301076,1909f56bfc062723c751e8b465ee728b) [PhysX] Initialized MultithreadedTaskDispatcher with 32 workers.
 -> (artifact id: '4a66a6bae5e15758e1da8877631df3b8') in 0.011163 seconds
Number of updated asset objects reloaded before import = 0
Number of asset objects unloaded after import = 1
========================================================================
Received Prepare
Caller must complete domain reload
Begin MonoManager ReloadAssembly
- Loaded All Assemblies, in  0.291 seconds
Native extension for WindowsStandalone target not found
[Package Manager] Server::EnsureServerProcessIsRunning -- launch failed, reason: Unity was launched with the -noUpm command-line argument
[Package Manager] UpmClient::Send -- Unable to send message (not connected to UPM process).
[Package Manager] Cannot connect to Unity Package Manager local server
Mono: successfully reloaded assembly
- Finished resetting the current domain, in  0.550 seconds
Domain Reload Profiling: 840ms
	BeginReloadAssembly (109ms)
		ExecutionOrderSort (0ms)
		DisableScriptedObjects (4ms)
		BackupInstance (0ms)
		ReleaseScriptingObjects (0ms)
		CreateAndSetChildDomain (22ms)
	RebuildCommonClasses (21ms)
	RebuildNativeTypeToScriptingClass (9ms)
	initialDomainReloadingComplete (18ms)
	LoadAllAssembliesAndSetupDomain (134ms)
		LoadAssemblies (183ms)
		RebuildTransferFunctionScriptingTraits (0ms)
		AnalyzeDomain (10ms)
			TypeCache.Refresh (4ms)
				TypeCache.ScanAssembly (0ms)
			ScanForSourceGeneratedMonoScriptInfo (0ms)
			ResolveRequiredComponents (4ms)
	FinalizeReload (550ms)
		ReleaseScriptCaches (0ms)
		RebuildScriptCaches (0ms)
		SetupLoadedEditorAssemblies (330ms)
			LogAssemblyErrors (0ms)
			InitializePlatformSupportModulesInManaged (4ms)
			SetLoadedEditorAssemblies (4ms)
			RefreshPlugins (0ms)
			BeforeProcessingInitializeOnLoad (37ms)
			ProcessInitializeOnLoadAttributes (264ms)
			ProcessInitializeOnLoadMethodAttributes (17ms)
			AfterProcessingInitializeOnLoad (4ms)
			EditorAssembliesLoaded (0ms)
		ExecutionOrderSort2 (0ms)
		AwakeInstancesAfterBackupRestoration (7ms)
Refreshing native plugins compatible for Editor in 1.88 ms, found 3 plugins.
Preloading 0 native plugins for Editor in 0.00 ms.
Unloading 3151 Unused Serialized files (Serialized files now loaded: 0)
Unloading 16 unused Assets / (381.4 KB). Loaded Objects now: 3937.
Memory consumption went from 143.7 MB to 143.3 MB.
Total: 2.775700 ms (FindLiveObjects: 0.241900 ms CreateObjectMapping: 0.059000 ms MarkObjects: 2.254100 ms  DeleteObjects: 0.219600 ms)

Prepare: number of updated asset objects reloaded= 0
AssetImportParameters requested are different than current active one (requested -> active):
  custom:container-demuxer-ogg: 62fdf1f143b41e24485cea50d1cbac27 -> 
  custom:scripting/monoscript/fileName/MainMenuGUI.cs: 091df4f91c57b9accec9de62246fca77 -> 
  custom:video-codec-MediaFoundation-h265: 746d11721c4dcdbdad8f713fa42b33f4 -> 
  custom:video-decoder-ogg-theora: a1e56fd34408186e4bbccfd4996cb3dc -> 
  custom:scripting/monoscript/fileName/LoadScene.cs: 206f1b3f828a012e3128d4c1e305d0fb -> 
  custom:framework-win-MediaFoundation: 216162199b28c13a410421893ffa2e32 -> 
  custom:CustomObjectIndexerAttribute: 9a22284fe3817be447336de3de66b15e -> 
  custom:container-demuxer-webm: 4f35f7cbe854078d1ac9338744f61a02 -> 
  custom:container-muxer-webm: aa71ff27fc2769a1b78a27578f13a17b -> 
  custom:video-decoder-webm-vp8: 9c59270c3fd7afecdb556c50c9e8de78 -> 
  custom:SearchIndexIgnoredProperties: e643bd26f0fe6173181afceb89e7c659 -> 
  custom:AudioImporter_EditorPlatform: d09bf68614088b80899f8185d706f6e7 -> 
  custom:scripting/monoscript/fileName/QuitGame.cs: 5096369e521a632ecaa19ef6bb193ad3 -> 
  custom:video-encoder-webm-vp8: eb34c28f22e8b96e1ab97ce403110664 -> 
  custom:audio-decoder-ogg-vorbis: bf7c407c2cedff20999df2af8eb42d56 -> 
  custom:scripting/monoscript/fileName/MainMenuBtns.cs: 7a4c553ed157df86ad49bd371125fa92 -> 
  custom:audio-encoder-webm-vorbis: bf7c407c2cedff20999df2af8eb42d56 -> 
  custom:scripting/precompiled-assembly-types:Assembly-CSharp: 92f733a14cdf4c1f6cf3f4ad0ee0c4c4 -> 51bdbbc7743e4ed3f8333c67aed2824c
========================================================================
Received Import Request.
  Time since last request: 13.927877 seconds.
  path: Assets/MyAssets/GUI/Main Menu.guiskin
  artifactKey: Guid(10439ca1d55065d4595406bce1d8ca10) Importer(815301076,1909f56bfc062723c751e8b465ee728b)
Start importing Assets/MyAssets/GUI/Main Menu.guiskin using Guid(10439ca1d55065d4595406bce1d8ca10) Importer(815301076,1909f56bfc062723c751e8b465ee728b) [PhysX] Initialized MultithreadedTaskDispatcher with 32 workers.
 -> (artifact id: '1bd0b3255bedda4dfb1700e5a8bfc0c7') in 0.012332 seconds
Number of updated asset objects reloaded before import = 0
Number of asset objects unloaded after import = 1
========================================================================
Received Prepare
Caller must complete domain reload
Begin MonoManager ReloadAssembly
- Loaded All Assemblies, in  0.269 seconds
Native extension for WindowsStandalone target not found
[Package Manager] Server::EnsureServerProcessIsRunning -- launch failed, reason: Unity was launched with the -noUpm command-line argument
[Package Manager] UpmClient::Send -- Unable to send message (not connected to UPM process).
[Package Manager] Cannot connect to Unity Package Manager local server
Mono: successfully reloaded assembly
- Finished resetting the current domain, in  0.550 seconds
Domain Reload Profiling: 819ms
	BeginReloadAssembly (101ms)
		ExecutionOrderSort (0ms)
		DisableScriptedObjects (3ms)
		BackupInstance (0ms)
		ReleaseScriptingObjects (0ms)
		CreateAndSetChildDomain (22ms)
	RebuildCommonClasses (19ms)
	RebuildNativeTypeToScriptingClass (6ms)
	initialDomainReloadingComplete (18ms)
	LoadAllAssembliesAndSetupDomain (123ms)
		LoadAssemblies (165ms)
		RebuildTransferFunctionScriptingTraits (0ms)
		AnalyzeDomain (11ms)
			TypeCache.Refresh (4ms)
				TypeCache.ScanAssembly (0ms)
			ScanForSourceGeneratedMonoScriptInfo (0ms)
			ResolveRequiredComponents (4ms)
	FinalizeReload (551ms)
		ReleaseScriptCaches (0ms)
		RebuildScriptCaches (0ms)
		SetupLoadedEditorAssemblies (339ms)
			LogAssemblyErrors (0ms)
			InitializePlatformSupportModulesInManaged (4ms)
			SetLoadedEditorAssemblies (2ms)
			RefreshPlugins (0ms)
			BeforeProcessingInitializeOnLoad (36ms)
			ProcessInitializeOnLoadAttributes (274ms)
			ProcessInitializeOnLoadMethodAttributes (18ms)
			AfterProcessingInitializeOnLoad (4ms)
			EditorAssembliesLoaded (0ms)
		ExecutionOrderSort2 (0ms)
		AwakeInstancesAfterBackupRestoration (6ms)
Refreshing native plugins compatible for Editor in 1.59 ms, found 3 plugins.
Preloading 0 native plugins for Editor in 0.00 ms.
Unloading 3151 Unused Serialized files (Serialized files now loaded: 0)
Unloading 16 unused Assets / (373.5 KB). Loaded Objects now: 3940.
Memory consumption went from 143.7 MB to 143.3 MB.
Total: 3.058500 ms (FindLiveObjects: 0.180700 ms CreateObjectMapping: 0.052100 ms MarkObjects: 2.619100 ms  DeleteObjects: 0.205600 ms)

Prepare: number of updated asset objects reloaded= 0
AssetImportParameters requested are different than current active one (requested -> active):
  custom:container-demuxer-ogg: 62fdf1f143b41e24485cea50d1cbac27 -> 
  custom:scripting/monoscript/fileName/MainMenuGUI.cs: 091df4f91c57b9accec9de62246fca77 -> 
  custom:video-codec-MediaFoundation-h265: 746d11721c4dcdbdad8f713fa42b33f4 -> 
  custom:video-decoder-ogg-theora: a1e56fd34408186e4bbccfd4996cb3dc -> 
  custom:scripting/monoscript/fileName/LoadScene.cs: 206f1b3f828a012e3128d4c1e305d0fb -> 
  custom:framework-win-MediaFoundation: 216162199b28c13a410421893ffa2e32 -> 
  custom:CustomObjectIndexerAttribute: 9a22284fe3817be447336de3de66b15e -> 
  custom:container-demuxer-webm: 4f35f7cbe854078d1ac9338744f61a02 -> 
  custom:container-muxer-webm: aa71ff27fc2769a1b78a27578f13a17b -> 
  custom:video-decoder-webm-vp8: 9c59270c3fd7afecdb556c50c9e8de78 -> 
  custom:SearchIndexIgnoredProperties: e643bd26f0fe6173181afceb89e7c659 -> 
  custom:AudioImporter_EditorPlatform: d09bf68614088b80899f8185d706f6e7 -> 
  custom:scripting/monoscript/fileName/QuitGame.cs: 5096369e521a632ecaa19ef6bb193ad3 -> 
  custom:video-encoder-webm-vp8: eb34c28f22e8b96e1ab97ce403110664 -> 
  custom:audio-decoder-ogg-vorbis: bf7c407c2cedff20999df2af8eb42d56 -> 
  custom:scripting/monoscript/fileName/MainMenuBtns.cs: 7a4c553ed157df86ad49bd371125fa92 -> 
  custom:audio-encoder-webm-vorbis: bf7c407c2cedff20999df2af8eb42d56 -> 
  custom:scripting/precompiled-assembly-types:Assembly-CSharp: 92f733a14cdf4c1f6cf3f4ad0ee0c4c4 -> 51bdbbc7743e4ed3f8333c67aed2824c
========================================================================
Received Prepare
Caller must complete domain reload
Begin MonoManager ReloadAssembly
- Loaded All Assemblies, in  0.260 seconds
Native extension for WindowsStandalone target not found
[Package Manager] Server::EnsureServerProcessIsRunning -- launch failed, reason: Unity was launched with the -noUpm command-line argument
[Package Manager] UpmClient::Send -- Unable to send message (not connected to UPM process).
[Package Manager] Cannot connect to Unity Package Manager local server
Mono: successfully reloaded assembly
- Finished resetting the current domain, in  0.501 seconds
Domain Reload Profiling: 761ms
	BeginReloadAssembly (99ms)
		ExecutionOrderSort (0ms)
		DisableScriptedObjects (3ms)
		BackupInstance (0ms)
		ReleaseScriptingObjects (0ms)
		CreateAndSetChildDomain (21ms)
	RebuildCommonClasses (19ms)
	RebuildNativeTypeToScriptingClass (6ms)
	initialDomainReloadingComplete (17ms)
	LoadAllAssembliesAndSetupDomain (118ms)
		LoadAssemblies (158ms)
		RebuildTransferFunctionScriptingTraits (0ms)
		AnalyzeDomain (11ms)
			TypeCache.Refresh (5ms)
				TypeCache.ScanAssembly (0ms)
			ScanForSourceGeneratedMonoScriptInfo (0ms)
			ResolveRequiredComponents (4ms)
	FinalizeReload (502ms)
		ReleaseScriptCaches (0ms)
		RebuildScriptCaches (0ms)
		SetupLoadedEditorAssemblies (292ms)
			LogAssemblyErrors (0ms)
			InitializePlatformSupportModulesInManaged (4ms)
			SetLoadedEditorAssemblies (2ms)
			RefreshPlugins (0ms)
			BeforeProcessingInitializeOnLoad (37ms)
			ProcessInitializeOnLoadAttributes (232ms)
			ProcessInitializeOnLoadMethodAttributes (15ms)
			AfterProcessingInitializeOnLoad (3ms)
			EditorAssembliesLoaded (0ms)
		ExecutionOrderSort2 (0ms)
		AwakeInstancesAfterBackupRestoration (5ms)
Refreshing native plugins compatible for Editor in 1.50 ms, found 3 plugins.
Preloading 0 native plugins for Editor in 0.00 ms.
Unloading 3152 Unused Serialized files (Serialized files now loaded: 0)
Unloading 16 unused Assets / (373.5 KB). Loaded Objects now: 3943.
Memory consumption went from 144.0 MB to 143.6 MB.
Total: 2.930400 ms (FindLiveObjects: 0.325000 ms CreateObjectMapping: 0.058800 ms MarkObjects: 2.347700 ms  DeleteObjects: 0.197500 ms)

Prepare: number of updated asset objects reloaded= 0
AssetImportParameters requested are different than current active one (requested -> active):
  custom:container-demuxer-ogg: 62fdf1f143b41e24485cea50d1cbac27 -> 
  custom:scripting/monoscript/fileName/MainMenuGUI.cs: 091df4f91c57b9accec9de62246fca77 -> 
  custom:video-codec-MediaFoundation-h265: 746d11721c4dcdbdad8f713fa42b33f4 -> 
  custom:video-decoder-ogg-theora: a1e56fd34408186e4bbccfd4996cb3dc -> 
  custom:scripting/monoscript/fileName/LoadScene.cs: 206f1b3f828a012e3128d4c1e305d0fb -> 
  custom:framework-win-MediaFoundation: 216162199b28c13a410421893ffa2e32 -> 
  custom:CustomObjectIndexerAttribute: 9a22284fe3817be447336de3de66b15e -> 
  custom:container-demuxer-webm: 4f35f7cbe854078d1ac9338744f61a02 -> 
  custom:container-muxer-webm: aa71ff27fc2769a1b78a27578f13a17b -> 
  custom:video-decoder-webm-vp8: 9c59270c3fd7afecdb556c50c9e8de78 -> 
  custom:SearchIndexIgnoredProperties: e643bd26f0fe6173181afceb89e7c659 -> 
  custom:AudioImporter_EditorPlatform: d09bf68614088b80899f8185d706f6e7 -> 
  custom:scripting/monoscript/fileName/QuitGame.cs: 5096369e521a632ecaa19ef6bb193ad3 -> 
  custom:video-encoder-webm-vp8: eb34c28f22e8b96e1ab97ce403110664 -> 
  custom:audio-decoder-ogg-vorbis: bf7c407c2cedff20999df2af8eb42d56 -> 
  custom:scripting/monoscript/fileName/MainMenuBtns.cs: 7a4c553ed157df86ad49bd371125fa92 -> 
  custom:audio-encoder-webm-vorbis: bf7c407c2cedff20999df2af8eb42d56 -> 
  custom:scripting/precompiled-assembly-types:Assembly-CSharp: 92f733a14cdf4c1f6cf3f4ad0ee0c4c4 -> 51bdbbc7743e4ed3f8333c67aed2824c
========================================================================
Received Prepare
Caller must complete domain reload
Begin MonoManager ReloadAssembly
- Loaded All Assemblies, in  0.266 seconds
Native extension for WindowsStandalone target not found
[Package Manager] Server::EnsureServerProcessIsRunning -- launch failed, reason: Unity was launched with the -noUpm command-line argument
[Package Manager] UpmClient::Send -- Unable to send message (not connected to UPM process).
[Package Manager] Cannot connect to Unity Package Manager local server
Mono: successfully reloaded assembly
- Finished resetting the current domain, in  0.499 seconds
Domain Reload Profiling: 764ms
	BeginReloadAssembly (96ms)
		ExecutionOrderSort (0ms)
		DisableScriptedObjects (2ms)
		BackupInstance (0ms)
		ReleaseScriptingObjects (0ms)
		CreateAndSetChildDomain (20ms)
	RebuildCommonClasses (22ms)
	RebuildNativeTypeToScriptingClass (7ms)
	initialDomainReloadingComplete (18ms)
	LoadAllAssembliesAndSetupDomain (122ms)
		LoadAssemblies (160ms)
		RebuildTransferFunctionScriptingTraits (0ms)
		AnalyzeDomain (11ms)
			TypeCache.Refresh (4ms)
				TypeCache.ScanAssembly (0ms)
			ScanForSourceGeneratedMonoScriptInfo (0ms)
			ResolveRequiredComponents (4ms)
	FinalizeReload (499ms)
		ReleaseScriptCaches (0ms)
		RebuildScriptCaches (0ms)
		SetupLoadedEditorAssemblies (289ms)
			LogAssemblyErrors (0ms)
			InitializePlatformSupportModulesInManaged (4ms)
			SetLoadedEditorAssemblies (2ms)
			RefreshPlugins (0ms)
			BeforeProcessingInitializeOnLoad (37ms)
			ProcessInitializeOnLoadAttributes (229ms)
			ProcessInitializeOnLoadMethodAttributes (14ms)
			AfterProcessingInitializeOnLoad (4ms)
			EditorAssembliesLoaded (0ms)
		ExecutionOrderSort2 (0ms)
		AwakeInstancesAfterBackupRestoration (6ms)
Refreshing native plugins compatible for Editor in 1.58 ms, found 3 plugins.
Preloading 0 native plugins for Editor in 0.00 ms.
Unloading 3152 Unused Serialized files (Serialized files now loaded: 0)
Unloading 16 unused Assets / (373.4 KB). Loaded Objects now: 3946.
Memory consumption went from 144.0 MB to 143.6 MB.
Total: 2.633900 ms (FindLiveObjects: 0.248800 ms CreateObjectMapping: 0.050400 ms MarkObjects: 2.062800 ms  DeleteObjects: 0.271100 ms)

Prepare: number of updated asset objects reloaded= 0
AssetImportParameters requested are different than current active one (requested -> active):
  custom:container-demuxer-ogg: 62fdf1f143b41e24485cea50d1cbac27 -> 
  custom:scripting/monoscript/fileName/MainMenuGUI.cs: 091df4f91c57b9accec9de62246fca77 -> 
  custom:video-codec-MediaFoundation-h265: 746d11721c4dcdbdad8f713fa42b33f4 -> 
  custom:video-decoder-ogg-theora: a1e56fd34408186e4bbccfd4996cb3dc -> 
  custom:scripting/monoscript/fileName/LoadScene.cs: 206f1b3f828a012e3128d4c1e305d0fb -> 
  custom:framework-win-MediaFoundation: 216162199b28c13a410421893ffa2e32 -> 
  custom:CustomObjectIndexerAttribute: 9a22284fe3817be447336de3de66b15e -> 
  custom:container-demuxer-webm: 4f35f7cbe854078d1ac9338744f61a02 -> 
  custom:container-muxer-webm: aa71ff27fc2769a1b78a27578f13a17b -> 
  custom:video-decoder-webm-vp8: 9c59270c3fd7afecdb556c50c9e8de78 -> 
  custom:SearchIndexIgnoredProperties: e643bd26f0fe6173181afceb89e7c659 -> 
  custom:AudioImporter_EditorPlatform: d09bf68614088b80899f8185d706f6e7 -> 
  custom:scripting/monoscript/fileName/QuitGame.cs: 5096369e521a632ecaa19ef6bb193ad3 -> 
  custom:video-encoder-webm-vp8: eb34c28f22e8b96e1ab97ce403110664 -> 
  custom:audio-decoder-ogg-vorbis: bf7c407c2cedff20999df2af8eb42d56 -> 
  custom:scripting/monoscript/fileName/MainMenuBtns.cs: 7a4c553ed157df86ad49bd371125fa92 -> 
  custom:audio-encoder-webm-vorbis: bf7c407c2cedff20999df2af8eb42d56 -> 
  custom:scripting/precompiled-assembly-types:Assembly-CSharp: 92f733a14cdf4c1f6cf3f4ad0ee0c4c4 -> 51bdbbc7743e4ed3f8333c67aed2824c
========================================================================
Received Prepare
Caller must complete domain reload
Begin MonoManager ReloadAssembly
- Loaded All Assemblies, in  0.267 seconds
Native extension for WindowsStandalone target not found
[Package Manager] Server::EnsureServerProcessIsRunning -- launch failed, reason: Unity was launched with the -noUpm command-line argument
[Package Manager] UpmClient::Send -- Unable to send message (not connected to UPM process).
[Package Manager] Cannot connect to Unity Package Manager local server
Mono: successfully reloaded assembly
- Finished resetting the current domain, in  0.548 seconds
Domain Reload Profiling: 814ms
	BeginReloadAssembly (96ms)
		ExecutionOrderSort (0ms)
		DisableScriptedObjects (3ms)
		BackupInstance (0ms)
		ReleaseScriptingObjects (0ms)
		CreateAndSetChildDomain (19ms)
	RebuildCommonClasses (20ms)
	RebuildNativeTypeToScriptingClass (6ms)
	initialDomainReloadingComplete (19ms)
	LoadAllAssembliesAndSetupDomain (124ms)
		LoadAssemblies (164ms)
		RebuildTransferFunctionScriptingTraits (0ms)
		AnalyzeDomain (11ms)
			TypeCache.Refresh (4ms)
				TypeCache.ScanAssembly (0ms)
			ScanForSourceGeneratedMonoScriptInfo (0ms)
			ResolveRequiredComponents (4ms)
	FinalizeReload (549ms)
		ReleaseScriptCaches (0ms)
		RebuildScriptCaches (0ms)
		SetupLoadedEditorAssemblies (339ms)
			LogAssemblyErrors (0ms)
			InitializePlatformSupportModulesInManaged (4ms)
			SetLoadedEditorAssemblies (2ms)
			RefreshPlugins (0ms)
			BeforeProcessingInitializeOnLoad (36ms)
			ProcessInitializeOnLoadAttributes (273ms)
			ProcessInitializeOnLoadMethodAttributes (20ms)
			AfterProcessingInitializeOnLoad (4ms)
			EditorAssembliesLoaded (0ms)
		ExecutionOrderSort2 (0ms)
		AwakeInstancesAfterBackupRestoration (7ms)
Refreshing native plugins compatible for Editor in 1.32 ms, found 3 plugins.
Preloading 0 native plugins for Editor in 0.00 ms.
Unloading 3152 Unused Serialized files (Serialized files now loaded: 0)
Unloading 16 unused Assets / (373.4 KB). Loaded Objects now: 3949.
Memory consumption went from 144.0 MB to 143.6 MB.
Total: 2.937300 ms (FindLiveObjects: 0.233000 ms CreateObjectMapping: 0.062700 ms MarkObjects: 2.464400 ms  DeleteObjects: 0.176300 ms)

Prepare: number of updated asset objects reloaded= 0
AssetImportParameters requested are different than current active one (requested -> active):
  custom:container-demuxer-ogg: 62fdf1f143b41e24485cea50d1cbac27 -> 
  custom:scripting/monoscript/fileName/MainMenuGUI.cs: 091df4f91c57b9accec9de62246fca77 -> 
  custom:video-codec-MediaFoundation-h265: 746d11721c4dcdbdad8f713fa42b33f4 -> 
  custom:video-decoder-ogg-theora: a1e56fd34408186e4bbccfd4996cb3dc -> 
  custom:scripting/monoscript/fileName/LoadScene.cs: 206f1b3f828a012e3128d4c1e305d0fb -> 
  custom:framework-win-MediaFoundation: 216162199b28c13a410421893ffa2e32 -> 
  custom:CustomObjectIndexerAttribute: 9a22284fe3817be447336de3de66b15e -> 
  custom:container-demuxer-webm: 4f35f7cbe854078d1ac9338744f61a02 -> 
  custom:container-muxer-webm: aa71ff27fc2769a1b78a27578f13a17b -> 
  custom:video-decoder-webm-vp8: 9c59270c3fd7afecdb556c50c9e8de78 -> 
  custom:SearchIndexIgnoredProperties: e643bd26f0fe6173181afceb89e7c659 -> 
  custom:AudioImporter_EditorPlatform: d09bf68614088b80899f8185d706f6e7 -> 
  custom:scripting/monoscript/fileName/QuitGame.cs: 5096369e521a632ecaa19ef6bb193ad3 -> 
  custom:video-encoder-webm-vp8: eb34c28f22e8b96e1ab97ce403110664 -> 
  custom:audio-decoder-ogg-vorbis: bf7c407c2cedff20999df2af8eb42d56 -> 
  custom:scripting/monoscript/fileName/MainMenuBtns.cs: 7a4c553ed157df86ad49bd371125fa92 -> 
  custom:audio-encoder-webm-vorbis: bf7c407c2cedff20999df2af8eb42d56 -> 
  custom:scripting/precompiled-assembly-types:Assembly-CSharp: 92f733a14cdf4c1f6cf3f4ad0ee0c4c4 -> 51bdbbc7743e4ed3f8333c67aed2824c
========================================================================
Received Prepare
Caller must complete domain reload
Begin MonoManager ReloadAssembly
- Loaded All Assemblies, in  0.256 seconds
Native extension for WindowsStandalone target not found
[Package Manager] Server::EnsureServerProcessIsRunning -- launch failed, reason: Unity was launched with the -noUpm command-line argument
[Package Manager] UpmClient::Send -- Unable to send message (not connected to UPM process).
[Package Manager] Cannot connect to Unity Package Manager local server
Mono: successfully reloaded assembly
- Finished resetting the current domain, in  0.494 seconds
Domain Reload Profiling: 749ms
	BeginReloadAssembly (96ms)
		ExecutionOrderSort (0ms)
		DisableScriptedObjects (3ms)
		BackupInstance (0ms)
		ReleaseScriptingObjects (0ms)
		CreateAndSetChildDomain (18ms)
	RebuildCommonClasses (19ms)
	RebuildNativeTypeToScriptingClass (6ms)
	initialDomainReloadingComplete (17ms)
	LoadAllAssembliesAndSetupDomain (116ms)
		LoadAssemblies (157ms)
		RebuildTransferFunctionScriptingTraits (0ms)
		AnalyzeDomain (10ms)
			TypeCache.Refresh (4ms)
				TypeCache.ScanAssembly (0ms)
			ScanForSourceGeneratedMonoScriptInfo (0ms)
			ResolveRequiredComponents (4ms)
	FinalizeReload (494ms)
		ReleaseScriptCaches (0ms)
		RebuildScriptCaches (0ms)
		SetupLoadedEditorAssemblies (282ms)
			LogAssemblyErrors (0ms)
			InitializePlatformSupportModulesInManaged (4ms)
			SetLoadedEditorAssemblies (2ms)
			RefreshPlugins (0ms)
			BeforeProcessingInitializeOnLoad (34ms)
			ProcessInitializeOnLoadAttributes (224ms)
			ProcessInitializeOnLoadMethodAttributes (14ms)
			AfterProcessingInitializeOnLoad (3ms)
			EditorAssembliesLoaded (0ms)
		ExecutionOrderSort2 (0ms)
		AwakeInstancesAfterBackupRestoration (6ms)
Refreshing native plugins compatible for Editor in 1.75 ms, found 3 plugins.
Preloading 0 native plugins for Editor in 0.00 ms.
Unloading 3152 Unused Serialized files (Serialized files now loaded: 0)
Unloading 16 unused Assets / (381.3 KB). Loaded Objects now: 3952.
Memory consumption went from 144.0 MB to 143.6 MB.
Total: 2.667600 ms (FindLiveObjects: 0.213300 ms CreateObjectMapping: 0.051100 ms MarkObjects: 2.226700 ms  DeleteObjects: 0.175700 ms)

Prepare: number of updated asset objects reloaded= 0
AssetImportParameters requested are different than current active one (requested -> active):
  custom:container-demuxer-ogg: 62fdf1f143b41e24485cea50d1cbac27 -> 
  custom:scripting/monoscript/fileName/MainMenuGUI.cs: 091df4f91c57b9accec9de62246fca77 -> 
  custom:video-codec-MediaFoundation-h265: 746d11721c4dcdbdad8f713fa42b33f4 -> 
  custom:video-decoder-ogg-theora: a1e56fd34408186e4bbccfd4996cb3dc -> 
  custom:scripting/monoscript/fileName/LoadScene.cs: 206f1b3f828a012e3128d4c1e305d0fb -> 
  custom:framework-win-MediaFoundation: 216162199b28c13a410421893ffa2e32 -> 
  custom:CustomObjectIndexerAttribute: 9a22284fe3817be447336de3de66b15e -> 
  custom:container-demuxer-webm: 4f35f7cbe854078d1ac9338744f61a02 -> 
  custom:container-muxer-webm: aa71ff27fc2769a1b78a27578f13a17b -> 
  custom:video-decoder-webm-vp8: 9c59270c3fd7afecdb556c50c9e8de78 -> 
  custom:SearchIndexIgnoredProperties: e643bd26f0fe6173181afceb89e7c659 -> 
  custom:AudioImporter_EditorPlatform: d09bf68614088b80899f8185d706f6e7 -> 
  custom:scripting/monoscript/fileName/QuitGame.cs: 5096369e521a632ecaa19ef6bb193ad3 -> 
  custom:video-encoder-webm-vp8: eb34c28f22e8b96e1ab97ce403110664 -> 
  custom:audio-decoder-ogg-vorbis: bf7c407c2cedff20999df2af8eb42d56 -> 
  custom:scripting/monoscript/fileName/MainMenuBtns.cs: 7a4c553ed157df86ad49bd371125fa92 -> 
  custom:audio-encoder-webm-vorbis: bf7c407c2cedff20999df2af8eb42d56 -> 
  custom:scripting/precompiled-assembly-types:Assembly-CSharp: 92f733a14cdf4c1f6cf3f4ad0ee0c4c4 -> 51bdbbc7743e4ed3f8333c67aed2824c
========================================================================
Received Prepare
Caller must complete domain reload
Begin MonoManager ReloadAssembly
- Loaded All Assemblies, in  0.273 seconds
Native extension for WindowsStandalone target not found
[Package Manager] Server::EnsureServerProcessIsRunning -- launch failed, reason: Unity was launched with the -noUpm command-line argument
[Package Manager] UpmClient::Send -- Unable to send message (not connected to UPM process).
[Package Manager] Cannot connect to Unity Package Manager local server
Mono: successfully reloaded assembly
- Finished resetting the current domain, in  0.660 seconds
Domain Reload Profiling: 932ms
	BeginReloadAssembly (97ms)
		ExecutionOrderSort (0ms)
		DisableScriptedObjects (3ms)
		BackupInstance (0ms)
		ReleaseScriptingObjects (0ms)
		CreateAndSetChildDomain (18ms)
	RebuildCommonClasses (20ms)
	RebuildNativeTypeToScriptingClass (7ms)
	initialDomainReloadingComplete (18ms)
	LoadAllAssembliesAndSetupDomain (131ms)
		LoadAssemblies (168ms)
		RebuildTransferFunctionScriptingTraits (0ms)
		AnalyzeDomain (16ms)
			TypeCache.Refresh (6ms)
				TypeCache.ScanAssembly (0ms)
			ScanForSourceGeneratedMonoScriptInfo (4ms)
			ResolveRequiredComponents (3ms)
	FinalizeReload (660ms)
		ReleaseScriptCaches (0ms)
		RebuildScriptCaches (0ms)
		SetupLoadedEditorAssemblies (387ms)
			LogAssemblyErrors (0ms)
			InitializePlatformSupportModulesInManaged (6ms)
			SetLoadedEditorAssemblies (3ms)
			RefreshPlugins (0ms)
			BeforeProcessingInitializeOnLoad (51ms)
			ProcessInitializeOnLoadAttributes (301ms)
			ProcessInitializeOnLoadMethodAttributes (21ms)
			AfterProcessingInitializeOnLoad (4ms)
			EditorAssembliesLoaded (0ms)
		ExecutionOrderSort2 (0ms)
		AwakeInstancesAfterBackupRestoration (8ms)
Refreshing native plugins compatible for Editor in 1.63 ms, found 3 plugins.
Preloading 0 native plugins for Editor in 0.00 ms.
Unloading 3152 Unused Serialized files (Serialized files now loaded: 0)
Unloading 16 unused Assets / (381.6 KB). Loaded Objects now: 3955.
Memory consumption went from 144.0 MB to 143.6 MB.
Total: 3.554200 ms (FindLiveObjects: 0.496800 ms CreateObjectMapping: 0.153800 ms MarkObjects: 2.314000 ms  DeleteObjects: 0.588000 ms)

Prepare: number of updated asset objects reloaded= 0
AssetImportParameters requested are different than current active one (requested -> active):
  custom:container-demuxer-ogg: 62fdf1f143b41e24485cea50d1cbac27 -> 
  custom:scripting/monoscript/fileName/MainMenuGUI.cs: 091df4f91c57b9accec9de62246fca77 -> 
  custom:video-codec-MediaFoundation-h265: 746d11721c4dcdbdad8f713fa42b33f4 -> 
  custom:video-decoder-ogg-theora: a1e56fd34408186e4bbccfd4996cb3dc -> 
  custom:scripting/monoscript/fileName/LoadScene.cs: 206f1b3f828a012e3128d4c1e305d0fb -> 
  custom:framework-win-MediaFoundation: 216162199b28c13a410421893ffa2e32 -> 
  custom:CustomObjectIndexerAttribute: 9a22284fe3817be447336de3de66b15e -> 
  custom:container-demuxer-webm: 4f35f7cbe854078d1ac9338744f61a02 -> 
  custom:container-muxer-webm: aa71ff27fc2769a1b78a27578f13a17b -> 
  custom:video-decoder-webm-vp8: 9c59270c3fd7afecdb556c50c9e8de78 -> 
  custom:SearchIndexIgnoredProperties: e643bd26f0fe6173181afceb89e7c659 -> 
  custom:AudioImporter_EditorPlatform: d09bf68614088b80899f8185d706f6e7 -> 
  custom:scripting/monoscript/fileName/QuitGame.cs: 5096369e521a632ecaa19ef6bb193ad3 -> 
  custom:video-encoder-webm-vp8: eb34c28f22e8b96e1ab97ce403110664 -> 
  custom:audio-decoder-ogg-vorbis: bf7c407c2cedff20999df2af8eb42d56 -> 
  custom:scripting/monoscript/fileName/MainMenuBtns.cs: 7a4c553ed157df86ad49bd371125fa92 -> 
  custom:audio-encoder-webm-vorbis: bf7c407c2cedff20999df2af8eb42d56 -> 
  custom:scripting/precompiled-assembly-types:Assembly-CSharp: 92f733a14cdf4c1f6cf3f4ad0ee0c4c4 -> 51bdbbc7743e4ed3f8333c67aed2824c
========================================================================
Received Prepare
Caller must complete domain reload
Begin MonoManager ReloadAssembly
- Loaded All Assemblies, in  0.272 seconds
Native extension for WindowsStandalone target not found
[Package Manager] Server::EnsureServerProcessIsRunning -- launch failed, reason: Unity was launched with the -noUpm command-line argument
[Package Manager] UpmClient::Send -- Unable to send message (not connected to UPM process).
[Package Manager] Cannot connect to Unity Package Manager local server
Mono: successfully reloaded assembly
- Finished resetting the current domain, in  0.652 seconds
Domain Reload Profiling: 923ms
	BeginReloadAssembly (95ms)
		ExecutionOrderSort (0ms)
		DisableScriptedObjects (3ms)
		BackupInstance (0ms)
		ReleaseScriptingObjects (0ms)
		CreateAndSetChildDomain (22ms)
	RebuildCommonClasses (21ms)
	RebuildNativeTypeToScriptingClass (6ms)
	initialDomainReloadingComplete (18ms)
	LoadAllAssembliesAndSetupDomain (131ms)
		LoadAssemblies (175ms)
		RebuildTransferFunctionScriptingTraits (0ms)
		AnalyzeDomain (11ms)
			TypeCache.Refresh (5ms)
				TypeCache.ScanAssembly (0ms)
			ScanForSourceGeneratedMonoScriptInfo (0ms)
			ResolveRequiredComponents (4ms)
	FinalizeReload (652ms)
		ReleaseScriptCaches (0ms)
		RebuildScriptCaches (0ms)
		SetupLoadedEditorAssemblies (373ms)
			LogAssemblyErrors (0ms)
			InitializePlatformSupportModulesInManaged (5ms)
			SetLoadedEditorAssemblies (3ms)
			RefreshPlugins (0ms)
			BeforeProcessingInitializeOnLoad (49ms)
			ProcessInitializeOnLoadAttributes (292ms)
			ProcessInitializeOnLoadMethodAttributes (19ms)
			AfterProcessingInitializeOnLoad (4ms)
			EditorAssembliesLoaded (0ms)
		ExecutionOrderSort2 (0ms)
		AwakeInstancesAfterBackupRestoration (7ms)
Refreshing native plugins compatible for Editor in 2.44 ms, found 3 plugins.
Preloading 0 native plugins for Editor in 0.00 ms.
Unloading 3152 Unused Serialized files (Serialized files now loaded: 0)
Unloading 16 unused Assets / (373.6 KB). Loaded Objects now: 3958.
Memory consumption went from 144.0 MB to 143.6 MB.
Total: 2.843000 ms (FindLiveObjects: 0.326300 ms CreateObjectMapping: 0.145000 ms MarkObjects: 2.084900 ms  DeleteObjects: 0.285700 ms)

Prepare: number of updated asset objects reloaded= 0
AssetImportParameters requested are different than current active one (requested -> active):
  custom:container-demuxer-ogg: 62fdf1f143b41e24485cea50d1cbac27 -> 
  custom:scripting/monoscript/fileName/MainMenuGUI.cs: 091df4f91c57b9accec9de62246fca77 -> 
  custom:video-codec-MediaFoundation-h265: 746d11721c4dcdbdad8f713fa42b33f4 -> 
  custom:video-decoder-ogg-theora: a1e56fd34408186e4bbccfd4996cb3dc -> 
  custom:scripting/monoscript/fileName/LoadScene.cs: 206f1b3f828a012e3128d4c1e305d0fb -> 
  custom:framework-win-MediaFoundation: 216162199b28c13a410421893ffa2e32 -> 
  custom:CustomObjectIndexerAttribute: 9a22284fe3817be447336de3de66b15e -> 
  custom:container-demuxer-webm: 4f35f7cbe854078d1ac9338744f61a02 -> 
  custom:container-muxer-webm: aa71ff27fc2769a1b78a27578f13a17b -> 
  custom:video-decoder-webm-vp8: 9c59270c3fd7afecdb556c50c9e8de78 -> 
  custom:SearchIndexIgnoredProperties: e643bd26f0fe6173181afceb89e7c659 -> 
  custom:AudioImporter_EditorPlatform: d09bf68614088b80899f8185d706f6e7 -> 
  custom:scripting/monoscript/fileName/QuitGame.cs: 5096369e521a632ecaa19ef6bb193ad3 -> 
  custom:video-encoder-webm-vp8: eb34c28f22e8b96e1ab97ce403110664 -> 
  custom:audio-decoder-ogg-vorbis: bf7c407c2cedff20999df2af8eb42d56 -> 
  custom:scripting/monoscript/fileName/MainMenuBtns.cs: 7a4c553ed157df86ad49bd371125fa92 -> 
  custom:audio-encoder-webm-vorbis: bf7c407c2cedff20999df2af8eb42d56 -> 
  custom:scripting/precompiled-assembly-types:Assembly-CSharp: 92f733a14cdf4c1f6cf3f4ad0ee0c4c4 -> 51bdbbc7743e4ed3f8333c67aed2824c
========================================================================
Received Prepare
Caller must complete domain reload
Begin MonoManager ReloadAssembly
- Loaded All Assemblies, in  0.266 seconds
Native extension for WindowsStandalone target not found
[Package Manager] Server::EnsureServerProcessIsRunning -- launch failed, reason: Unity was launched with the -noUpm command-line argument
[Package Manager] UpmClient::Send -- Unable to send message (not connected to UPM process).
[Package Manager] Cannot connect to Unity Package Manager local server
Mono: successfully reloaded assembly
- Finished resetting the current domain, in  0.656 seconds
Domain Reload Profiling: 922ms
	BeginReloadAssembly (95ms)
		ExecutionOrderSort (0ms)
		DisableScriptedObjects (3ms)
		BackupInstance (0ms)
		ReleaseScriptingObjects (0ms)
		CreateAndSetChildDomain (19ms)
	RebuildCommonClasses (21ms)
	RebuildNativeTypeToScriptingClass (6ms)
	initialDomainReloadingComplete (18ms)
	LoadAllAssembliesAndSetupDomain (125ms)
		LoadAssemblies (164ms)
		RebuildTransferFunctionScriptingTraits (0ms)
		AnalyzeDomain (11ms)
			TypeCache.Refresh (5ms)
				TypeCache.ScanAssembly (0ms)
			ScanForSourceGeneratedMonoScriptInfo (0ms)
			ResolveRequiredComponents (4ms)
	FinalizeReload (657ms)
		ReleaseScriptCaches (0ms)
		RebuildScriptCaches (0ms)
		SetupLoadedEditorAssemblies (388ms)
			LogAssemblyErrors (0ms)
			InitializePlatformSupportModulesInManaged (5ms)
			SetLoadedEditorAssemblies (2ms)
			RefreshPlugins (0ms)
			BeforeProcessingInitializeOnLoad (46ms)
			ProcessInitializeOnLoadAttributes (311ms)
			ProcessInitializeOnLoadMethodAttributes (19ms)
			AfterProcessingInitializeOnLoad (4ms)
			EditorAssembliesLoaded (0ms)
		ExecutionOrderSort2 (0ms)
		AwakeInstancesAfterBackupRestoration (7ms)
Refreshing native plugins compatible for Editor in 1.78 ms, found 3 plugins.
Preloading 0 native plugins for Editor in 0.00 ms.
Unloading 3152 Unused Serialized files (Serialized files now loaded: 0)
Unloading 16 unused Assets / (381.6 KB). Loaded Objects now: 3961.
Memory consumption went from 144.0 MB to 143.6 MB.
Total: 2.695500 ms (FindLiveObjects: 0.200300 ms CreateObjectMapping: 0.060900 ms MarkObjects: 2.242300 ms  DeleteObjects: 0.191000 ms)

Prepare: number of updated asset objects reloaded= 0
AssetImportParameters requested are different than current active one (requested -> active):
  custom:container-demuxer-ogg: 62fdf1f143b41e24485cea50d1cbac27 -> 
  custom:scripting/monoscript/fileName/MainMenuGUI.cs: 091df4f91c57b9accec9de62246fca77 -> 
  custom:video-codec-MediaFoundation-h265: 746d11721c4dcdbdad8f713fa42b33f4 -> 
  custom:video-decoder-ogg-theora: a1e56fd34408186e4bbccfd4996cb3dc -> 
  custom:scripting/monoscript/fileName/LoadScene.cs: 206f1b3f828a012e3128d4c1e305d0fb -> 
  custom:framework-win-MediaFoundation: 216162199b28c13a410421893ffa2e32 -> 
  custom:CustomObjectIndexerAttribute: 9a22284fe3817be447336de3de66b15e -> 
  custom:container-demuxer-webm: 4f35f7cbe854078d1ac9338744f61a02 -> 
  custom:container-muxer-webm: aa71ff27fc2769a1b78a27578f13a17b -> 
  custom:video-decoder-webm-vp8: 9c59270c3fd7afecdb556c50c9e8de78 -> 
  custom:SearchIndexIgnoredProperties: e643bd26f0fe6173181afceb89e7c659 -> 
  custom:AudioImporter_EditorPlatform: d09bf68614088b80899f8185d706f6e7 -> 
  custom:scripting/monoscript/fileName/QuitGame.cs: 5096369e521a632ecaa19ef6bb193ad3 -> 
  custom:video-encoder-webm-vp8: eb34c28f22e8b96e1ab97ce403110664 -> 
  custom:audio-decoder-ogg-vorbis: bf7c407c2cedff20999df2af8eb42d56 -> 
  custom:scripting/monoscript/fileName/MainMenuBtns.cs: 7a4c553ed157df86ad49bd371125fa92 -> 
  custom:audio-encoder-webm-vorbis: bf7c407c2cedff20999df2af8eb42d56 -> 
  custom:scripting/precompiled-assembly-types:Assembly-CSharp: 92f733a14cdf4c1f6cf3f4ad0ee0c4c4 -> 51bdbbc7743e4ed3f8333c67aed2824c
========================================================================
Received Prepare
Caller must complete domain reload
Begin MonoManager ReloadAssembly
- Loaded All Assemblies, in  0.274 seconds
Native extension for WindowsStandalone target not found
[Package Manager] Server::EnsureServerProcessIsRunning -- launch failed, reason: Unity was launched with the -noUpm command-line argument
[Package Manager] UpmClient::Send -- Unable to send message (not connected to UPM process).
[Package Manager] Cannot connect to Unity Package Manager local server
Mono: successfully reloaded assembly
- Finished resetting the current domain, in  0.675 seconds
Domain Reload Profiling: 949ms
	BeginReloadAssembly (99ms)
		ExecutionOrderSort (0ms)
		DisableScriptedObjects (3ms)
		BackupInstance (0ms)
		ReleaseScriptingObjects (0ms)
		CreateAndSetChildDomain (21ms)
	RebuildCommonClasses (20ms)
	RebuildNativeTypeToScriptingClass (7ms)
	initialDomainReloadingComplete (17ms)
	LoadAllAssembliesAndSetupDomain (131ms)
		LoadAssemblies (165ms)
		RebuildTransferFunctionScriptingTraits (0ms)
		AnalyzeDomain (17ms)
			TypeCache.Refresh (6ms)
				TypeCache.ScanAssembly (0ms)
			ScanForSourceGeneratedMonoScriptInfo (5ms)
			ResolveRequiredComponents (4ms)
	FinalizeReload (676ms)
		ReleaseScriptCaches (0ms)
		RebuildScriptCaches (0ms)
		SetupLoadedEditorAssemblies (372ms)
			LogAssemblyErrors (0ms)
			InitializePlatformSupportModulesInManaged (4ms)
			SetLoadedEditorAssemblies (2ms)
			RefreshPlugins (0ms)
			BeforeProcessingInitializeOnLoad (46ms)
			ProcessInitializeOnLoadAttributes (295ms)
			ProcessInitializeOnLoadMethodAttributes (19ms)
			AfterProcessingInitializeOnLoad (5ms)
			EditorAssembliesLoaded (0ms)
		ExecutionOrderSort2 (0ms)
		AwakeInstancesAfterBackupRestoration (7ms)
Refreshing native plugins compatible for Editor in 1.59 ms, found 3 plugins.
Preloading 0 native plugins for Editor in 0.00 ms.
Unloading 3152 Unused Serialized files (Serialized files now loaded: 0)
Unloading 16 unused Assets / (373.4 KB). Loaded Objects now: 3964.
Memory consumption went from 144.0 MB to 143.6 MB.
Total: 2.749900 ms (FindLiveObjects: 0.194300 ms CreateObjectMapping: 0.047100 ms MarkObjects: 2.303500 ms  DeleteObjects: 0.204000 ms)

Prepare: number of updated asset objects reloaded= 0
AssetImportParameters requested are different than current active one (requested -> active):
  custom:container-demuxer-ogg: 62fdf1f143b41e24485cea50d1cbac27 -> 
  custom:scripting/monoscript/fileName/MainMenuGUI.cs: 091df4f91c57b9accec9de62246fca77 -> 
  custom:video-codec-MediaFoundation-h265: 746d11721c4dcdbdad8f713fa42b33f4 -> 
  custom:video-decoder-ogg-theora: a1e56fd34408186e4bbccfd4996cb3dc -> 
  custom:scripting/monoscript/fileName/LoadScene.cs: 206f1b3f828a012e3128d4c1e305d0fb -> 
  custom:framework-win-MediaFoundation: 216162199b28c13a410421893ffa2e32 -> 
  custom:CustomObjectIndexerAttribute: 9a22284fe3817be447336de3de66b15e -> 
  custom:container-demuxer-webm: 4f35f7cbe854078d1ac9338744f61a02 -> 
  custom:container-muxer-webm: aa71ff27fc2769a1b78a27578f13a17b -> 
  custom:video-decoder-webm-vp8: 9c59270c3fd7afecdb556c50c9e8de78 -> 
  custom:SearchIndexIgnoredProperties: e643bd26f0fe6173181afceb89e7c659 -> 
  custom:AudioImporter_EditorPlatform: d09bf68614088b80899f8185d706f6e7 -> 
  custom:scripting/monoscript/fileName/QuitGame.cs: 5096369e521a632ecaa19ef6bb193ad3 -> 
  custom:video-encoder-webm-vp8: eb34c28f22e8b96e1ab97ce403110664 -> 
  custom:audio-decoder-ogg-vorbis: bf7c407c2cedff20999df2af8eb42d56 -> 
  custom:scripting/monoscript/fileName/MainMenuBtns.cs: 7a4c553ed157df86ad49bd371125fa92 -> 
  custom:audio-encoder-webm-vorbis: bf7c407c2cedff20999df2af8eb42d56 -> 
  custom:scripting/precompiled-assembly-types:Assembly-CSharp: 92f733a14cdf4c1f6cf3f4ad0ee0c4c4 -> 51bdbbc7743e4ed3f8333c67aed2824c
========================================================================
Received Prepare
Caller must complete domain reload
Begin MonoManager ReloadAssembly
- Loaded All Assemblies, in  0.286 seconds
Native extension for WindowsStandalone target not found
[Package Manager] Server::EnsureServerProcessIsRunning -- launch failed, reason: Unity was launched with the -noUpm command-line argument
[Package Manager] UpmClient::Send -- Unable to send message (not connected to UPM process).
[Package Manager] Cannot connect to Unity Package Manager local server
Mono: successfully reloaded assembly
- Finished resetting the current domain, in  0.593 seconds
Domain Reload Profiling: 878ms
	BeginReloadAssembly (104ms)
		ExecutionOrderSort (0ms)
		DisableScriptedObjects (3ms)
		BackupInstance (0ms)
		ReleaseScriptingObjects (0ms)
		CreateAndSetChildDomain (20ms)
	RebuildCommonClasses (21ms)
	RebuildNativeTypeToScriptingClass (7ms)
	initialDomainReloadingComplete (19ms)
	LoadAllAssembliesAndSetupDomain (134ms)
		LoadAssemblies (174ms)
		RebuildTransferFunctionScriptingTraits (0ms)
		AnalyzeDomain (18ms)
			TypeCache.Refresh (6ms)
				TypeCache.ScanAssembly (0ms)
			ScanForSourceGeneratedMonoScriptInfo (5ms)
			ResolveRequiredComponents (4ms)
	FinalizeReload (594ms)
		ReleaseScriptCaches (0ms)
		RebuildScriptCaches (0ms)
		SetupLoadedEditorAssemblies (356ms)
			LogAssemblyErrors (0ms)
			InitializePlatformSupportModulesInManaged (4ms)
			SetLoadedEditorAssemblies (2ms)
			RefreshPlugins (0ms)
			BeforeProcessingInitializeOnLoad (41ms)
			ProcessInitializeOnLoadAttributes (285ms)
			ProcessInitializeOnLoadMethodAttributes (20ms)
			AfterProcessingInitializeOnLoad (4ms)
			EditorAssembliesLoaded (0ms)
		ExecutionOrderSort2 (0ms)
		AwakeInstancesAfterBackupRestoration (7ms)
Refreshing native plugins compatible for Editor in 1.49 ms, found 3 plugins.
Preloading 0 native plugins for Editor in 0.00 ms.
Unloading 3152 Unused Serialized files (Serialized files now loaded: 0)
Unloading 16 unused Assets / (373.1 KB). Loaded Objects now: 3967.
Memory consumption went from 144.0 MB to 143.6 MB.
Total: 2.674500 ms (FindLiveObjects: 0.162800 ms CreateObjectMapping: 0.047000 ms MarkObjects: 2.295900 ms  DeleteObjects: 0.168300 ms)

Prepare: number of updated asset objects reloaded= 0
AssetImportParameters requested are different than current active one (requested -> active):
  custom:container-demuxer-ogg: 62fdf1f143b41e24485cea50d1cbac27 -> 
  custom:scripting/monoscript/fileName/MainMenuGUI.cs: 091df4f91c57b9accec9de62246fca77 -> 
  custom:video-codec-MediaFoundation-h265: 746d11721c4dcdbdad8f713fa42b33f4 -> 
  custom:video-decoder-ogg-theora: a1e56fd34408186e4bbccfd4996cb3dc -> 
  custom:scripting/monoscript/fileName/LoadScene.cs: 206f1b3f828a012e3128d4c1e305d0fb -> 
  custom:framework-win-MediaFoundation: 216162199b28c13a410421893ffa2e32 -> 
  custom:CustomObjectIndexerAttribute: 9a22284fe3817be447336de3de66b15e -> 
  custom:container-demuxer-webm: 4f35f7cbe854078d1ac9338744f61a02 -> 
  custom:container-muxer-webm: aa71ff27fc2769a1b78a27578f13a17b -> 
  custom:video-decoder-webm-vp8: 9c59270c3fd7afecdb556c50c9e8de78 -> 
  custom:SearchIndexIgnoredProperties: e643bd26f0fe6173181afceb89e7c659 -> 
  custom:AudioImporter_EditorPlatform: d09bf68614088b80899f8185d706f6e7 -> 
  custom:scripting/monoscript/fileName/QuitGame.cs: 5096369e521a632ecaa19ef6bb193ad3 -> 
  custom:video-encoder-webm-vp8: eb34c28f22e8b96e1ab97ce403110664 -> 
  custom:audio-decoder-ogg-vorbis: bf7c407c2cedff20999df2af8eb42d56 -> 
  custom:scripting/monoscript/fileName/MainMenuBtns.cs: 7a4c553ed157df86ad49bd371125fa92 -> 
  custom:audio-encoder-webm-vorbis: bf7c407c2cedff20999df2af8eb42d56 -> 
  custom:scripting/precompiled-assembly-types:Assembly-CSharp: 92f733a14cdf4c1f6cf3f4ad0ee0c4c4 -> 51bdbbc7743e4ed3f8333c67aed2824c
========================================================================
Received Prepare
Caller must complete domain reload
Begin MonoManager ReloadAssembly
- Loaded All Assemblies, in  0.264 seconds
Native extension for WindowsStandalone target not found
[Package Manager] Server::EnsureServerProcessIsRunning -- launch failed, reason: Unity was launched with the -noUpm command-line argument
[Package Manager] UpmClient::Send -- Unable to send message (not connected to UPM process).
[Package Manager] Cannot connect to Unity Package Manager local server
Mono: successfully reloaded assembly
- Finished resetting the current domain, in  0.642 seconds
Domain Reload Profiling: 905ms
	BeginReloadAssembly (96ms)
		ExecutionOrderSort (0ms)
		DisableScriptedObjects (3ms)
		BackupInstance (0ms)
		ReleaseScriptingObjects (0ms)
		CreateAndSetChildDomain (19ms)
	RebuildCommonClasses (20ms)
	RebuildNativeTypeToScriptingClass (6ms)
	initialDomainReloadingComplete (18ms)
	LoadAllAssembliesAndSetupDomain (122ms)
		LoadAssemblies (162ms)
		RebuildTransferFunctionScriptingTraits (0ms)
		AnalyzeDomain (11ms)
			TypeCache.Refresh (5ms)
				TypeCache.ScanAssembly (0ms)
			ScanForSourceGeneratedMonoScriptInfo (0ms)
			ResolveRequiredComponents (4ms)
	FinalizeReload (642ms)
		ReleaseScriptCaches (0ms)
		RebuildScriptCaches (0ms)
		SetupLoadedEditorAssemblies (375ms)
			LogAssemblyErrors (0ms)
			InitializePlatformSupportModulesInManaged (5ms)
			SetLoadedEditorAssemblies (3ms)
			RefreshPlugins (0ms)
			BeforeProcessingInitializeOnLoad (48ms)
			ProcessInitializeOnLoadAttributes (296ms)
			ProcessInitializeOnLoadMethodAttributes (19ms)
			AfterProcessingInitializeOnLoad (4ms)
			EditorAssembliesLoaded (0ms)
		ExecutionOrderSort2 (0ms)
		AwakeInstancesAfterBackupRestoration (7ms)
Refreshing native plugins compatible for Editor in 1.86 ms, found 3 plugins.
Preloading 0 native plugins for Editor in 0.00 ms.
Unloading 3152 Unused Serialized files (Serialized files now loaded: 0)
Unloading 16 unused Assets / (349.4 KB). Loaded Objects now: 3970.
Memory consumption went from 144.0 MB to 143.6 MB.
Total: 2.829800 ms (FindLiveObjects: 0.362500 ms CreateObjectMapping: 0.097300 ms MarkObjects: 2.193200 ms  DeleteObjects: 0.175900 ms)

Prepare: number of updated asset objects reloaded= 0
AssetImportParameters requested are different than current active one (requested -> active):
  custom:container-demuxer-ogg: 62fdf1f143b41e24485cea50d1cbac27 -> 
  custom:scripting/monoscript/fileName/MainMenuGUI.cs: 091df4f91c57b9accec9de62246fca77 -> 
  custom:video-codec-MediaFoundation-h265: 746d11721c4dcdbdad8f713fa42b33f4 -> 
  custom:video-decoder-ogg-theora: a1e56fd34408186e4bbccfd4996cb3dc -> 
  custom:scripting/monoscript/fileName/LoadScene.cs: 206f1b3f828a012e3128d4c1e305d0fb -> 
  custom:framework-win-MediaFoundation: 216162199b28c13a410421893ffa2e32 -> 
  custom:CustomObjectIndexerAttribute: 9a22284fe3817be447336de3de66b15e -> 
  custom:container-demuxer-webm: 4f35f7cbe854078d1ac9338744f61a02 -> 
  custom:container-muxer-webm: aa71ff27fc2769a1b78a27578f13a17b -> 
  custom:video-decoder-webm-vp8: 9c59270c3fd7afecdb556c50c9e8de78 -> 
  custom:SearchIndexIgnoredProperties: e643bd26f0fe6173181afceb89e7c659 -> 
  custom:AudioImporter_EditorPlatform: d09bf68614088b80899f8185d706f6e7 -> 
  custom:scripting/monoscript/fileName/QuitGame.cs: 5096369e521a632ecaa19ef6bb193ad3 -> 
  custom:video-encoder-webm-vp8: eb34c28f22e8b96e1ab97ce403110664 -> 
  custom:audio-decoder-ogg-vorbis: bf7c407c2cedff20999df2af8eb42d56 -> 
  custom:scripting/monoscript/fileName/MainMenuBtns.cs: 7a4c553ed157df86ad49bd371125fa92 -> 
  custom:audio-encoder-webm-vorbis: bf7c407c2cedff20999df2af8eb42d56 -> 
  custom:scripting/precompiled-assembly-types:Assembly-CSharp: 92f733a14cdf4c1f6cf3f4ad0ee0c4c4 -> 51bdbbc7743e4ed3f8333c67aed2824c
========================================================================
Received Prepare
Caller must complete domain reload
Begin MonoManager ReloadAssembly
- Loaded All Assemblies, in  0.279 seconds
Native extension for WindowsStandalone target not found
[Package Manager] Server::EnsureServerProcessIsRunning -- launch failed, reason: Unity was launched with the -noUpm command-line argument
[Package Manager] UpmClient::Send -- Unable to send message (not connected to UPM process).
[Package Manager] Cannot connect to Unity Package Manager local server
Mono: successfully reloaded assembly
- Finished resetting the current domain, in  0.640 seconds
Domain Reload Profiling: 919ms
	BeginReloadAssembly (97ms)
		ExecutionOrderSort (0ms)
		DisableScriptedObjects (3ms)
		BackupInstance (0ms)
		ReleaseScriptingObjects (0ms)
		CreateAndSetChildDomain (19ms)
	RebuildCommonClasses (20ms)
	RebuildNativeTypeToScriptingClass (7ms)
	initialDomainReloadingComplete (18ms)
	LoadAllAssembliesAndSetupDomain (137ms)
		LoadAssemblies (169ms)
		RebuildTransferFunctionScriptingTraits (0ms)
		AnalyzeDomain (19ms)
			TypeCache.Refresh (8ms)
				TypeCache.ScanAssembly (0ms)
			ScanForSourceGeneratedMonoScriptInfo (5ms)
			ResolveRequiredComponents (4ms)
	FinalizeReload (641ms)
		ReleaseScriptCaches (0ms)
		RebuildScriptCaches (0ms)
		SetupLoadedEditorAssemblies (375ms)
			LogAssemblyErrors (0ms)
			InitializePlatformSupportModulesInManaged (6ms)
			SetLoadedEditorAssemblies (3ms)
			RefreshPlugins (0ms)
			BeforeProcessingInitializeOnLoad (46ms)
			ProcessInitializeOnLoadAttributes (297ms)
			ProcessInitializeOnLoadMethodAttributes (19ms)
			AfterProcessingInitializeOnLoad (4ms)
			EditorAssembliesLoaded (0ms)
		ExecutionOrderSort2 (0ms)
		AwakeInstancesAfterBackupRestoration (7ms)
Refreshing native plugins compatible for Editor in 1.37 ms, found 3 plugins.
Preloading 0 native plugins for Editor in 0.00 ms.
Unloading 3152 Unused Serialized files (Serialized files now loaded: 0)
Unloading 16 unused Assets / (381.5 KB). Loaded Objects now: 3973.
Memory consumption went from 144.0 MB to 143.6 MB.
Total: 2.753600 ms (FindLiveObjects: 0.255100 ms CreateObjectMapping: 0.061300 ms MarkObjects: 2.019900 ms  DeleteObjects: 0.415500 ms)

Prepare: number of updated asset objects reloaded= 0
AssetImportParameters requested are different than current active one (requested -> active):
  custom:container-demuxer-ogg: 62fdf1f143b41e24485cea50d1cbac27 -> 
  custom:scripting/monoscript/fileName/MainMenuGUI.cs: 091df4f91c57b9accec9de62246fca77 -> 
  custom:video-codec-MediaFoundation-h265: 746d11721c4dcdbdad8f713fa42b33f4 -> 
  custom:video-decoder-ogg-theora: a1e56fd34408186e4bbccfd4996cb3dc -> 
  custom:scripting/monoscript/fileName/LoadScene.cs: 206f1b3f828a012e3128d4c1e305d0fb -> 
  custom:framework-win-MediaFoundation: 216162199b28c13a410421893ffa2e32 -> 
  custom:CustomObjectIndexerAttribute: 9a22284fe3817be447336de3de66b15e -> 
  custom:container-demuxer-webm: 4f35f7cbe854078d1ac9338744f61a02 -> 
  custom:container-muxer-webm: aa71ff27fc2769a1b78a27578f13a17b -> 
  custom:video-decoder-webm-vp8: 9c59270c3fd7afecdb556c50c9e8de78 -> 
  custom:SearchIndexIgnoredProperties: e643bd26f0fe6173181afceb89e7c659 -> 
  custom:AudioImporter_EditorPlatform: d09bf68614088b80899f8185d706f6e7 -> 
  custom:scripting/monoscript/fileName/QuitGame.cs: 5096369e521a632ecaa19ef6bb193ad3 -> 
  custom:video-encoder-webm-vp8: eb34c28f22e8b96e1ab97ce403110664 -> 
  custom:audio-decoder-ogg-vorbis: bf7c407c2cedff20999df2af8eb42d56 -> 
  custom:scripting/monoscript/fileName/MainMenuBtns.cs: 7a4c553ed157df86ad49bd371125fa92 -> 
  custom:audio-encoder-webm-vorbis: bf7c407c2cedff20999df2af8eb42d56 -> 
  custom:scripting/precompiled-assembly-types:Assembly-CSharp: 92f733a14cdf4c1f6cf3f4ad0ee0c4c4 -> 51bdbbc7743e4ed3f8333c67aed2824c
========================================================================
Received Prepare
Caller must complete domain reload
Begin MonoManager ReloadAssembly
- Loaded All Assemblies, in  0.263 seconds
Native extension for WindowsStandalone target not found
[Package Manager] Server::EnsureServerProcessIsRunning -- launch failed, reason: Unity was launched with the -noUpm command-line argument
[Package Manager] UpmClient::Send -- Unable to send message (not connected to UPM process).
[Package Manager] Cannot connect to Unity Package Manager local server
Mono: successfully reloaded assembly
- Finished resetting the current domain, in  0.595 seconds
Domain Reload Profiling: 857ms
	BeginReloadAssembly (97ms)
		ExecutionOrderSort (0ms)
		DisableScriptedObjects (3ms)
		BackupInstance (0ms)
		ReleaseScriptingObjects (0ms)
		CreateAndSetChildDomain (18ms)
	RebuildCommonClasses (20ms)
	RebuildNativeTypeToScriptingClass (7ms)
	initialDomainReloadingComplete (17ms)
	LoadAllAssembliesAndSetupDomain (122ms)
		LoadAssemblies (162ms)
		RebuildTransferFunctionScriptingTraits (0ms)
		AnalyzeDomain (11ms)
			TypeCache.Refresh (5ms)
				TypeCache.ScanAssembly (0ms)
			ScanForSourceGeneratedMonoScriptInfo (0ms)
			ResolveRequiredComponents (4ms)
	FinalizeReload (595ms)
		ReleaseScriptCaches (0ms)
		RebuildScriptCaches (0ms)
		SetupLoadedEditorAssemblies (370ms)
			LogAssemblyErrors (0ms)
			InitializePlatformSupportModulesInManaged (5ms)
			SetLoadedEditorAssemblies (2ms)
			RefreshPlugins (0ms)
			BeforeProcessingInitializeOnLoad (39ms)
			ProcessInitializeOnLoadAttributes (298ms)
			ProcessInitializeOnLoadMethodAttributes (20ms)
			AfterProcessingInitializeOnLoad (6ms)
			EditorAssembliesLoaded (0ms)
		ExecutionOrderSort2 (0ms)
		AwakeInstancesAfterBackupRestoration (7ms)
Refreshing native plugins compatible for Editor in 1.16 ms, found 3 plugins.
Preloading 0 native plugins for Editor in 0.00 ms.
Unloading 3152 Unused Serialized files (Serialized files now loaded: 0)
Unloading 16 unused Assets / (373.4 KB). Loaded Objects now: 3976.
Memory consumption went from 144.0 MB to 143.6 MB.
Total: 3.403600 ms (FindLiveObjects: 0.279400 ms CreateObjectMapping: 0.054400 ms MarkObjects: 2.889900 ms  DeleteObjects: 0.178700 ms)

Prepare: number of updated asset objects reloaded= 0
AssetImportParameters requested are different than current active one (requested -> active):
  custom:container-demuxer-ogg: 62fdf1f143b41e24485cea50d1cbac27 -> 
  custom:scripting/monoscript/fileName/MainMenuGUI.cs: 091df4f91c57b9accec9de62246fca77 -> 
  custom:video-codec-MediaFoundation-h265: 746d11721c4dcdbdad8f713fa42b33f4 -> 
  custom:video-decoder-ogg-theora: a1e56fd34408186e4bbccfd4996cb3dc -> 
  custom:scripting/monoscript/fileName/LoadScene.cs: 206f1b3f828a012e3128d4c1e305d0fb -> 
  custom:framework-win-MediaFoundation: 216162199b28c13a410421893ffa2e32 -> 
  custom:CustomObjectIndexerAttribute: 9a22284fe3817be447336de3de66b15e -> 
  custom:container-demuxer-webm: 4f35f7cbe854078d1ac9338744f61a02 -> 
  custom:container-muxer-webm: aa71ff27fc2769a1b78a27578f13a17b -> 
  custom:video-decoder-webm-vp8: 9c59270c3fd7afecdb556c50c9e8de78 -> 
  custom:SearchIndexIgnoredProperties: e643bd26f0fe6173181afceb89e7c659 -> 
  custom:AudioImporter_EditorPlatform: d09bf68614088b80899f8185d706f6e7 -> 
  custom:scripting/monoscript/fileName/QuitGame.cs: 5096369e521a632ecaa19ef6bb193ad3 -> 
  custom:video-encoder-webm-vp8: eb34c28f22e8b96e1ab97ce403110664 -> 
  custom:audio-decoder-ogg-vorbis: bf7c407c2cedff20999df2af8eb42d56 -> 
  custom:scripting/monoscript/fileName/MainMenuBtns.cs: 7a4c553ed157df86ad49bd371125fa92 -> 
  custom:audio-encoder-webm-vorbis: bf7c407c2cedff20999df2af8eb42d56 -> 
  custom:scripting/precompiled-assembly-types:Assembly-CSharp: 92f733a14cdf4c1f6cf3f4ad0ee0c4c4 -> 51bdbbc7743e4ed3f8333c67aed2824c
========================================================================
Received Prepare
Caller must complete domain reload
Begin MonoManager ReloadAssembly
- Loaded All Assemblies, in  0.273 seconds
Native extension for WindowsStandalone target not found
[Package Manager] Server::EnsureServerProcessIsRunning -- launch failed, reason: Unity was launched with the -noUpm command-line argument
[Package Manager] UpmClient::Send -- Unable to send message (not connected to UPM process).
[Package Manager] Cannot connect to Unity Package Manager local server
Mono: successfully reloaded assembly
- Finished resetting the current domain, in  0.643 seconds
Domain Reload Profiling: 915ms
	BeginReloadAssembly (97ms)
		ExecutionOrderSort (0ms)
		DisableScriptedObjects (3ms)
		BackupInstance (0ms)
		ReleaseScriptingObjects (0ms)
		CreateAndSetChildDomain (18ms)
	RebuildCommonClasses (21ms)
	RebuildNativeTypeToScriptingClass (7ms)
	initialDomainReloadingComplete (19ms)
	LoadAllAssembliesAndSetupDomain (129ms)
		LoadAssemblies (167ms)
		RebuildTransferFunctionScriptingTraits (0ms)
		AnalyzeDomain (12ms)
			TypeCache.Refresh (6ms)
				TypeCache.ScanAssembly (0ms)
			ScanForSourceGeneratedMonoScriptInfo (0ms)
			ResolveRequiredComponents (4ms)
	FinalizeReload (643ms)
		ReleaseScriptCaches (0ms)
		RebuildScriptCaches (0ms)
		SetupLoadedEditorAssemblies (363ms)
			LogAssemblyErrors (0ms)
			InitializePlatformSupportModulesInManaged (6ms)
			SetLoadedEditorAssemblies (3ms)
			RefreshPlugins (0ms)
			BeforeProcessingInitializeOnLoad (46ms)
			ProcessInitializeOnLoadAttributes (285ms)
			ProcessInitializeOnLoadMethodAttributes (19ms)
			AfterProcessingInitializeOnLoad (4ms)
			EditorAssembliesLoaded (0ms)
		ExecutionOrderSort2 (0ms)
		AwakeInstancesAfterBackupRestoration (7ms)
Refreshing native plugins compatible for Editor in 2.38 ms, found 3 plugins.
Preloading 0 native plugins for Editor in 0.00 ms.
Unloading 3152 Unused Serialized files (Serialized files now loaded: 0)
Unloading 16 unused Assets / (341.3 KB). Loaded Objects now: 3979.
Memory consumption went from 144.0 MB to 143.6 MB.
Total: 2.612800 ms (FindLiveObjects: 0.270500 ms CreateObjectMapping: 0.052000 ms MarkObjects: 2.045000 ms  DeleteObjects: 0.244600 ms)

Prepare: number of updated asset objects reloaded= 0
AssetImportParameters requested are different than current active one (requested -> active):
  custom:container-demuxer-ogg: 62fdf1f143b41e24485cea50d1cbac27 -> 
  custom:scripting/monoscript/fileName/MainMenuGUI.cs: 091df4f91c57b9accec9de62246fca77 -> 
  custom:video-codec-MediaFoundation-h265: 746d11721c4dcdbdad8f713fa42b33f4 -> 
  custom:video-decoder-ogg-theora: a1e56fd34408186e4bbccfd4996cb3dc -> 
  custom:scripting/monoscript/fileName/LoadScene.cs: 206f1b3f828a012e3128d4c1e305d0fb -> 
  custom:framework-win-MediaFoundation: 216162199b28c13a410421893ffa2e32 -> 
  custom:CustomObjectIndexerAttribute: 9a22284fe3817be447336de3de66b15e -> 
  custom:container-demuxer-webm: 4f35f7cbe854078d1ac9338744f61a02 -> 
  custom:container-muxer-webm: aa71ff27fc2769a1b78a27578f13a17b -> 
  custom:video-decoder-webm-vp8: 9c59270c3fd7afecdb556c50c9e8de78 -> 
  custom:SearchIndexIgnoredProperties: e643bd26f0fe6173181afceb89e7c659 -> 
  custom:AudioImporter_EditorPlatform: d09bf68614088b80899f8185d706f6e7 -> 
  custom:scripting/monoscript/fileName/QuitGame.cs: 5096369e521a632ecaa19ef6bb193ad3 -> 
  custom:video-encoder-webm-vp8: eb34c28f22e8b96e1ab97ce403110664 -> 
  custom:audio-decoder-ogg-vorbis: bf7c407c2cedff20999df2af8eb42d56 -> 
  custom:scripting/monoscript/fileName/MainMenuBtns.cs: 7a4c553ed157df86ad49bd371125fa92 -> 
  custom:audio-encoder-webm-vorbis: bf7c407c2cedff20999df2af8eb42d56 -> 
  custom:scripting/precompiled-assembly-types:Assembly-CSharp: 92f733a14cdf4c1f6cf3f4ad0ee0c4c4 -> 51bdbbc7743e4ed3f8333c67aed2824c
========================================================================
Received Prepare
Caller must complete domain reload
Begin MonoManager ReloadAssembly
- Loaded All Assemblies, in  0.280 seconds
Native extension for WindowsStandalone target not found
[Package Manager] Server::EnsureServerProcessIsRunning -- launch failed, reason: Unity was launched with the -noUpm command-line argument
[Package Manager] UpmClient::Send -- Unable to send message (not connected to UPM process).
[Package Manager] Cannot connect to Unity Package Manager local server
Mono: successfully reloaded assembly
- Finished resetting the current domain, in  0.483 seconds
Domain Reload Profiling: 763ms
	BeginReloadAssembly (98ms)
		ExecutionOrderSort (0ms)
		DisableScriptedObjects (3ms)
		BackupInstance (0ms)
		ReleaseScriptingObjects (0ms)
		CreateAndSetChildDomain (17ms)
	RebuildCommonClasses (22ms)
	RebuildNativeTypeToScriptingClass (7ms)
	initialDomainReloadingComplete (19ms)
	LoadAllAssembliesAndSetupDomain (134ms)
		LoadAssemblies (173ms)
		RebuildTransferFunctionScriptingTraits (0ms)
		AnalyzeDomain (15ms)
			TypeCache.Refresh (6ms)
				TypeCache.ScanAssembly (0ms)
			ScanForSourceGeneratedMonoScriptInfo (4ms)
			ResolveRequiredComponents (3ms)
	FinalizeReload (483ms)
		ReleaseScriptCaches (0ms)
		RebuildScriptCaches (0ms)
		SetupLoadedEditorAssemblies (281ms)
			LogAssemblyErrors (0ms)
			InitializePlatformSupportModulesInManaged (4ms)
			SetLoadedEditorAssemblies (2ms)
			RefreshPlugins (0ms)
			BeforeProcessingInitializeOnLoad (36ms)
			ProcessInitializeOnLoadAttributes (223ms)
			ProcessInitializeOnLoadMethodAttributes (13ms)
			AfterProcessingInitializeOnLoad (3ms)
			EditorAssembliesLoaded (0ms)
		ExecutionOrderSort2 (0ms)
		AwakeInstancesAfterBackupRestoration (5ms)
Refreshing native plugins compatible for Editor in 1.01 ms, found 3 plugins.
Preloading 0 native plugins for Editor in 0.00 ms.
Unloading 3152 Unused Serialized files (Serialized files now loaded: 0)
Unloading 16 unused Assets / (373.4 KB). Loaded Objects now: 3982.
Memory consumption went from 144.0 MB to 143.6 MB.
Total: 2.258400 ms (FindLiveObjects: 0.183700 ms CreateObjectMapping: 0.048400 ms MarkObjects: 1.870900 ms  DeleteObjects: 0.154400 ms)

Prepare: number of updated asset objects reloaded= 0
AssetImportParameters requested are different than current active one (requested -> active):
  custom:container-demuxer-ogg: 62fdf1f143b41e24485cea50d1cbac27 -> 
  custom:scripting/monoscript/fileName/MainMenuGUI.cs: 091df4f91c57b9accec9de62246fca77 -> 
  custom:video-codec-MediaFoundation-h265: 746d11721c4dcdbdad8f713fa42b33f4 -> 
  custom:video-decoder-ogg-theora: a1e56fd34408186e4bbccfd4996cb3dc -> 
  custom:scripting/monoscript/fileName/LoadScene.cs: 206f1b3f828a012e3128d4c1e305d0fb -> 
  custom:framework-win-MediaFoundation: 216162199b28c13a410421893ffa2e32 -> 
  custom:CustomObjectIndexerAttribute: 9a22284fe3817be447336de3de66b15e -> 
  custom:container-demuxer-webm: 4f35f7cbe854078d1ac9338744f61a02 -> 
  custom:container-muxer-webm: aa71ff27fc2769a1b78a27578f13a17b -> 
  custom:video-decoder-webm-vp8: 9c59270c3fd7afecdb556c50c9e8de78 -> 
  custom:SearchIndexIgnoredProperties: e643bd26f0fe6173181afceb89e7c659 -> 
  custom:AudioImporter_EditorPlatform: d09bf68614088b80899f8185d706f6e7 -> 
  custom:scripting/monoscript/fileName/QuitGame.cs: 5096369e521a632ecaa19ef6bb193ad3 -> 
  custom:video-encoder-webm-vp8: eb34c28f22e8b96e1ab97ce403110664 -> 
  custom:audio-decoder-ogg-vorbis: bf7c407c2cedff20999df2af8eb42d56 -> 
  custom:scripting/monoscript/fileName/MainMenuBtns.cs: 7a4c553ed157df86ad49bd371125fa92 -> 
  custom:audio-encoder-webm-vorbis: bf7c407c2cedff20999df2af8eb42d56 -> 
  custom:scripting/precompiled-assembly-types:Assembly-CSharp: 92f733a14cdf4c1f6cf3f4ad0ee0c4c4 -> 51bdbbc7743e4ed3f8333c67aed2824c
========================================================================
Received Prepare
Caller must complete domain reload
Begin MonoManager ReloadAssembly
- Loaded All Assemblies, in  0.317 seconds
Native extension for WindowsStandalone target not found
[Package Manager] Server::EnsureServerProcessIsRunning -- launch failed, reason: Unity was launched with the -noUpm command-line argument
[Package Manager] UpmClient::Send -- Unable to send message (not connected to UPM process).
[Package Manager] Cannot connect to Unity Package Manager local server
Mono: successfully reloaded assembly
- Finished resetting the current domain, in  0.584 seconds
Domain Reload Profiling: 901ms
	BeginReloadAssembly (92ms)
		ExecutionOrderSort (0ms)
		DisableScriptedObjects (3ms)
		BackupInstance (0ms)
		ReleaseScriptingObjects (0ms)
		CreateAndSetChildDomain (19ms)
	RebuildCommonClasses (20ms)
	RebuildNativeTypeToScriptingClass (6ms)
	initialDomainReloadingComplete (18ms)
	LoadAllAssembliesAndSetupDomain (180ms)
		LoadAssemblies (170ms)
		RebuildTransferFunctionScriptingTraits (0ms)
		AnalyzeDomain (58ms)
			TypeCache.Refresh (44ms)
				TypeCache.ScanAssembly (36ms)
			ScanForSourceGeneratedMonoScriptInfo (8ms)
			ResolveRequiredComponents (3ms)
	FinalizeReload (584ms)
		ReleaseScriptCaches (0ms)
		RebuildScriptCaches (0ms)
		SetupLoadedEditorAssemblies (348ms)
			LogAssemblyErrors (0ms)
			InitializePlatformSupportModulesInManaged (5ms)
			SetLoadedEditorAssemblies (3ms)
			RefreshPlugins (0ms)
			BeforeProcessingInitializeOnLoad (48ms)
			ProcessInitializeOnLoadAttributes (277ms)
			ProcessInitializeOnLoadMethodAttributes (13ms)
			AfterProcessingInitializeOnLoad (3ms)
			EditorAssembliesLoaded (0ms)
		ExecutionOrderSort2 (0ms)
		AwakeInstancesAfterBackupRestoration (5ms)
Refreshing native plugins compatible for Editor in 1.89 ms, found 3 plugins.
Preloading 0 native plugins for Editor in 0.00 ms.
Unloading 3152 Unused Serialized files (Serialized files now loaded: 0)
Unloading 16 unused Assets / (381.3 KB). Loaded Objects now: 3985.
Memory consumption went from 144.0 MB to 143.7 MB.
Total: 2.113500 ms (FindLiveObjects: 0.168300 ms CreateObjectMapping: 0.049800 ms MarkObjects: 1.710400 ms  DeleteObjects: 0.184200 ms)

Prepare: number of updated asset objects reloaded= 0
AssetImportParameters requested are different than current active one (requested -> active):
  custom:container-demuxer-ogg: 62fdf1f143b41e24485cea50d1cbac27 -> 
  custom:scripting/precompiled-assembly-types:Unity.PlasticSCM.Editor: 6422b6ca0d4c4c6df738ede20396ac4f -> 61b19ddb92073bec3b858fc919e16e73
  custom:scripting/monoscript/fileName/MainMenuGUI.cs: 091df4f91c57b9accec9de62246fca77 -> 
  custom:video-codec-MediaFoundation-h265: 746d11721c4dcdbdad8f713fa42b33f4 -> 
  custom:video-decoder-ogg-theora: a1e56fd34408186e4bbccfd4996cb3dc -> 
  custom:scripting/monoscript/fileName/LoadScene.cs: 206f1b3f828a012e3128d4c1e305d0fb -> 
  custom:framework-win-MediaFoundation: 216162199b28c13a410421893ffa2e32 -> 
  custom:scripting/precompiled-assembly-types:Unity.Timeline.Editor: b4313fba5652ee5a8449f3ec85f31ae4 -> 534d7c71c4dd9147ea00599cede121e1
  custom:CustomObjectIndexerAttribute: 9a22284fe3817be447336de3de66b15e -> 
  custom:container-demuxer-webm: 4f35f7cbe854078d1ac9338744f61a02 -> 
  custom:container-muxer-webm: aa71ff27fc2769a1b78a27578f13a17b -> 
  custom:video-decoder-webm-vp8: 9c59270c3fd7afecdb556c50c9e8de78 -> 
  custom:SearchIndexIgnoredProperties: e643bd26f0fe6173181afceb89e7c659 -> 
  custom:AudioImporter_EditorPlatform: d09bf68614088b80899f8185d706f6e7 -> 
  custom:scripting/precompiled-assembly-types:Unity.VisualScripting.Core.Editor: 1ac958119c4ad755d50390246b13522a -> 39597c0f3a76e24d87d64afa59c5f88d
  custom:scripting/precompiled-assembly-types:UnityEngine.TestRunner: 7a4d96a0696e29157328c6996c3b82c5 -> f5758234275f5346968d00e3b1a1c0e4
  custom:scripting/monoscript/fileName/QuitGame.cs: 5096369e521a632ecaa19ef6bb193ad3 -> 
  custom:video-encoder-webm-vp8: eb34c28f22e8b96e1ab97ce403110664 -> 
  custom:audio-decoder-ogg-vorbis: bf7c407c2cedff20999df2af8eb42d56 -> 
  custom:scripting/monoscript/fileName/MainMenuBtns.cs: 7a4c553ed157df86ad49bd371125fa92 -> 
  custom:audio-encoder-webm-vorbis: bf7c407c2cedff20999df2af8eb42d56 -> 
  custom:scripting/precompiled-assembly-types:Assembly-CSharp: 92f733a14cdf4c1f6cf3f4ad0ee0c4c4 -> 51bdbbc7743e4ed3f8333c67aed2824c
========================================================================
Received Prepare
Caller must complete domain reload
Begin MonoManager ReloadAssembly
- Loaded All Assemblies, in  0.279 seconds
Native extension for WindowsStandalone target not found
[Package Manager] Server::EnsureServerProcessIsRunning -- launch failed, reason: Unity was launched with the -noUpm command-line argument
[Package Manager] UpmClient::Send -- Unable to send message (not connected to UPM process).
[Package Manager] Cannot connect to Unity Package Manager local server
Mono: successfully reloaded assembly
- Finished resetting the current domain, in  0.537 seconds
Domain Reload Profiling: 815ms
	BeginReloadAssembly (98ms)
		ExecutionOrderSort (0ms)
		DisableScriptedObjects (3ms)
		BackupInstance (0ms)
		ReleaseScriptingObjects (0ms)
		CreateAndSetChildDomain (19ms)
	RebuildCommonClasses (21ms)
	RebuildNativeTypeToScriptingClass (6ms)
	initialDomainReloadingComplete (18ms)
	LoadAllAssembliesAndSetupDomain (134ms)
		LoadAssemblies (176ms)
		RebuildTransferFunctionScriptingTraits (0ms)
		AnalyzeDomain (12ms)
			TypeCache.Refresh (5ms)
				TypeCache.ScanAssembly (0ms)
			ScanForSourceGeneratedMonoScriptInfo (0ms)
			ResolveRequiredComponents (4ms)
	FinalizeReload (537ms)
		ReleaseScriptCaches (0ms)
		RebuildScriptCaches (0ms)
		SetupLoadedEditorAssemblies (318ms)
			LogAssemblyErrors (0ms)
			InitializePlatformSupportModulesInManaged (4ms)
			SetLoadedEditorAssemblies (2ms)
			RefreshPlugins (0ms)
			BeforeProcessingInitializeOnLoad (40ms)
			ProcessInitializeOnLoadAttributes (249ms)
			ProcessInitializeOnLoadMethodAttributes (18ms)
			AfterProcessingInitializeOnLoad (4ms)
			EditorAssembliesLoaded (0ms)
		ExecutionOrderSort2 (0ms)
		AwakeInstancesAfterBackupRestoration (7ms)
Refreshing native plugins compatible for Editor in 1.41 ms, found 3 plugins.
Preloading 0 native plugins for Editor in 0.00 ms.
Unloading 3152 Unused Serialized files (Serialized files now loaded: 0)
Unloading 16 unused Assets / (373.6 KB). Loaded Objects now: 3988.
Memory consumption went from 144.0 MB to 143.7 MB.
Total: 18.570000 ms (FindLiveObjects: 0.175300 ms CreateObjectMapping: 0.047100 ms MarkObjects: 18.170400 ms  DeleteObjects: 0.176200 ms)

Prepare: number of updated asset objects reloaded= 0
AssetImportParameters requested are different than current active one (requested -> active):
  custom:container-demuxer-ogg: 62fdf1f143b41e24485cea50d1cbac27 -> 
  custom:scripting/precompiled-assembly-types:Unity.PlasticSCM.Editor: 6422b6ca0d4c4c6df738ede20396ac4f -> 61b19ddb92073bec3b858fc919e16e73
  custom:scripting/monoscript/fileName/MainMenuGUI.cs: 091df4f91c57b9accec9de62246fca77 -> 
  custom:video-codec-MediaFoundation-h265: 746d11721c4dcdbdad8f713fa42b33f4 -> 
  custom:video-decoder-ogg-theora: a1e56fd34408186e4bbccfd4996cb3dc -> 
  custom:scripting/monoscript/fileName/LoadScene.cs: 206f1b3f828a012e3128d4c1e305d0fb -> 
  custom:framework-win-MediaFoundation: 216162199b28c13a410421893ffa2e32 -> 
  custom:scripting/precompiled-assembly-types:Unity.Timeline.Editor: b4313fba5652ee5a8449f3ec85f31ae4 -> 534d7c71c4dd9147ea00599cede121e1
  custom:CustomObjectIndexerAttribute: 9a22284fe3817be447336de3de66b15e -> 
  custom:container-demuxer-webm: 4f35f7cbe854078d1ac9338744f61a02 -> 
  custom:container-muxer-webm: aa71ff27fc2769a1b78a27578f13a17b -> 
  custom:video-decoder-webm-vp8: 9c59270c3fd7afecdb556c50c9e8de78 -> 
  custom:SearchIndexIgnoredProperties: e643bd26f0fe6173181afceb89e7c659 -> 
  custom:AudioImporter_EditorPlatform: d09bf68614088b80899f8185d706f6e7 -> 
  custom:scripting/precompiled-assembly-types:Unity.VisualScripting.Core.Editor: 1ac958119c4ad755d50390246b13522a -> 39597c0f3a76e24d87d64afa59c5f88d
  custom:scripting/precompiled-assembly-types:UnityEngine.TestRunner: 7a4d96a0696e29157328c6996c3b82c5 -> f5758234275f5346968d00e3b1a1c0e4
  custom:scripting/monoscript/fileName/QuitGame.cs: 5096369e521a632ecaa19ef6bb193ad3 -> 
  custom:video-encoder-webm-vp8: eb34c28f22e8b96e1ab97ce403110664 -> 
  custom:audio-decoder-ogg-vorbis: bf7c407c2cedff20999df2af8eb42d56 -> 
  custom:scripting/monoscript/fileName/MainMenuBtns.cs: 7a4c553ed157df86ad49bd371125fa92 -> 
  custom:audio-encoder-webm-vorbis: bf7c407c2cedff20999df2af8eb42d56 -> 
  custom:scripting/precompiled-assembly-types:Assembly-CSharp: 92f733a14cdf4c1f6cf3f4ad0ee0c4c4 -> 51bdbbc7743e4ed3f8333c67aed2824c
========================================================================
Received Prepare
Caller must complete domain reload
Begin MonoManager ReloadAssembly
- Loaded All Assemblies, in  0.299 seconds
Native extension for WindowsStandalone target not found
[Package Manager] Server::EnsureServerProcessIsRunning -- launch failed, reason: Unity was launched with the -noUpm command-line argument
[Package Manager] UpmClient::Send -- Unable to send message (not connected to UPM process).
[Package Manager] Cannot connect to Unity Package Manager local server
Mono: successfully reloaded assembly
- Finished resetting the current domain, in  0.587 seconds
Domain Reload Profiling: 885ms
	BeginReloadAssembly (108ms)
		ExecutionOrderSort (0ms)
		DisableScriptedObjects (3ms)
		BackupInstance (0ms)
		ReleaseScriptingObjects (0ms)
		CreateAndSetChildDomain (25ms)
	RebuildCommonClasses (20ms)
	RebuildNativeTypeToScriptingClass (6ms)
	initialDomainReloadingComplete (19ms)
	LoadAllAssembliesAndSetupDomain (145ms)
		LoadAssemblies (180ms)
		RebuildTransferFunctionScriptingTraits (0ms)
		AnalyzeDomain (20ms)
			TypeCache.Refresh (7ms)
				TypeCache.ScanAssembly (0ms)
			ScanForSourceGeneratedMonoScriptInfo (5ms)
			ResolveRequiredComponents (4ms)
	FinalizeReload (588ms)
		ReleaseScriptCaches (0ms)
		RebuildScriptCaches (0ms)
		SetupLoadedEditorAssemblies (340ms)
			LogAssemblyErrors (0ms)
			InitializePlatformSupportModulesInManaged (4ms)
			SetLoadedEditorAssemblies (3ms)
			RefreshPlugins (0ms)
			BeforeProcessingInitializeOnLoad (45ms)
			ProcessInitializeOnLoadAttributes (272ms)
			ProcessInitializeOnLoadMethodAttributes (13ms)
			AfterProcessingInitializeOnLoad (4ms)
			EditorAssembliesLoaded (0ms)
		ExecutionOrderSort2 (0ms)
		AwakeInstancesAfterBackupRestoration (6ms)
Refreshing native plugins compatible for Editor in 1.07 ms, found 3 plugins.
Preloading 0 native plugins for Editor in 0.00 ms.
Unloading 3152 Unused Serialized files (Serialized files now loaded: 0)
Unloading 16 unused Assets / (373.5 KB). Loaded Objects now: 3991.
Memory consumption went from 144.0 MB to 143.7 MB.
Total: 2.210300 ms (FindLiveObjects: 0.174200 ms CreateObjectMapping: 0.047200 ms MarkObjects: 1.819900 ms  DeleteObjects: 0.168100 ms)

Prepare: number of updated asset objects reloaded= 0
AssetImportParameters requested are different than current active one (requested -> active):
  custom:container-demuxer-ogg: 62fdf1f143b41e24485cea50d1cbac27 -> 
  custom:scripting/precompiled-assembly-types:Unity.PlasticSCM.Editor: 6422b6ca0d4c4c6df738ede20396ac4f -> 61b19ddb92073bec3b858fc919e16e73
  custom:scripting/monoscript/fileName/MainMenuGUI.cs: 091df4f91c57b9accec9de62246fca77 -> 
  custom:video-codec-MediaFoundation-h265: 746d11721c4dcdbdad8f713fa42b33f4 -> 
  custom:video-decoder-ogg-theora: a1e56fd34408186e4bbccfd4996cb3dc -> 
  custom:scripting/monoscript/fileName/LoadScene.cs: 206f1b3f828a012e3128d4c1e305d0fb -> 
  custom:framework-win-MediaFoundation: 216162199b28c13a410421893ffa2e32 -> 
  custom:scripting/precompiled-assembly-types:Unity.Timeline.Editor: b4313fba5652ee5a8449f3ec85f31ae4 -> 534d7c71c4dd9147ea00599cede121e1
  custom:CustomObjectIndexerAttribute: 9a22284fe3817be447336de3de66b15e -> 
  custom:container-demuxer-webm: 4f35f7cbe854078d1ac9338744f61a02 -> 
  custom:container-muxer-webm: aa71ff27fc2769a1b78a27578f13a17b -> 
  custom:video-decoder-webm-vp8: 9c59270c3fd7afecdb556c50c9e8de78 -> 
  custom:SearchIndexIgnoredProperties: e643bd26f0fe6173181afceb89e7c659 -> 
  custom:AudioImporter_EditorPlatform: d09bf68614088b80899f8185d706f6e7 -> 
  custom:scripting/precompiled-assembly-types:Unity.VisualScripting.Core.Editor: 1ac958119c4ad755d50390246b13522a -> 39597c0f3a76e24d87d64afa59c5f88d
  custom:scripting/precompiled-assembly-types:UnityEngine.TestRunner: 7a4d96a0696e29157328c6996c3b82c5 -> f5758234275f5346968d00e3b1a1c0e4
  custom:scripting/monoscript/fileName/QuitGame.cs: 5096369e521a632ecaa19ef6bb193ad3 -> 
  custom:video-encoder-webm-vp8: eb34c28f22e8b96e1ab97ce403110664 -> 
  custom:audio-decoder-ogg-vorbis: bf7c407c2cedff20999df2af8eb42d56 -> 
  custom:scripting/monoscript/fileName/MainMenuBtns.cs: 7a4c553ed157df86ad49bd371125fa92 -> 
  custom:audio-encoder-webm-vorbis: bf7c407c2cedff20999df2af8eb42d56 -> 
  custom:scripting/precompiled-assembly-types:Assembly-CSharp: 92f733a14cdf4c1f6cf3f4ad0ee0c4c4 -> 51bdbbc7743e4ed3f8333c67aed2824c
========================================================================
Received Prepare
Caller must complete domain reload
Begin MonoManager ReloadAssembly
- Loaded All Assemblies, in  0.513 seconds
Native extension for WindowsStandalone target not found
[Package Manager] Server::EnsureServerProcessIsRunning -- launch failed, reason: Unity was launched with the -noUpm command-line argument
[Package Manager] UpmClient::Send -- Unable to send message (not connected to UPM process).
[Package Manager] Cannot connect to Unity Package Manager local server
Mono: successfully reloaded assembly
- Finished resetting the current domain, in  1.137 seconds
Domain Reload Profiling: 1647ms
	BeginReloadAssembly (168ms)
		ExecutionOrderSort (0ms)
		DisableScriptedObjects (5ms)
		BackupInstance (0ms)
		ReleaseScriptingObjects (0ms)
		CreateAndSetChildDomain (34ms)
	RebuildCommonClasses (40ms)
	RebuildNativeTypeToScriptingClass (13ms)
	initialDomainReloadingComplete (33ms)
	LoadAllAssembliesAndSetupDomain (255ms)
		LoadAssemblies (330ms)
		RebuildTransferFunctionScriptingTraits (0ms)
		AnalyzeDomain (20ms)
			TypeCache.Refresh (8ms)
				TypeCache.ScanAssembly (0ms)
			ScanForSourceGeneratedMonoScriptInfo (0ms)
			ResolveRequiredComponents (8ms)
	FinalizeReload (1138ms)
		ReleaseScriptCaches (0ms)
		RebuildScriptCaches (0ms)
		SetupLoadedEditorAssemblies (579ms)
			LogAssemblyErrors (0ms)
			InitializePlatformSupportModulesInManaged (9ms)
			SetLoadedEditorAssemblies (4ms)
			RefreshPlugins (0ms)
			BeforeProcessingInitializeOnLoad (75ms)
			ProcessInitializeOnLoadAttributes (450ms)
			ProcessInitializeOnLoadMethodAttributes (31ms)
			AfterProcessingInitializeOnLoad (9ms)
			EditorAssembliesLoaded (0ms)
		ExecutionOrderSort2 (0ms)
		AwakeInstancesAfterBackupRestoration (13ms)
Refreshing native plugins compatible for Editor in 1.64 ms, found 3 plugins.
Preloading 0 native plugins for Editor in 0.00 ms.
Unloading 3152 Unused Serialized files (Serialized files now loaded: 0)
Unloading 16 unused Assets / (381.5 KB). Loaded Objects now: 3994.
Memory consumption went from 144.0 MB to 143.7 MB.
Total: 2.884100 ms (FindLiveObjects: 0.196100 ms CreateObjectMapping: 0.051900 ms MarkObjects: 2.454200 ms  DeleteObjects: 0.181100 ms)

Prepare: number of updated asset objects reloaded= 0
AssetImportParameters requested are different than current active one (requested -> active):
  custom:container-demuxer-ogg: 62fdf1f143b41e24485cea50d1cbac27 -> 
  custom:scripting/precompiled-assembly-types:Unity.PlasticSCM.Editor: 6422b6ca0d4c4c6df738ede20396ac4f -> 61b19ddb92073bec3b858fc919e16e73
  custom:scripting/monoscript/fileName/MainMenuGUI.cs: 091df4f91c57b9accec9de62246fca77 -> 
  custom:video-codec-MediaFoundation-h265: 746d11721c4dcdbdad8f713fa42b33f4 -> 
  custom:video-decoder-ogg-theora: a1e56fd34408186e4bbccfd4996cb3dc -> 
  custom:scripting/monoscript/fileName/LoadScene.cs: 206f1b3f828a012e3128d4c1e305d0fb -> 
  custom:framework-win-MediaFoundation: 216162199b28c13a410421893ffa2e32 -> 
  custom:scripting/precompiled-assembly-types:Unity.Timeline.Editor: b4313fba5652ee5a8449f3ec85f31ae4 -> 534d7c71c4dd9147ea00599cede121e1
  custom:CustomObjectIndexerAttribute: 9a22284fe3817be447336de3de66b15e -> 
  custom:container-demuxer-webm: 4f35f7cbe854078d1ac9338744f61a02 -> 
  custom:container-muxer-webm: aa71ff27fc2769a1b78a27578f13a17b -> 
  custom:video-decoder-webm-vp8: 9c59270c3fd7afecdb556c50c9e8de78 -> 
  custom:SearchIndexIgnoredProperties: e643bd26f0fe6173181afceb89e7c659 -> 
  custom:AudioImporter_EditorPlatform: d09bf68614088b80899f8185d706f6e7 -> 
  custom:scripting/precompiled-assembly-types:Unity.VisualScripting.Core.Editor: 1ac958119c4ad755d50390246b13522a -> 39597c0f3a76e24d87d64afa59c5f88d
  custom:scripting/precompiled-assembly-types:UnityEngine.TestRunner: 7a4d96a0696e29157328c6996c3b82c5 -> f5758234275f5346968d00e3b1a1c0e4
  custom:scripting/monoscript/fileName/QuitGame.cs: 5096369e521a632ecaa19ef6bb193ad3 -> 
  custom:video-encoder-webm-vp8: eb34c28f22e8b96e1ab97ce403110664 -> 
  custom:audio-decoder-ogg-vorbis: bf7c407c2cedff20999df2af8eb42d56 -> 
  custom:scripting/monoscript/fileName/MainMenuBtns.cs: 7a4c553ed157df86ad49bd371125fa92 -> 
  custom:audio-encoder-webm-vorbis: bf7c407c2cedff20999df2af8eb42d56 -> 
  custom:scripting/precompiled-assembly-types:Assembly-CSharp: 92f733a14cdf4c1f6cf3f4ad0ee0c4c4 -> 51bdbbc7743e4ed3f8333c67aed2824c
========================================================================
Received Prepare
Caller must complete domain reload
Begin MonoManager ReloadAssembly
- Loaded All Assemblies, in  0.273 seconds
Native extension for WindowsStandalone target not found
[Package Manager] Server::EnsureServerProcessIsRunning -- launch failed, reason: Unity was launched with the -noUpm command-line argument
[Package Manager] UpmClient::Send -- Unable to send message (not connected to UPM process).
[Package Manager] Cannot connect to Unity Package Manager local server
Mono: successfully reloaded assembly
- Finished resetting the current domain, in  0.584 seconds
Domain Reload Profiling: 856ms
	BeginReloadAssembly (97ms)
		ExecutionOrderSort (0ms)
		DisableScriptedObjects (3ms)
		BackupInstance (0ms)
		ReleaseScriptingObjects (0ms)
		CreateAndSetChildDomain (18ms)
	RebuildCommonClasses (24ms)
	RebuildNativeTypeToScriptingClass (6ms)
	initialDomainReloadingComplete (19ms)
	LoadAllAssembliesAndSetupDomain (126ms)
		LoadAssemblies (161ms)
		RebuildTransferFunctionScriptingTraits (0ms)
		AnalyzeDomain (17ms)
			TypeCache.Refresh (7ms)
				TypeCache.ScanAssembly (0ms)
			ScanForSourceGeneratedMonoScriptInfo (4ms)
			ResolveRequiredComponents (4ms)
	FinalizeReload (584ms)
		ReleaseScriptCaches (0ms)
		RebuildScriptCaches (0ms)
		SetupLoadedEditorAssemblies (336ms)
			LogAssemblyErrors (0ms)
			InitializePlatformSupportModulesInManaged (7ms)
			SetLoadedEditorAssemblies (3ms)
			RefreshPlugins (0ms)
			BeforeProcessingInitializeOnLoad (50ms)
			ProcessInitializeOnLoadAttributes (259ms)
			ProcessInitializeOnLoadMethodAttributes (13ms)
			AfterProcessingInitializeOnLoad (4ms)
			EditorAssembliesLoaded (0ms)
		ExecutionOrderSort2 (0ms)
		AwakeInstancesAfterBackupRestoration (5ms)
Refreshing native plugins compatible for Editor in 1.12 ms, found 3 plugins.
Preloading 0 native plugins for Editor in 0.00 ms.
Unloading 3152 Unused Serialized files (Serialized files now loaded: 0)
Unloading 16 unused Assets / (373.7 KB). Loaded Objects now: 3997.
Memory consumption went from 144.0 MB to 143.7 MB.
Total: 2.280700 ms (FindLiveObjects: 0.186000 ms CreateObjectMapping: 0.044900 ms MarkObjects: 1.880100 ms  DeleteObjects: 0.168600 ms)

Prepare: number of updated asset objects reloaded= 0
AssetImportParameters requested are different than current active one (requested -> active):
  custom:container-demuxer-ogg: 62fdf1f143b41e24485cea50d1cbac27 -> 
  custom:scripting/precompiled-assembly-types:Unity.PlasticSCM.Editor: 6422b6ca0d4c4c6df738ede20396ac4f -> 61b19ddb92073bec3b858fc919e16e73
  custom:scripting/monoscript/fileName/MainMenuGUI.cs: 091df4f91c57b9accec9de62246fca77 -> 
  custom:video-codec-MediaFoundation-h265: 746d11721c4dcdbdad8f713fa42b33f4 -> 
  custom:video-decoder-ogg-theora: a1e56fd34408186e4bbccfd4996cb3dc -> 
  custom:scripting/monoscript/fileName/LoadScene.cs: 206f1b3f828a012e3128d4c1e305d0fb -> 
  custom:framework-win-MediaFoundation: 216162199b28c13a410421893ffa2e32 -> 
  custom:scripting/precompiled-assembly-types:Unity.Timeline.Editor: b4313fba5652ee5a8449f3ec85f31ae4 -> 534d7c71c4dd9147ea00599cede121e1
  custom:CustomObjectIndexerAttribute: 9a22284fe3817be447336de3de66b15e -> 
  custom:container-demuxer-webm: 4f35f7cbe854078d1ac9338744f61a02 -> 
  custom:container-muxer-webm: aa71ff27fc2769a1b78a27578f13a17b -> 
  custom:video-decoder-webm-vp8: 9c59270c3fd7afecdb556c50c9e8de78 -> 
  custom:SearchIndexIgnoredProperties: e643bd26f0fe6173181afceb89e7c659 -> 
  custom:AudioImporter_EditorPlatform: d09bf68614088b80899f8185d706f6e7 -> 
  custom:scripting/precompiled-assembly-types:Unity.VisualScripting.Core.Editor: 1ac958119c4ad755d50390246b13522a -> 39597c0f3a76e24d87d64afa59c5f88d
  custom:scripting/precompiled-assembly-types:UnityEngine.TestRunner: 7a4d96a0696e29157328c6996c3b82c5 -> f5758234275f5346968d00e3b1a1c0e4
  custom:scripting/monoscript/fileName/QuitGame.cs: 5096369e521a632ecaa19ef6bb193ad3 -> 
  custom:video-encoder-webm-vp8: eb34c28f22e8b96e1ab97ce403110664 -> 
  custom:audio-decoder-ogg-vorbis: bf7c407c2cedff20999df2af8eb42d56 -> 
  custom:scripting/monoscript/fileName/MainMenuBtns.cs: 7a4c553ed157df86ad49bd371125fa92 -> 
  custom:audio-encoder-webm-vorbis: bf7c407c2cedff20999df2af8eb42d56 -> 
  custom:scripting/precompiled-assembly-types:Assembly-CSharp: 92f733a14cdf4c1f6cf3f4ad0ee0c4c4 -> 51bdbbc7743e4ed3f8333c67aed2824c
========================================================================
Received Prepare
Caller must complete domain reload
Begin MonoManager ReloadAssembly
- Loaded All Assemblies, in  0.275 seconds
Native extension for WindowsStandalone target not found
[Package Manager] Server::EnsureServerProcessIsRunning -- launch failed, reason: Unity was launched with the -noUpm command-line argument
[Package Manager] UpmClient::Send -- Unable to send message (not connected to UPM process).
[Package Manager] Cannot connect to Unity Package Manager local server
Mono: successfully reloaded assembly
- Finished resetting the current domain, in  0.577 seconds
Domain Reload Profiling: 852ms
	BeginReloadAssembly (96ms)
		ExecutionOrderSort (0ms)
		DisableScriptedObjects (3ms)
		BackupInstance (0ms)
		ReleaseScriptingObjects (0ms)
		CreateAndSetChildDomain (17ms)
	RebuildCommonClasses (21ms)
	RebuildNativeTypeToScriptingClass (7ms)
	initialDomainReloadingComplete (18ms)
	LoadAllAssembliesAndSetupDomain (132ms)
		LoadAssemblies (168ms)
		RebuildTransferFunctionScriptingTraits (0ms)
		AnalyzeDomain (17ms)
			TypeCache.Refresh (6ms)
				TypeCache.ScanAssembly (0ms)
			ScanForSourceGeneratedMonoScriptInfo (4ms)
			ResolveRequiredComponents (3ms)
	FinalizeReload (578ms)
		ReleaseScriptCaches (0ms)
		RebuildScriptCaches (0ms)
		SetupLoadedEditorAssemblies (334ms)
			LogAssemblyErrors (0ms)
			InitializePlatformSupportModulesInManaged (5ms)
			SetLoadedEditorAssemblies (2ms)
			RefreshPlugins (0ms)
			BeforeProcessingInitializeOnLoad (47ms)
			ProcessInitializeOnLoadAttributes (263ms)
			ProcessInitializeOnLoadMethodAttributes (12ms)
			AfterProcessingInitializeOnLoad (3ms)
			EditorAssembliesLoaded (0ms)
		ExecutionOrderSort2 (0ms)
		AwakeInstancesAfterBackupRestoration (6ms)
Refreshing native plugins compatible for Editor in 1.09 ms, found 3 plugins.
Preloading 0 native plugins for Editor in 0.00 ms.
Unloading 3152 Unused Serialized files (Serialized files now loaded: 0)
Unloading 16 unused Assets / (381.4 KB). Loaded Objects now: 4000.
Memory consumption went from 144.0 MB to 143.7 MB.
Total: 2.234700 ms (FindLiveObjects: 0.160800 ms CreateObjectMapping: 0.043700 ms MarkObjects: 1.866400 ms  DeleteObjects: 0.161700 ms)

Prepare: number of updated asset objects reloaded= 0
AssetImportParameters requested are different than current active one (requested -> active):
  custom:container-demuxer-ogg: 62fdf1f143b41e24485cea50d1cbac27 -> 
  custom:scripting/precompiled-assembly-types:Unity.PlasticSCM.Editor: 6422b6ca0d4c4c6df738ede20396ac4f -> 61b19ddb92073bec3b858fc919e16e73
  custom:scripting/monoscript/fileName/MainMenuGUI.cs: 091df4f91c57b9accec9de62246fca77 -> 
  custom:video-codec-MediaFoundation-h265: 746d11721c4dcdbdad8f713fa42b33f4 -> 
  custom:video-decoder-ogg-theora: a1e56fd34408186e4bbccfd4996cb3dc -> 
  custom:scripting/monoscript/fileName/LoadScene.cs: 206f1b3f828a012e3128d4c1e305d0fb -> 
  custom:framework-win-MediaFoundation: 216162199b28c13a410421893ffa2e32 -> 
  custom:scripting/precompiled-assembly-types:Unity.Timeline.Editor: b4313fba5652ee5a8449f3ec85f31ae4 -> 534d7c71c4dd9147ea00599cede121e1
  custom:CustomObjectIndexerAttribute: 9a22284fe3817be447336de3de66b15e -> 
  custom:container-demuxer-webm: 4f35f7cbe854078d1ac9338744f61a02 -> 
  custom:container-muxer-webm: aa71ff27fc2769a1b78a27578f13a17b -> 
  custom:video-decoder-webm-vp8: 9c59270c3fd7afecdb556c50c9e8de78 -> 
  custom:SearchIndexIgnoredProperties: e643bd26f0fe6173181afceb89e7c659 -> 
  custom:AudioImporter_EditorPlatform: d09bf68614088b80899f8185d706f6e7 -> 
  custom:scripting/precompiled-assembly-types:Unity.VisualScripting.Core.Editor: 1ac958119c4ad755d50390246b13522a -> 39597c0f3a76e24d87d64afa59c5f88d
  custom:scripting/precompiled-assembly-types:UnityEngine.TestRunner: 7a4d96a0696e29157328c6996c3b82c5 -> f5758234275f5346968d00e3b1a1c0e4
  custom:scripting/monoscript/fileName/QuitGame.cs: 5096369e521a632ecaa19ef6bb193ad3 -> 
  custom:video-encoder-webm-vp8: eb34c28f22e8b96e1ab97ce403110664 -> 
  custom:audio-decoder-ogg-vorbis: bf7c407c2cedff20999df2af8eb42d56 -> 
  custom:scripting/monoscript/fileName/MainMenuBtns.cs: 7a4c553ed157df86ad49bd371125fa92 -> 
  custom:audio-encoder-webm-vorbis: bf7c407c2cedff20999df2af8eb42d56 -> 
  custom:scripting/precompiled-assembly-types:Assembly-CSharp: 92f733a14cdf4c1f6cf3f4ad0ee0c4c4 -> 51bdbbc7743e4ed3f8333c67aed2824c
========================================================================
Received Prepare
Caller must complete domain reload
Begin MonoManager ReloadAssembly
- Loaded All Assemblies, in  0.279 seconds
Native extension for WindowsStandalone target not found
[Package Manager] Server::EnsureServerProcessIsRunning -- launch failed, reason: Unity was launched with the -noUpm command-line argument
[Package Manager] UpmClient::Send -- Unable to send message (not connected to UPM process).
[Package Manager] Cannot connect to Unity Package Manager local server
Mono: successfully reloaded assembly
- Finished resetting the current domain, in  0.589 seconds
Domain Reload Profiling: 868ms
	BeginReloadAssembly (107ms)
		ExecutionOrderSort (0ms)
		DisableScriptedObjects (5ms)
		BackupInstance (0ms)
		ReleaseScriptingObjects (0ms)
		CreateAndSetChildDomain (26ms)
	RebuildCommonClasses (19ms)
	RebuildNativeTypeToScriptingClass (6ms)
	initialDomainReloadingComplete (18ms)
	LoadAllAssembliesAndSetupDomain (128ms)
		LoadAssemblies (160ms)
		RebuildTransferFunctionScriptingTraits (0ms)
		AnalyzeDomain (17ms)
			TypeCache.Refresh (6ms)
				TypeCache.ScanAssembly (0ms)
			ScanForSourceGeneratedMonoScriptInfo (4ms)
			ResolveRequiredComponents (4ms)
	FinalizeReload (590ms)
		ReleaseScriptCaches (0ms)
		RebuildScriptCaches (0ms)
		SetupLoadedEditorAssemblies (348ms)
			LogAssemblyErrors (0ms)
			InitializePlatformSupportModulesInManaged (5ms)
			SetLoadedEditorAssemblies (2ms)
			RefreshPlugins (0ms)
			BeforeProcessingInitializeOnLoad (41ms)
			ProcessInitializeOnLoadAttributes (285ms)
			ProcessInitializeOnLoadMethodAttributes (13ms)
			AfterProcessingInitializeOnLoad (3ms)
			EditorAssembliesLoaded (0ms)
		ExecutionOrderSort2 (0ms)
		AwakeInstancesAfterBackupRestoration (5ms)
Refreshing native plugins compatible for Editor in 1.10 ms, found 3 plugins.
Preloading 0 native plugins for Editor in 0.00 ms.
Unloading 3152 Unused Serialized files (Serialized files now loaded: 0)
Unloading 16 unused Assets / (381.5 KB). Loaded Objects now: 4003.
Memory consumption went from 144.0 MB to 143.7 MB.
Total: 2.144800 ms (FindLiveObjects: 0.194600 ms CreateObjectMapping: 0.049900 ms MarkObjects: 1.741400 ms  DeleteObjects: 0.157100 ms)

Prepare: number of updated asset objects reloaded= 0
AssetImportParameters requested are different than current active one (requested -> active):
  custom:container-demuxer-ogg: 62fdf1f143b41e24485cea50d1cbac27 -> 
  custom:scripting/precompiled-assembly-types:Unity.PlasticSCM.Editor: 6422b6ca0d4c4c6df738ede20396ac4f -> 61b19ddb92073bec3b858fc919e16e73
  custom:scripting/monoscript/fileName/MainMenuGUI.cs: 091df4f91c57b9accec9de62246fca77 -> 
  custom:video-codec-MediaFoundation-h265: 746d11721c4dcdbdad8f713fa42b33f4 -> 
  custom:video-decoder-ogg-theora: a1e56fd34408186e4bbccfd4996cb3dc -> 
  custom:scripting/monoscript/fileName/LoadScene.cs: 206f1b3f828a012e3128d4c1e305d0fb -> 
  custom:framework-win-MediaFoundation: 216162199b28c13a410421893ffa2e32 -> 
  custom:scripting/precompiled-assembly-types:Unity.Timeline.Editor: b4313fba5652ee5a8449f3ec85f31ae4 -> 534d7c71c4dd9147ea00599cede121e1
  custom:CustomObjectIndexerAttribute: 9a22284fe3817be447336de3de66b15e -> 
  custom:container-demuxer-webm: 4f35f7cbe854078d1ac9338744f61a02 -> 
  custom:container-muxer-webm: aa71ff27fc2769a1b78a27578f13a17b -> 
  custom:video-decoder-webm-vp8: 9c59270c3fd7afecdb556c50c9e8de78 -> 
  custom:SearchIndexIgnoredProperties: e643bd26f0fe6173181afceb89e7c659 -> 
  custom:AudioImporter_EditorPlatform: d09bf68614088b80899f8185d706f6e7 -> 
  custom:scripting/precompiled-assembly-types:Unity.VisualScripting.Core.Editor: 1ac958119c4ad755d50390246b13522a -> 39597c0f3a76e24d87d64afa59c5f88d
  custom:scripting/precompiled-assembly-types:UnityEngine.TestRunner: 7a4d96a0696e29157328c6996c3b82c5 -> f5758234275f5346968d00e3b1a1c0e4
  custom:scripting/monoscript/fileName/QuitGame.cs: 5096369e521a632ecaa19ef6bb193ad3 -> 
  custom:video-encoder-webm-vp8: eb34c28f22e8b96e1ab97ce403110664 -> 
  custom:audio-decoder-ogg-vorbis: bf7c407c2cedff20999df2af8eb42d56 -> 
  custom:scripting/monoscript/fileName/MainMenuBtns.cs: 7a4c553ed157df86ad49bd371125fa92 -> 
  custom:audio-encoder-webm-vorbis: bf7c407c2cedff20999df2af8eb42d56 -> 
  custom:scripting/precompiled-assembly-types:Assembly-CSharp: 4871bac5146755dc94acd0b06276f62c -> 51bdbbc7743e4ed3f8333c67aed2824c
========================================================================
Received Prepare
Caller must complete domain reload
Begin MonoManager ReloadAssembly
- Loaded All Assemblies, in  0.262 seconds
Native extension for WindowsStandalone target not found
[Package Manager] Server::EnsureServerProcessIsRunning -- launch failed, reason: Unity was launched with the -noUpm command-line argument
[Package Manager] UpmClient::Send -- Unable to send message (not connected to UPM process).
[Package Manager] Cannot connect to Unity Package Manager local server
Mono: successfully reloaded assembly
- Finished resetting the current domain, in  0.556 seconds
Domain Reload Profiling: 818ms
	BeginReloadAssembly (98ms)
		ExecutionOrderSort (0ms)
		DisableScriptedObjects (3ms)
		BackupInstance (0ms)
		ReleaseScriptingObjects (0ms)
		CreateAndSetChildDomain (18ms)
	RebuildCommonClasses (20ms)
	RebuildNativeTypeToScriptingClass (6ms)
	initialDomainReloadingComplete (17ms)
	LoadAllAssembliesAndSetupDomain (120ms)
		LoadAssemblies (161ms)
		RebuildTransferFunctionScriptingTraits (0ms)
		AnalyzeDomain (10ms)
			TypeCache.Refresh (4ms)
				TypeCache.ScanAssembly (0ms)
			ScanForSourceGeneratedMonoScriptInfo (0ms)
			ResolveRequiredComponents (4ms)
	FinalizeReload (557ms)
		ReleaseScriptCaches (0ms)
		RebuildScriptCaches (0ms)
		SetupLoadedEditorAssemblies (336ms)
			LogAssemblyErrors (0ms)
			InitializePlatformSupportModulesInManaged (5ms)
			SetLoadedEditorAssemblies (3ms)
			RefreshPlugins (0ms)
			BeforeProcessingInitializeOnLoad (39ms)
			ProcessInitializeOnLoadAttributes (268ms)
			ProcessInitializeOnLoadMethodAttributes (17ms)
			AfterProcessingInitializeOnLoad (4ms)
			EditorAssembliesLoaded (0ms)
		ExecutionOrderSort2 (0ms)
		AwakeInstancesAfterBackupRestoration (7ms)
Refreshing native plugins compatible for Editor in 1.14 ms, found 3 plugins.
Preloading 0 native plugins for Editor in 0.00 ms.
Unloading 3152 Unused Serialized files (Serialized files now loaded: 0)
Unloading 16 unused Assets / (373.4 KB). Loaded Objects now: 4006.
Memory consumption went from 144.0 MB to 143.7 MB.
Total: 2.637600 ms (FindLiveObjects: 0.237300 ms CreateObjectMapping: 0.059400 ms MarkObjects: 2.155800 ms  DeleteObjects: 0.184100 ms)

Prepare: number of updated asset objects reloaded= 0
AssetImportParameters requested are different than current active one (requested -> active):
  custom:container-demuxer-ogg: 62fdf1f143b41e24485cea50d1cbac27 -> 
  custom:scripting/precompiled-assembly-types:Unity.PlasticSCM.Editor: 6422b6ca0d4c4c6df738ede20396ac4f -> 61b19ddb92073bec3b858fc919e16e73
  custom:scripting/monoscript/fileName/MainMenuGUI.cs: 091df4f91c57b9accec9de62246fca77 -> 
  custom:video-codec-MediaFoundation-h265: 746d11721c4dcdbdad8f713fa42b33f4 -> 
  custom:video-decoder-ogg-theora: a1e56fd34408186e4bbccfd4996cb3dc -> 
  custom:scripting/monoscript/fileName/LoadScene.cs: 206f1b3f828a012e3128d4c1e305d0fb -> 
  custom:framework-win-MediaFoundation: 216162199b28c13a410421893ffa2e32 -> 
  custom:scripting/precompiled-assembly-types:Unity.Timeline.Editor: b4313fba5652ee5a8449f3ec85f31ae4 -> 534d7c71c4dd9147ea00599cede121e1
  custom:CustomObjectIndexerAttribute: 9a22284fe3817be447336de3de66b15e -> 
  custom:container-demuxer-webm: 4f35f7cbe854078d1ac9338744f61a02 -> 
  custom:container-muxer-webm: aa71ff27fc2769a1b78a27578f13a17b -> 
  custom:video-decoder-webm-vp8: 9c59270c3fd7afecdb556c50c9e8de78 -> 
  custom:SearchIndexIgnoredProperties: e643bd26f0fe6173181afceb89e7c659 -> 
  custom:AudioImporter_EditorPlatform: d09bf68614088b80899f8185d706f6e7 -> 
  custom:scripting/precompiled-assembly-types:Unity.VisualScripting.Core.Editor: 1ac958119c4ad755d50390246b13522a -> 39597c0f3a76e24d87d64afa59c5f88d
  custom:scripting/precompiled-assembly-types:UnityEngine.TestRunner: 7a4d96a0696e29157328c6996c3b82c5 -> f5758234275f5346968d00e3b1a1c0e4
  custom:scripting/monoscript/fileName/QuitGame.cs: 5096369e521a632ecaa19ef6bb193ad3 -> 
  custom:video-encoder-webm-vp8: eb34c28f22e8b96e1ab97ce403110664 -> 
  custom:audio-decoder-ogg-vorbis: bf7c407c2cedff20999df2af8eb42d56 -> 
  custom:scripting/monoscript/fileName/MainMenuBtns.cs: 7a4c553ed157df86ad49bd371125fa92 -> 
  custom:audio-encoder-webm-vorbis: bf7c407c2cedff20999df2af8eb42d56 -> 
  custom:scripting/precompiled-assembly-types:Assembly-CSharp: 4871bac5146755dc94acd0b06276f62c -> 51bdbbc7743e4ed3f8333c67aed2824c
========================================================================
Received Prepare
Caller must complete domain reload
Begin MonoManager ReloadAssembly
- Loaded All Assemblies, in  0.280 seconds
Native extension for WindowsStandalone target not found
[Package Manager] Server::EnsureServerProcessIsRunning -- launch failed, reason: Unity was launched with the -noUpm command-line argument
[Package Manager] UpmClient::Send -- Unable to send message (not connected to UPM process).
[Package Manager] Cannot connect to Unity Package Manager local server
Mono: successfully reloaded assembly
- Finished resetting the current domain, in  0.579 seconds
Domain Reload Profiling: 857ms
	BeginReloadAssembly (102ms)
		ExecutionOrderSort (0ms)
		DisableScriptedObjects (3ms)
		BackupInstance (0ms)
		ReleaseScriptingObjects (0ms)
		CreateAndSetChildDomain (18ms)
	RebuildCommonClasses (20ms)
	RebuildNativeTypeToScriptingClass (7ms)
	initialDomainReloadingComplete (20ms)
	LoadAllAssembliesAndSetupDomain (129ms)
		LoadAssemblies (174ms)
		RebuildTransferFunctionScriptingTraits (0ms)
		AnalyzeDomain (12ms)
			TypeCache.Refresh (6ms)
				TypeCache.ScanAssembly (0ms)
			ScanForSourceGeneratedMonoScriptInfo (0ms)
			ResolveRequiredComponents (4ms)
	FinalizeReload (580ms)
		ReleaseScriptCaches (0ms)
		RebuildScriptCaches (0ms)
		SetupLoadedEditorAssemblies (356ms)
			LogAssemblyErrors (0ms)
			InitializePlatformSupportModulesInManaged (5ms)
			SetLoadedEditorAssemblies (3ms)
			RefreshPlugins (0ms)
			BeforeProcessingInitializeOnLoad (41ms)
			ProcessInitializeOnLoadAttributes (284ms)
			ProcessInitializeOnLoadMethodAttributes (19ms)
			AfterProcessingInitializeOnLoad (4ms)
			EditorAssembliesLoaded (0ms)
		ExecutionOrderSort2 (0ms)
		AwakeInstancesAfterBackupRestoration (6ms)
Refreshing native plugins compatible for Editor in 1.44 ms, found 3 plugins.
Preloading 0 native plugins for Editor in 0.00 ms.
Unloading 3152 Unused Serialized files (Serialized files now loaded: 0)
Unloading 16 unused Assets / (381.4 KB). Loaded Objects now: 4009.
Memory consumption went from 144.1 MB to 143.7 MB.
Total: 2.849400 ms (FindLiveObjects: 0.181500 ms CreateObjectMapping: 0.049900 ms MarkObjects: 2.431300 ms  DeleteObjects: 0.186000 ms)

Prepare: number of updated asset objects reloaded= 0
AssetImportParameters requested are different than current active one (requested -> active):
  custom:container-demuxer-ogg: 62fdf1f143b41e24485cea50d1cbac27 -> 
  custom:scripting/precompiled-assembly-types:Unity.PlasticSCM.Editor: 6422b6ca0d4c4c6df738ede20396ac4f -> 61b19ddb92073bec3b858fc919e16e73
  custom:scripting/monoscript/fileName/MainMenuGUI.cs: 091df4f91c57b9accec9de62246fca77 -> 
  custom:video-codec-MediaFoundation-h265: 746d11721c4dcdbdad8f713fa42b33f4 -> 
  custom:video-decoder-ogg-theora: a1e56fd34408186e4bbccfd4996cb3dc -> 
  custom:scripting/monoscript/fileName/LoadScene.cs: 206f1b3f828a012e3128d4c1e305d0fb -> 
  custom:framework-win-MediaFoundation: 216162199b28c13a410421893ffa2e32 -> 
  custom:scripting/precompiled-assembly-types:Unity.Timeline.Editor: b4313fba5652ee5a8449f3ec85f31ae4 -> 534d7c71c4dd9147ea00599cede121e1
  custom:CustomObjectIndexerAttribute: 9a22284fe3817be447336de3de66b15e -> 
  custom:container-demuxer-webm: 4f35f7cbe854078d1ac9338744f61a02 -> 
  custom:container-muxer-webm: aa71ff27fc2769a1b78a27578f13a17b -> 
  custom:video-decoder-webm-vp8: 9c59270c3fd7afecdb556c50c9e8de78 -> 
  custom:SearchIndexIgnoredProperties: e643bd26f0fe6173181afceb89e7c659 -> 
  custom:AudioImporter_EditorPlatform: d09bf68614088b80899f8185d706f6e7 -> 
  custom:scripting/precompiled-assembly-types:Unity.VisualScripting.Core.Editor: 1ac958119c4ad755d50390246b13522a -> 39597c0f3a76e24d87d64afa59c5f88d
  custom:scripting/precompiled-assembly-types:UnityEngine.TestRunner: 7a4d96a0696e29157328c6996c3b82c5 -> f5758234275f5346968d00e3b1a1c0e4
  custom:scripting/monoscript/fileName/QuitGame.cs: 5096369e521a632ecaa19ef6bb193ad3 -> 
  custom:video-encoder-webm-vp8: eb34c28f22e8b96e1ab97ce403110664 -> 
  custom:audio-decoder-ogg-vorbis: bf7c407c2cedff20999df2af8eb42d56 -> 
  custom:scripting/monoscript/fileName/MainMenuBtns.cs: 7a4c553ed157df86ad49bd371125fa92 -> 
  custom:audio-encoder-webm-vorbis: bf7c407c2cedff20999df2af8eb42d56 -> 
  custom:scripting/precompiled-assembly-types:Assembly-CSharp: 4871bac5146755dc94acd0b06276f62c -> 51bdbbc7743e4ed3f8333c67aed2824c
========================================================================
Received Prepare
Caller must complete domain reload
Begin MonoManager ReloadAssembly
- Loaded All Assemblies, in  0.271 seconds
Native extension for WindowsStandalone target not found
[Package Manager] Server::EnsureServerProcessIsRunning -- launch failed, reason: Unity was launched with the -noUpm command-line argument
[Package Manager] UpmClient::Send -- Unable to send message (not connected to UPM process).
[Package Manager] Cannot connect to Unity Package Manager local server
Mono: successfully reloaded assembly
- Finished resetting the current domain, in  0.605 seconds
Domain Reload Profiling: 875ms
	BeginReloadAssembly (95ms)
		ExecutionOrderSort (0ms)
		DisableScriptedObjects (3ms)
		BackupInstance (0ms)
		ReleaseScriptingObjects (0ms)
		CreateAndSetChildDomain (18ms)
	RebuildCommonClasses (21ms)
	RebuildNativeTypeToScriptingClass (6ms)
	initialDomainReloadingComplete (20ms)
	LoadAllAssembliesAndSetupDomain (127ms)
		LoadAssemblies (168ms)
		RebuildTransferFunctionScriptingTraits (0ms)
		AnalyzeDomain (10ms)
			TypeCache.Refresh (4ms)
				TypeCache.ScanAssembly (0ms)
			ScanForSourceGeneratedMonoScriptInfo (0ms)
			ResolveRequiredComponents (4ms)
	FinalizeReload (605ms)
		ReleaseScriptCaches (0ms)
		RebuildScriptCaches (0ms)
		SetupLoadedEditorAssemblies (345ms)
			LogAssemblyErrors (0ms)
			InitializePlatformSupportModulesInManaged (6ms)
			SetLoadedEditorAssemblies (3ms)
			RefreshPlugins (0ms)
			BeforeProcessingInitializeOnLoad (44ms)
			ProcessInitializeOnLoadAttributes (271ms)
			ProcessInitializeOnLoadMethodAttributes (18ms)
			AfterProcessingInitializeOnLoad (4ms)
			EditorAssembliesLoaded (0ms)
		ExecutionOrderSort2 (0ms)
		AwakeInstancesAfterBackupRestoration (7ms)
Refreshing native plugins compatible for Editor in 3.03 ms, found 3 plugins.
Preloading 0 native plugins for Editor in 0.00 ms.
Unloading 3152 Unused Serialized files (Serialized files now loaded: 0)
Unloading 16 unused Assets / (381.6 KB). Loaded Objects now: 4012.
Memory consumption went from 144.1 MB to 143.7 MB.
Total: 3.598200 ms (FindLiveObjects: 0.439600 ms CreateObjectMapping: 0.108300 ms MarkObjects: 2.812900 ms  DeleteObjects: 0.236000 ms)

Prepare: number of updated asset objects reloaded= 0
AssetImportParameters requested are different than current active one (requested -> active):
  custom:container-demuxer-ogg: 62fdf1f143b41e24485cea50d1cbac27 -> 
  custom:scripting/precompiled-assembly-types:Unity.PlasticSCM.Editor: 6422b6ca0d4c4c6df738ede20396ac4f -> 61b19ddb92073bec3b858fc919e16e73
  custom:scripting/monoscript/fileName/MainMenuGUI.cs: 091df4f91c57b9accec9de62246fca77 -> 
  custom:video-codec-MediaFoundation-h265: 746d11721c4dcdbdad8f713fa42b33f4 -> 
  custom:video-decoder-ogg-theora: a1e56fd34408186e4bbccfd4996cb3dc -> 
  custom:scripting/monoscript/fileName/LoadScene.cs: 206f1b3f828a012e3128d4c1e305d0fb -> 
  custom:framework-win-MediaFoundation: 216162199b28c13a410421893ffa2e32 -> 
  custom:scripting/precompiled-assembly-types:Unity.Timeline.Editor: b4313fba5652ee5a8449f3ec85f31ae4 -> 534d7c71c4dd9147ea00599cede121e1
  custom:CustomObjectIndexerAttribute: 9a22284fe3817be447336de3de66b15e -> 
  custom:container-demuxer-webm: 4f35f7cbe854078d1ac9338744f61a02 -> 
  custom:container-muxer-webm: aa71ff27fc2769a1b78a27578f13a17b -> 
  custom:video-decoder-webm-vp8: 9c59270c3fd7afecdb556c50c9e8de78 -> 
  custom:SearchIndexIgnoredProperties: e643bd26f0fe6173181afceb89e7c659 -> 
  custom:AudioImporter_EditorPlatform: d09bf68614088b80899f8185d706f6e7 -> 
  custom:scripting/precompiled-assembly-types:Unity.VisualScripting.Core.Editor: 1ac958119c4ad755d50390246b13522a -> 39597c0f3a76e24d87d64afa59c5f88d
  custom:scripting/precompiled-assembly-types:UnityEngine.TestRunner: 7a4d96a0696e29157328c6996c3b82c5 -> f5758234275f5346968d00e3b1a1c0e4
  custom:scripting/monoscript/fileName/QuitGame.cs: 5096369e521a632ecaa19ef6bb193ad3 -> 
  custom:video-encoder-webm-vp8: eb34c28f22e8b96e1ab97ce403110664 -> 
  custom:audio-decoder-ogg-vorbis: bf7c407c2cedff20999df2af8eb42d56 -> 
  custom:scripting/monoscript/fileName/MainMenuBtns.cs: 7a4c553ed157df86ad49bd371125fa92 -> 
  custom:audio-encoder-webm-vorbis: bf7c407c2cedff20999df2af8eb42d56 -> 
  custom:scripting/precompiled-assembly-types:Assembly-CSharp: 4871bac5146755dc94acd0b06276f62c -> 51bdbbc7743e4ed3f8333c67aed2824c
========================================================================
Received Prepare
Caller must complete domain reload
Begin MonoManager ReloadAssembly
- Loaded All Assemblies, in  0.268 seconds
Native extension for WindowsStandalone target not found
[Package Manager] Server::EnsureServerProcessIsRunning -- launch failed, reason: Unity was launched with the -noUpm command-line argument
[Package Manager] UpmClient::Send -- Unable to send message (not connected to UPM process).
[Package Manager] Cannot connect to Unity Package Manager local server
Mono: successfully reloaded assembly
- Finished resetting the current domain, in  0.566 seconds
Domain Reload Profiling: 834ms
	BeginReloadAssembly (103ms)
		ExecutionOrderSort (0ms)
		DisableScriptedObjects (3ms)
		BackupInstance (0ms)
		ReleaseScriptingObjects (0ms)
		CreateAndSetChildDomain (25ms)
	RebuildCommonClasses (19ms)
	RebuildNativeTypeToScriptingClass (6ms)
	initialDomainReloadingComplete (17ms)
	LoadAllAssembliesAndSetupDomain (123ms)
		LoadAssemblies (164ms)
		RebuildTransferFunctionScriptingTraits (0ms)
		AnalyzeDomain (10ms)
			TypeCache.Refresh (4ms)
				TypeCache.ScanAssembly (0ms)
			ScanForSourceGeneratedMonoScriptInfo (0ms)
			ResolveRequiredComponents (4ms)
	FinalizeReload (566ms)
		ReleaseScriptCaches (0ms)
		RebuildScriptCaches (0ms)
		SetupLoadedEditorAssemblies (355ms)
			LogAssemblyErrors (0ms)
			InitializePlatformSupportModulesInManaged (5ms)
			SetLoadedEditorAssemblies (2ms)
			RefreshPlugins (0ms)
			BeforeProcessingInitializeOnLoad (39ms)
			ProcessInitializeOnLoadAttributes (285ms)
			ProcessInitializeOnLoadMethodAttributes (20ms)
			AfterProcessingInitializeOnLoad (4ms)
			EditorAssembliesLoaded (0ms)
		ExecutionOrderSort2 (0ms)
		AwakeInstancesAfterBackupRestoration (6ms)
Refreshing native plugins compatible for Editor in 1.01 ms, found 3 plugins.
Preloading 0 native plugins for Editor in 0.00 ms.
Unloading 3152 Unused Serialized files (Serialized files now loaded: 0)
Unloading 16 unused Assets / (373.6 KB). Loaded Objects now: 4015.
Memory consumption went from 144.1 MB to 143.7 MB.
Total: 2.603200 ms (FindLiveObjects: 0.294700 ms CreateObjectMapping: 0.139400 ms MarkObjects: 1.990500 ms  DeleteObjects: 0.177300 ms)

Prepare: number of updated asset objects reloaded= 0
AssetImportParameters requested are different than current active one (requested -> active):
  custom:container-demuxer-ogg: 62fdf1f143b41e24485cea50d1cbac27 -> 
  custom:scripting/precompiled-assembly-types:Unity.PlasticSCM.Editor: 6422b6ca0d4c4c6df738ede20396ac4f -> 61b19ddb92073bec3b858fc919e16e73
  custom:scripting/monoscript/fileName/MainMenuGUI.cs: 091df4f91c57b9accec9de62246fca77 -> 
  custom:video-codec-MediaFoundation-h265: 746d11721c4dcdbdad8f713fa42b33f4 -> 
  custom:video-decoder-ogg-theora: a1e56fd34408186e4bbccfd4996cb3dc -> 
  custom:scripting/monoscript/fileName/LoadScene.cs: 206f1b3f828a012e3128d4c1e305d0fb -> 
  custom:framework-win-MediaFoundation: 216162199b28c13a410421893ffa2e32 -> 
  custom:scripting/precompiled-assembly-types:Unity.Timeline.Editor: b4313fba5652ee5a8449f3ec85f31ae4 -> 534d7c71c4dd9147ea00599cede121e1
  custom:CustomObjectIndexerAttribute: 9a22284fe3817be447336de3de66b15e -> 
  custom:container-demuxer-webm: 4f35f7cbe854078d1ac9338744f61a02 -> 
  custom:container-muxer-webm: aa71ff27fc2769a1b78a27578f13a17b -> 
  custom:video-decoder-webm-vp8: 9c59270c3fd7afecdb556c50c9e8de78 -> 
  custom:SearchIndexIgnoredProperties: e643bd26f0fe6173181afceb89e7c659 -> 
  custom:AudioImporter_EditorPlatform: d09bf68614088b80899f8185d706f6e7 -> 
  custom:scripting/precompiled-assembly-types:Unity.VisualScripting.Core.Editor: 1ac958119c4ad755d50390246b13522a -> 39597c0f3a76e24d87d64afa59c5f88d
  custom:scripting/precompiled-assembly-types:UnityEngine.TestRunner: 7a4d96a0696e29157328c6996c3b82c5 -> f5758234275f5346968d00e3b1a1c0e4
  custom:scripting/monoscript/fileName/QuitGame.cs: 5096369e521a632ecaa19ef6bb193ad3 -> 
  custom:video-encoder-webm-vp8: eb34c28f22e8b96e1ab97ce403110664 -> 
  custom:audio-decoder-ogg-vorbis: bf7c407c2cedff20999df2af8eb42d56 -> 
  custom:scripting/monoscript/fileName/MainMenuBtns.cs: 7a4c553ed157df86ad49bd371125fa92 -> 
  custom:audio-encoder-webm-vorbis: bf7c407c2cedff20999df2af8eb42d56 -> 
  custom:scripting/precompiled-assembly-types:Assembly-CSharp: 4871bac5146755dc94acd0b06276f62c -> 51bdbbc7743e4ed3f8333c67aed2824c
========================================================================
Received Prepare
Caller must complete domain reload
Begin MonoManager ReloadAssembly
- Loaded All Assemblies, in  0.286 seconds
Native extension for WindowsStandalone target not found
[Package Manager] Server::EnsureServerProcessIsRunning -- launch failed, reason: Unity was launched with the -noUpm command-line argument
[Package Manager] UpmClient::Send -- Unable to send message (not connected to UPM process).
[Package Manager] Cannot connect to Unity Package Manager local server
Mono: successfully reloaded assembly
- Finished resetting the current domain, in  0.552 seconds
Domain Reload Profiling: 836ms
	BeginReloadAssembly (107ms)
		ExecutionOrderSort (0ms)
		DisableScriptedObjects (3ms)
		BackupInstance (0ms)
		ReleaseScriptingObjects (0ms)
		CreateAndSetChildDomain (24ms)
	RebuildCommonClasses (21ms)
	RebuildNativeTypeToScriptingClass (7ms)
	initialDomainReloadingComplete (18ms)
	LoadAllAssembliesAndSetupDomain (132ms)
		LoadAssemblies (170ms)
		RebuildTransferFunctionScriptingTraits (0ms)
		AnalyzeDomain (16ms)
			TypeCache.Refresh (6ms)
				TypeCache.ScanAssembly (0ms)
			ScanForSourceGeneratedMonoScriptInfo (4ms)
			ResolveRequiredComponents (3ms)
	FinalizeReload (552ms)
		ReleaseScriptCaches (0ms)
		RebuildScriptCaches (0ms)
		SetupLoadedEditorAssemblies (333ms)
			LogAssemblyErrors (0ms)
			InitializePlatformSupportModulesInManaged (4ms)
			SetLoadedEditorAssemblies (2ms)
			RefreshPlugins (0ms)
			BeforeProcessingInitializeOnLoad (37ms)
			ProcessInitializeOnLoadAttributes (268ms)
			ProcessInitializeOnLoadMethodAttributes (19ms)
			AfterProcessingInitializeOnLoad (3ms)
			EditorAssembliesLoaded (0ms)
		ExecutionOrderSort2 (0ms)
		AwakeInstancesAfterBackupRestoration (5ms)
Refreshing native plugins compatible for Editor in 1.03 ms, found 3 plugins.
Preloading 0 native plugins for Editor in 0.00 ms.
Unloading 3152 Unused Serialized files (Serialized files now loaded: 0)
Unloading 16 unused Assets / (341.4 KB). Loaded Objects now: 4018.
Memory consumption went from 144.0 MB to 143.7 MB.
Total: 2.164800 ms (FindLiveObjects: 0.159900 ms CreateObjectMapping: 0.046600 ms MarkObjects: 1.808000 ms  DeleteObjects: 0.149300 ms)

Prepare: number of updated asset objects reloaded= 0
AssetImportParameters requested are different than current active one (requested -> active):
  custom:container-demuxer-ogg: 62fdf1f143b41e24485cea50d1cbac27 -> 
  custom:scripting/precompiled-assembly-types:Unity.PlasticSCM.Editor: 6422b6ca0d4c4c6df738ede20396ac4f -> 61b19ddb92073bec3b858fc919e16e73
  custom:scripting/monoscript/fileName/MainMenuGUI.cs: 091df4f91c57b9accec9de62246fca77 -> 
  custom:video-codec-MediaFoundation-h265: 746d11721c4dcdbdad8f713fa42b33f4 -> 
  custom:video-decoder-ogg-theora: a1e56fd34408186e4bbccfd4996cb3dc -> 
  custom:scripting/monoscript/fileName/LoadScene.cs: 206f1b3f828a012e3128d4c1e305d0fb -> 
  custom:framework-win-MediaFoundation: 216162199b28c13a410421893ffa2e32 -> 
  custom:scripting/precompiled-assembly-types:Unity.Timeline.Editor: b4313fba5652ee5a8449f3ec85f31ae4 -> 534d7c71c4dd9147ea00599cede121e1
  custom:CustomObjectIndexerAttribute: 9a22284fe3817be447336de3de66b15e -> 
  custom:container-demuxer-webm: 4f35f7cbe854078d1ac9338744f61a02 -> 
  custom:container-muxer-webm: aa71ff27fc2769a1b78a27578f13a17b -> 
  custom:video-decoder-webm-vp8: 9c59270c3fd7afecdb556c50c9e8de78 -> 
  custom:SearchIndexIgnoredProperties: e643bd26f0fe6173181afceb89e7c659 -> 
  custom:AudioImporter_EditorPlatform: d09bf68614088b80899f8185d706f6e7 -> 
  custom:scripting/precompiled-assembly-types:Unity.VisualScripting.Core.Editor: 1ac958119c4ad755d50390246b13522a -> 39597c0f3a76e24d87d64afa59c5f88d
  custom:scripting/precompiled-assembly-types:UnityEngine.TestRunner: 7a4d96a0696e29157328c6996c3b82c5 -> f5758234275f5346968d00e3b1a1c0e4
  custom:scripting/monoscript/fileName/QuitGame.cs: 5096369e521a632ecaa19ef6bb193ad3 -> 
  custom:video-encoder-webm-vp8: eb34c28f22e8b96e1ab97ce403110664 -> 
  custom:audio-decoder-ogg-vorbis: bf7c407c2cedff20999df2af8eb42d56 -> 
  custom:scripting/monoscript/fileName/MainMenuBtns.cs: 7a4c553ed157df86ad49bd371125fa92 -> 
  custom:audio-encoder-webm-vorbis: bf7c407c2cedff20999df2af8eb42d56 -> 
  custom:scripting/precompiled-assembly-types:Assembly-CSharp: 4871bac5146755dc94acd0b06276f62c -> 51bdbbc7743e4ed3f8333c67aed2824c
========================================================================
Received Prepare
Caller must complete domain reload
Begin MonoManager ReloadAssembly
- Loaded All Assemblies, in  0.270 seconds
Native extension for WindowsStandalone target not found
[Package Manager] Server::EnsureServerProcessIsRunning -- launch failed, reason: Unity was launched with the -noUpm command-line argument
[Package Manager] UpmClient::Send -- Unable to send message (not connected to UPM process).
[Package Manager] Cannot connect to Unity Package Manager local server
Mono: successfully reloaded assembly
- Finished resetting the current domain, in  0.553 seconds
Domain Reload Profiling: 823ms
	BeginReloadAssembly (98ms)
		ExecutionOrderSort (0ms)
		DisableScriptedObjects (3ms)
		BackupInstance (0ms)
		ReleaseScriptingObjects (0ms)
		CreateAndSetChildDomain (19ms)
	RebuildCommonClasses (22ms)
	RebuildNativeTypeToScriptingClass (6ms)
	initialDomainReloadingComplete (19ms)
	LoadAllAssembliesAndSetupDomain (125ms)
		LoadAssemblies (165ms)
		RebuildTransferFunctionScriptingTraits (0ms)
		AnalyzeDomain (10ms)
			TypeCache.Refresh (4ms)
				TypeCache.ScanAssembly (0ms)
			ScanForSourceGeneratedMonoScriptInfo (0ms)
			ResolveRequiredComponents (4ms)
	FinalizeReload (553ms)
		ReleaseScriptCaches (0ms)
		RebuildScriptCaches (0ms)
		SetupLoadedEditorAssemblies (334ms)
			LogAssemblyErrors (0ms)
			InitializePlatformSupportModulesInManaged (6ms)
			SetLoadedEditorAssemblies (3ms)
			RefreshPlugins (0ms)
			BeforeProcessingInitializeOnLoad (44ms)
			ProcessInitializeOnLoadAttributes (259ms)
			ProcessInitializeOnLoadMethodAttributes (19ms)
			AfterProcessingInitializeOnLoad (4ms)
			EditorAssembliesLoaded (0ms)
		ExecutionOrderSort2 (0ms)
		AwakeInstancesAfterBackupRestoration (7ms)
Refreshing native plugins compatible for Editor in 1.47 ms, found 3 plugins.
Preloading 0 native plugins for Editor in 0.00 ms.
Unloading 3152 Unused Serialized files (Serialized files now loaded: 0)
Unloading 16 unused Assets / (381.7 KB). Loaded Objects now: 4021.
Memory consumption went from 144.1 MB to 143.7 MB.
Total: 2.825400 ms (FindLiveObjects: 0.162700 ms CreateObjectMapping: 0.045600 ms MarkObjects: 2.378500 ms  DeleteObjects: 0.237900 ms)

Prepare: number of updated asset objects reloaded= 0
AssetImportParameters requested are different than current active one (requested -> active):
  custom:container-demuxer-ogg: 62fdf1f143b41e24485cea50d1cbac27 -> 
  custom:scripting/precompiled-assembly-types:Unity.PlasticSCM.Editor: 6422b6ca0d4c4c6df738ede20396ac4f -> 61b19ddb92073bec3b858fc919e16e73
  custom:scripting/monoscript/fileName/MainMenuGUI.cs: 091df4f91c57b9accec9de62246fca77 -> 
  custom:video-codec-MediaFoundation-h265: 746d11721c4dcdbdad8f713fa42b33f4 -> 
  custom:video-decoder-ogg-theora: a1e56fd34408186e4bbccfd4996cb3dc -> 
  custom:scripting/monoscript/fileName/LoadScene.cs: 206f1b3f828a012e3128d4c1e305d0fb -> 
  custom:framework-win-MediaFoundation: 216162199b28c13a410421893ffa2e32 -> 
  custom:scripting/precompiled-assembly-types:Unity.Timeline.Editor: b4313fba5652ee5a8449f3ec85f31ae4 -> 534d7c71c4dd9147ea00599cede121e1
  custom:CustomObjectIndexerAttribute: 9a22284fe3817be447336de3de66b15e -> 
  custom:container-demuxer-webm: 4f35f7cbe854078d1ac9338744f61a02 -> 
  custom:container-muxer-webm: aa71ff27fc2769a1b78a27578f13a17b -> 
  custom:video-decoder-webm-vp8: 9c59270c3fd7afecdb556c50c9e8de78 -> 
  custom:SearchIndexIgnoredProperties: e643bd26f0fe6173181afceb89e7c659 -> 
  custom:AudioImporter_EditorPlatform: d09bf68614088b80899f8185d706f6e7 -> 
  custom:scripting/precompiled-assembly-types:Unity.VisualScripting.Core.Editor: 1ac958119c4ad755d50390246b13522a -> 39597c0f3a76e24d87d64afa59c5f88d
  custom:scripting/precompiled-assembly-types:UnityEngine.TestRunner: 7a4d96a0696e29157328c6996c3b82c5 -> f5758234275f5346968d00e3b1a1c0e4
  custom:scripting/monoscript/fileName/QuitGame.cs: 5096369e521a632ecaa19ef6bb193ad3 -> 
  custom:video-encoder-webm-vp8: eb34c28f22e8b96e1ab97ce403110664 -> 
  custom:audio-decoder-ogg-vorbis: bf7c407c2cedff20999df2af8eb42d56 -> 
  custom:scripting/monoscript/fileName/MainMenuBtns.cs: 7a4c553ed157df86ad49bd371125fa92 -> 
  custom:audio-encoder-webm-vorbis: bf7c407c2cedff20999df2af8eb42d56 -> 
  custom:scripting/precompiled-assembly-types:Assembly-CSharp: 4871bac5146755dc94acd0b06276f62c -> 51bdbbc7743e4ed3f8333c67aed2824c
========================================================================
Received Prepare
Caller must complete domain reload
Begin MonoManager ReloadAssembly
- Loaded All Assemblies, in  0.266 seconds
Native extension for WindowsStandalone target not found
[Package Manager] Server::EnsureServerProcessIsRunning -- launch failed, reason: Unity was launched with the -noUpm command-line argument
[Package Manager] UpmClient::Send -- Unable to send message (not connected to UPM process).
[Package Manager] Cannot connect to Unity Package Manager local server
Mono: successfully reloaded assembly
- Finished resetting the current domain, in  0.541 seconds
Domain Reload Profiling: 807ms
	BeginReloadAssembly (96ms)
		ExecutionOrderSort (0ms)
		DisableScriptedObjects (3ms)
		BackupInstance (0ms)
		ReleaseScriptingObjects (0ms)
		CreateAndSetChildDomain (20ms)
	RebuildCommonClasses (21ms)
	RebuildNativeTypeToScriptingClass (7ms)
	initialDomainReloadingComplete (19ms)
	LoadAllAssembliesAndSetupDomain (123ms)
		LoadAssemblies (161ms)
		RebuildTransferFunctionScriptingTraits (0ms)
		AnalyzeDomain (11ms)
			TypeCache.Refresh (5ms)
				TypeCache.ScanAssembly (0ms)
			ScanForSourceGeneratedMonoScriptInfo (0ms)
			ResolveRequiredComponents (4ms)
	FinalizeReload (541ms)
		ReleaseScriptCaches (0ms)
		RebuildScriptCaches (0ms)
		SetupLoadedEditorAssemblies (323ms)
			LogAssemblyErrors (0ms)
			InitializePlatformSupportModulesInManaged (4ms)
			SetLoadedEditorAssemblies (2ms)
			RefreshPlugins (0ms)
			BeforeProcessingInitializeOnLoad (35ms)
			ProcessInitializeOnLoadAttributes (258ms)
			ProcessInitializeOnLoadMethodAttributes (19ms)
			AfterProcessingInitializeOnLoad (4ms)
			EditorAssembliesLoaded (0ms)
		ExecutionOrderSort2 (0ms)
		AwakeInstancesAfterBackupRestoration (8ms)
Refreshing native plugins compatible for Editor in 1.61 ms, found 3 plugins.
Preloading 0 native plugins for Editor in 0.00 ms.
Unloading 3152 Unused Serialized files (Serialized files now loaded: 0)
Unloading 16 unused Assets / (381.4 KB). Loaded Objects now: 4024.
Memory consumption went from 144.1 MB to 143.7 MB.
Total: 2.507200 ms (FindLiveObjects: 0.171900 ms CreateObjectMapping: 0.053300 ms MarkObjects: 2.014200 ms  DeleteObjects: 0.266800 ms)

Prepare: number of updated asset objects reloaded= 0
AssetImportParameters requested are different than current active one (requested -> active):
  custom:container-demuxer-ogg: 62fdf1f143b41e24485cea50d1cbac27 -> 
  custom:scripting/precompiled-assembly-types:Unity.PlasticSCM.Editor: 6422b6ca0d4c4c6df738ede20396ac4f -> 61b19ddb92073bec3b858fc919e16e73
  custom:scripting/monoscript/fileName/MainMenuGUI.cs: 091df4f91c57b9accec9de62246fca77 -> 
  custom:video-codec-MediaFoundation-h265: 746d11721c4dcdbdad8f713fa42b33f4 -> 
  custom:video-decoder-ogg-theora: a1e56fd34408186e4bbccfd4996cb3dc -> 
  custom:scripting/monoscript/fileName/LoadScene.cs: 206f1b3f828a012e3128d4c1e305d0fb -> 
  custom:framework-win-MediaFoundation: 216162199b28c13a410421893ffa2e32 -> 
  custom:scripting/precompiled-assembly-types:Unity.Timeline.Editor: b4313fba5652ee5a8449f3ec85f31ae4 -> 534d7c71c4dd9147ea00599cede121e1
  custom:CustomObjectIndexerAttribute: 9a22284fe3817be447336de3de66b15e -> 
  custom:container-demuxer-webm: 4f35f7cbe854078d1ac9338744f61a02 -> 
  custom:container-muxer-webm: aa71ff27fc2769a1b78a27578f13a17b -> 
  custom:video-decoder-webm-vp8: 9c59270c3fd7afecdb556c50c9e8de78 -> 
  custom:SearchIndexIgnoredProperties: e643bd26f0fe6173181afceb89e7c659 -> 
  custom:AudioImporter_EditorPlatform: d09bf68614088b80899f8185d706f6e7 -> 
  custom:scripting/precompiled-assembly-types:Unity.VisualScripting.Core.Editor: 1ac958119c4ad755d50390246b13522a -> 39597c0f3a76e24d87d64afa59c5f88d
  custom:scripting/precompiled-assembly-types:UnityEngine.TestRunner: 7a4d96a0696e29157328c6996c3b82c5 -> f5758234275f5346968d00e3b1a1c0e4
  custom:scripting/monoscript/fileName/QuitGame.cs: 5096369e521a632ecaa19ef6bb193ad3 -> 
  custom:video-encoder-webm-vp8: eb34c28f22e8b96e1ab97ce403110664 -> 
  custom:audio-decoder-ogg-vorbis: bf7c407c2cedff20999df2af8eb42d56 -> 
  custom:scripting/monoscript/fileName/MainMenuBtns.cs: 7a4c553ed157df86ad49bd371125fa92 -> 
  custom:audio-encoder-webm-vorbis: bf7c407c2cedff20999df2af8eb42d56 -> 
  custom:scripting/precompiled-assembly-types:Assembly-CSharp: 4871bac5146755dc94acd0b06276f62c -> 51bdbbc7743e4ed3f8333c67aed2824c
========================================================================
Received Import Request.
  Time since last request: 4865.316966 seconds.
  path: Assets/Scenes/_lighting
  artifactKey: Guid(df3a55157f1d54341b243c5cbde433d4) Importer(815301076,1909f56bfc062723c751e8b465ee728b)
Start importing Assets/Scenes/_lighting using Guid(df3a55157f1d54341b243c5cbde433d4) Importer(815301076,1909f56bfc062723c751e8b465ee728b) [PhysX] Initialized MultithreadedTaskDispatcher with 32 workers.
 -> (artifact id: 'e37b6c71d9e62109d57de960bf31c9d0') in 0.019442 seconds
Number of updated asset objects reloaded before import = 0
Number of asset objects unloaded after import = 1
========================================================================
Received Prepare
Caller must complete domain reload
Begin MonoManager ReloadAssembly
- Loaded All Assemblies, in  0.291 seconds
Native extension for WindowsStandalone target not found
[Package Manager] Server::EnsureServerProcessIsRunning -- launch failed, reason: Unity was launched with the -noUpm command-line argument
[Package Manager] UpmClient::Send -- Unable to send message (not connected to UPM process).
[Package Manager] Cannot connect to Unity Package Manager local server
Mono: successfully reloaded assembly
- Finished resetting the current domain, in  0.626 seconds
Domain Reload Profiling: 916ms
	BeginReloadAssembly (111ms)
		ExecutionOrderSort (0ms)
		DisableScriptedObjects (3ms)
		BackupInstance (0ms)
		ReleaseScriptingObjects (0ms)
		CreateAndSetChildDomain (26ms)
	RebuildCommonClasses (20ms)
	RebuildNativeTypeToScriptingClass (6ms)
	initialDomainReloadingComplete (19ms)
	LoadAllAssembliesAndSetupDomain (134ms)
		LoadAssemblies (179ms)
		RebuildTransferFunctionScriptingTraits (0ms)
		AnalyzeDomain (12ms)
			TypeCache.Refresh (6ms)
				TypeCache.ScanAssembly (0ms)
			ScanForSourceGeneratedMonoScriptInfo (0ms)
			ResolveRequiredComponents (4ms)
	FinalizeReload (626ms)
		ReleaseScriptCaches (0ms)
		RebuildScriptCaches (0ms)
		SetupLoadedEditorAssemblies (357ms)
			LogAssemblyErrors (0ms)
			InitializePlatformSupportModulesInManaged (5ms)
			SetLoadedEditorAssemblies (3ms)
			RefreshPlugins (0ms)
			BeforeProcessingInitializeOnLoad (45ms)
			ProcessInitializeOnLoadAttributes (281ms)
			ProcessInitializeOnLoadMethodAttributes (18ms)
			AfterProcessingInitializeOnLoad (4ms)
			EditorAssembliesLoaded (0ms)
		ExecutionOrderSort2 (0ms)
		AwakeInstancesAfterBackupRestoration (6ms)
Refreshing native plugins compatible for Editor in 1.29 ms, found 3 plugins.
Preloading 0 native plugins for Editor in 0.00 ms.
Unloading 3151 Unused Serialized files (Serialized files now loaded: 0)
Unloading 16 unused Assets / (373.7 KB). Loaded Objects now: 4027.
Memory consumption went from 143.8 MB to 143.4 MB.
Total: 3.182700 ms (FindLiveObjects: 0.199900 ms CreateObjectMapping: 0.051900 ms MarkObjects: 2.736400 ms  DeleteObjects: 0.193600 ms)

Prepare: number of updated asset objects reloaded= 0
AssetImportParameters requested are different than current active one (requested -> active):
  custom:container-demuxer-ogg: 62fdf1f143b41e24485cea50d1cbac27 -> 
  custom:scripting/precompiled-assembly-types:Unity.PlasticSCM.Editor: 6422b6ca0d4c4c6df738ede20396ac4f -> 61b19ddb92073bec3b858fc919e16e73
  custom:scripting/monoscript/fileName/MainMenuGUI.cs: 091df4f91c57b9accec9de62246fca77 -> 
  custom:video-codec-MediaFoundation-h265: 746d11721c4dcdbdad8f713fa42b33f4 -> 
  custom:video-decoder-ogg-theora: a1e56fd34408186e4bbccfd4996cb3dc -> 
  custom:scripting/monoscript/fileName/LoadScene.cs: 206f1b3f828a012e3128d4c1e305d0fb -> 
  custom:framework-win-MediaFoundation: 216162199b28c13a410421893ffa2e32 -> 
  custom:scripting/precompiled-assembly-types:Unity.Timeline.Editor: b4313fba5652ee5a8449f3ec85f31ae4 -> 534d7c71c4dd9147ea00599cede121e1
  custom:CustomObjectIndexerAttribute: 9a22284fe3817be447336de3de66b15e -> 
  custom:container-demuxer-webm: 4f35f7cbe854078d1ac9338744f61a02 -> 
  custom:container-muxer-webm: aa71ff27fc2769a1b78a27578f13a17b -> 
  custom:video-decoder-webm-vp8: 9c59270c3fd7afecdb556c50c9e8de78 -> 
  custom:SearchIndexIgnoredProperties: e643bd26f0fe6173181afceb89e7c659 -> 
  custom:AudioImporter_EditorPlatform: d09bf68614088b80899f8185d706f6e7 -> 
  custom:scripting/precompiled-assembly-types:Unity.VisualScripting.Core.Editor: 1ac958119c4ad755d50390246b13522a -> 39597c0f3a76e24d87d64afa59c5f88d
  custom:scripting/precompiled-assembly-types:UnityEngine.TestRunner: 7a4d96a0696e29157328c6996c3b82c5 -> f5758234275f5346968d00e3b1a1c0e4
  custom:scripting/monoscript/fileName/QuitGame.cs: 5096369e521a632ecaa19ef6bb193ad3 -> 
  custom:video-encoder-webm-vp8: eb34c28f22e8b96e1ab97ce403110664 -> 
  custom:audio-decoder-ogg-vorbis: bf7c407c2cedff20999df2af8eb42d56 -> 
  custom:scripting/monoscript/fileName/MainMenuBtns.cs: 7a4c553ed157df86ad49bd371125fa92 -> 
  custom:audio-encoder-webm-vorbis: bf7c407c2cedff20999df2af8eb42d56 -> 
  custom:scripting/precompiled-assembly-types:Assembly-CSharp: 4871bac5146755dc94acd0b06276f62c -> 51bdbbc7743e4ed3f8333c67aed2824c
========================================================================
Received Prepare
Caller must complete domain reload
Begin MonoManager ReloadAssembly
- Loaded All Assemblies, in  0.375 seconds
Native extension for WindowsStandalone target not found
[ScriptCompilation] NOT recompiling all scripts because this is an import worker process. Reason to compile was: Define symbols changed
[Package Manager] Server::EnsureServerProcessIsRunning -- launch failed, reason: Unity was launched with the -noUpm command-line argument
[Package Manager] UpmClient::Send -- Unable to send message (not connected to UPM process).
[Package Manager] Cannot connect to Unity Package Manager local server
Mono: successfully reloaded assembly
- Finished resetting the current domain, in  0.671 seconds
Domain Reload Profiling: 1045ms
	BeginReloadAssembly (121ms)
		ExecutionOrderSort (0ms)
		DisableScriptedObjects (3ms)
		BackupInstance (0ms)
		ReleaseScriptingObjects (0ms)
		CreateAndSetChildDomain (23ms)
	RebuildCommonClasses (32ms)
	RebuildNativeTypeToScriptingClass (7ms)
	initialDomainReloadingComplete (34ms)
	LoadAllAssembliesAndSetupDomain (181ms)
		LoadAssemblies (229ms)
		RebuildTransferFunctionScriptingTraits (0ms)
		AnalyzeDomain (20ms)
			TypeCache.Refresh (8ms)
				TypeCache.ScanAssembly (2ms)
			ScanForSourceGeneratedMonoScriptInfo (5ms)
			ResolveRequiredComponents (4ms)
	FinalizeReload (671ms)
		ReleaseScriptCaches (0ms)
		RebuildScriptCaches (0ms)
		SetupLoadedEditorAssemblies (377ms)
			LogAssemblyErrors (0ms)
			InitializePlatformSupportModulesInManaged (4ms)
			SetLoadedEditorAssemblies (2ms)
			RefreshPlugins (0ms)
			BeforeProcessingInitializeOnLoad (39ms)
			ProcessInitializeOnLoadAttributes (309ms)
			ProcessInitializeOnLoadMethodAttributes (19ms)
			AfterProcessingInitializeOnLoad (4ms)
			EditorAssembliesLoaded (0ms)
		ExecutionOrderSort2 (0ms)
		AwakeInstancesAfterBackupRestoration (6ms)
Refreshing native plugins compatible for Editor in 1.75 ms, found 3 plugins.
Preloading 0 native plugins for Editor in 0.00 ms.
Unloading 3285 Unused Serialized files (Serialized files now loaded: 0)
Unloading 55 unused Assets / (4.3 MB). Loaded Objects now: 4124.
Memory consumption went from 157.4 MB to 153.1 MB.
Total: 3.331100 ms (FindLiveObjects: 0.205000 ms CreateObjectMapping: 0.062300 ms MarkObjects: 2.156700 ms  DeleteObjects: 0.906100 ms)

Prepare: number of updated asset objects reloaded= 0
AssetImportParameters requested are different than current active one (requested -> active):
  custom:scripting/monoscript/fileName/Decorators.cs: 4533f6715dc3f8cdabbd37ff77d1dad7 -> 
  custom:scripting/monoscript/fileName/GlobalSettings.cs: e5eb35b80bdfaee4ead1e1630fd77998 -> 
  custom:scripting/monoscript/fileName/PostProcessEffectBaseEditor.cs: 972bdf00f442be0d879dcb6868e25c8e -> 
  custom:scripting/monoscript/fileName/PostProcessRenderContext.cs: 9e034c8bf7d42a1d6c2d4339915eccb0 -> 
  custom:scripting/monoscript/fileName/Spline.cs: 7876820de12ed89d33ad838af99a030e -> 
  custom:scripting/monoscript/fileName/ColorGrading.cs: ef67493fb3cf9676ba5f25862510a595 -> 
  custom:scripting/monoscript/fileName/Monitor.cs: e0eb5d32b3aade2e0ce8680b00ac2b78 -> 
  custom:scripting/precompiled-assembly-types:Unity.Postprocessing.Runtime: 655cd018e42ac91ed9a03cfbdae17956 -> 
  custom:scripting/monoscript/fileName/TemporalAntialiasing.cs: 71e40fdab49d34f4e07f83936454d904 -> 
  custom:container-demuxer-ogg: 62fdf1f143b41e24485cea50d1cbac27 -> 
  custom:scripting/monoscript/fileName/AmbientOcclusion.cs: 7a27923f9312611f0b2898a72e3ee96a -> 
  custom:scripting/precompiled-assembly-types:Unity.PlasticSCM.Editor: 6422b6ca0d4c4c6df738ede20396ac4f -> 61b19ddb92073bec3b858fc919e16e73
  custom:scripting/monoscript/fileName/PostProcessDebugLayer.cs: 6d8a99809398beddf11f92dfbb0e6ad4 -> 
  custom:scripting/monoscript/fileName/ColorUtilities.cs: 47918ebfa890b947a816b80444ee2882 -> 
  custom:scripting/monoscript/fileName/ParameterOverride.cs: 5475497db741ca919df708e5019e593d -> 
  custom:scripting/monoscript/fileName/TextureLerper.cs: 973e800795f77d61d647ea0c3f0cf284 -> 
  custom:scripting/precompiled-assembly-types:Unity.Postprocessing.Editor: 23b49e25b965492466cd147d7735360a -> 
  custom:scripting/monoscript/fileName/Vignette.cs: e0b99ac31b7575ef776e7be56647abb0 -> 
  custom:scripting/monoscript/fileName/DepthOfFieldEditor.cs: 64cce655bf722c851048e2ebbf401a7b -> 
  custom:scripting/monoscript/fileName/DefaultPostProcessEffectEditor.cs: 06a1d8fcea7725e08b95f21cc15fd0a1 -> 
  custom:scripting/monoscript/fileName/MainMenuGUI.cs: 091df4f91c57b9accec9de62246fca77 -> 
  custom:scripting/monoscript/fileName/PostProcessLayer.cs: aa288976158dcd4c24041d5304f25d07 -> 
  custom:video-codec-MediaFoundation-h265: 746d11721c4dcdbdad8f713fa42b33f4 -> 
  custom:scripting/monoscript/fileName/MaxAttribute.cs: d661645ab8c724f24b3e19978e87b44c -> 
  custom:scripting/monoscript/fileName/PostProcessDebugEditor.cs: 1a0488d8742bf880cc7334e53e2cc73d -> 
  custom:video-decoder-ogg-theora: a1e56fd34408186e4bbccfd4996cb3dc -> 
  custom:scripting/monoscript/fileName/SerializedParameterOverride.cs: 5e4deaf96895d013d32a8e84ec179f8e -> 
  custom:scripting/monoscript/fileName/MeshUtilities.cs: dc5356b699afd34cf9728f4d65b476a0 -> 
  custom:scripting/monoscript/fileName/AmbientOcclusionEditor.cs: 61e5422c29b8f52188d508eb7d382167 -> 
  custom:scripting/monoscript/fileName/LoadScene.cs: 206f1b3f828a012e3128d4c1e305d0fb -> 
  custom:scripting/monoscript/fileName/FastApproximateAntialiasing.cs: bf5588b2deec2689a812a7d2eacd9bd5 -> 
  custom:scripting/monoscript/fileName/MotionBlur.cs: 823914e335803785a19e5990c6ab2911 -> 
  custom:scripting/monoscript/fileName/DefineSetter.cs: 292ba08e52064b1a72f8d4bb04301dd3 -> 
  custom:framework-win-MediaFoundation: 216162199b28c13a410421893ffa2e32 -> 
  custom:scripting/monoscript/fileName/ShaderIDs.cs: 96024f1f873475da65a783f1404f9117 -> 
  custom:scripting/monoscript/fileName/PostProcessEditorAttribute.cs: 672a58b4d5bab60112487a31c361c481 -> 
  custom:scripting/monoscript/fileName/LensDistortionEditor.cs: dee045d29944d55e8040435a58a7ce90 -> 
  custom:scripting/monoscript/fileName/MotionBlurEditor.cs: 3bd8d3e7e9a7ea94beb2e5517b62d27b -> 
  custom:scripting/monoscript/fileName/Dithering.cs: 3014fffaa718d0ad6dd2c7bb7956ed46 -> 
  custom:scripting/monoscript/fileName/DecoratorAttribute.cs: be5bd39119e1a41ea1a019fdb3818a3f -> 
  custom:scripting/monoscript/fileName/DisplayNameAttribute.cs: 935a6ac504eb8a852fba40cbcae9292c -> 
  custom:scripting/monoscript/fileName/PostProcessEffectSettings.cs: 2ab9d33170e863b1a9c8a9079cdd12aa -> 
  custom:scripting/monoscript/fileName/Fog.cs: 07e271953e2bcf8513b6a72a2737e767 -> 
  custom:scripting/monoscript/fileName/PostProcessManager.cs: 28ef7780d543a8111635e1f5051383d0 -> 
  custom:scripting/monoscript/fileName/VolumeFactory.cs: cc77136700c9e1ff894d234886ccb852 -> 
  custom:scripting/precompiled-assembly-types:Unity.Timeline.Editor: b4313fba5652ee5a8449f3ec85f31ae4 -> 534d7c71c4dd9147ea00599cede121e1
  custom:CustomObjectIndexerAttribute: 9a22284fe3817be447336de3de66b15e -> 
  custom:scripting/monoscript/fileName/PostProcessEvent.cs: 8fb6e54ff2cf1a8be7ecdd01fbdd78f8 -> 
  custom:scripting/monoscript/fileName/TrackballAttribute.cs: 8dea8f77de7bd03137cc578af1ea6656 -> 
  custom:scripting/monoscript/fileName/TrackballDecorator.cs: 6a2b6c747937d12d8d81be8f5b21fbd2 -> 
  custom:scripting/monoscript/fileName/MultiScaleVO.cs: d4c4732956ffb536e016475d75f04c43 -> 
  custom:scripting/monoscript/fileName/CubeLutAssetFactory.cs: db1961888d7cabf6be94b37e3b663de4 -> 
  custom:container-demuxer-webm: 4f35f7cbe854078d1ac9338744f61a02 -> 
  custom:scripting/monoscript/fileName/PostProcessVolumeEditor.cs: 7aae71821512dcac422c45dc773293c3 -> 
  custom:scripting/monoscript/fileName/ChromaticAberration.cs: 4d59e57f8324f5f986e16678ed451410 -> 
  custom:scripting/monoscript/fileName/VignetteEditor.cs: 345736fc911c5e8ab23e579751a40e4a -> 
  custom:scripting/monoscript/fileName/Styling.cs: d1c4aa14ff93670753edfbb93fc91bfe -> 
  custom:scripting/monoscript/fileName/PostProcessEffectRendererExtensions.cs: e953624d113e7e1739c702512603957d -> 
  custom:scripting/monoscript/fileName/ScalableAO.cs: 2f29d71d59b754086c809cfee1cdce34 -> 
  custom:scripting/monoscript/fileName/PostProcessLayerEditor.cs: d16de665ece05cd6e27dcc8d7bac4b9a -> 
  custom:scripting/monoscript/fileName/MinMaxAttribute.cs: a4b6ac8a4377612c7135a60f905792f1 -> 
  custom:scripting/monoscript/fileName/SubpixelMorphologicalAntialiasing.cs: 02dcb8839824addec278047da0509aea -> 
  custom:scripting/monoscript/fileName/BaseEditor.cs: 90647cc400823b41df847a6cbfc29026 -> 
  custom:container-muxer-webm: aa71ff27fc2769a1b78a27578f13a17b -> 
  custom:video-decoder-webm-vp8: 9c59270c3fd7afecdb556c50c9e8de78 -> 
  custom:SearchIndexIgnoredProperties: e643bd26f0fe6173181afceb89e7c659 -> 
  custom:scripting/monoscript/fileName/ChromaticAberrationEditor.cs: 3043bf57519b71f64b7a6de970c2487b -> 
  custom:scripting/monoscript/fileName/PostProcessEffectRenderer.cs: 577c5acf8157ecea944bb95c8c6d9a95 -> 
  custom:AudioImporter_EditorPlatform: d09bf68614088b80899f8185d706f6e7 -> 
  custom:scripting/monoscript/fileName/TextureFormatUtilities.cs: ba58c57cfaabc0f8201a9ca6902fcb23 -> 
  custom:scripting/monoscript/fileName/PostProcessVolume.cs: 3883cef4be0567c54caf457a416a2095 -> 
  custom:scripting/monoscript/fileName/LightMeterMonitor.cs: a897ae0c731cb153281aea9ecd0efb03 -> 
  custom:scripting/monoscript/fileName/ColorGradingEditor.cs: 25838050e3e1f12ef51713a5dcf60349 -> 
  custom:scripting/monoscript/fileName/AttributeDecorator.cs: 39b465f08cd0a5df82fc2ef70b766ca2 -> 
  custom:scripting/monoscript/fileName/AutoExposureEditor.cs: dfd15824649ea346b717bc72a871d75b -> 
  custom:scripting/precompiled-assembly-types:Unity.VisualScripting.Core.Editor: 1ac958119c4ad755d50390246b13522a -> 39597c0f3a76e24d87d64afa59c5f88d
  custom:scripting/monoscript/fileName/LensDistortion.cs: b7963bb1da21ba484a7b59b9f6ea3aec -> 
  custom:scripting/monoscript/fileName/ResourceAssetFactory.cs: bf6acc988648d854bb3c5751325d0d0a -> 
  custom:scripting/precompiled-assembly-types:UnityEngine.TestRunner: 7a4d96a0696e29157328c6996c3b82c5 -> f5758234275f5346968d00e3b1a1c0e4
  custom:scripting/monoscript/fileName/PostProcessProfileEditor.cs: 1dcd55858a4126cb33b0f2de53c74fbe -> 
  custom:scripting/monoscript/fileName/PostProcessDebug.cs: a653e9b773649e7452b035b4ce1dae82 -> 
  custom:scripting/monoscript/fileName/PostProcessAttribute.cs: e125947bf72ce7382f3b16f75797c897 -> 
  custom:scripting/monoscript/fileName/QuitGame.cs: 5096369e521a632ecaa19ef6bb193ad3 -> 
  custom:scripting/monoscript/fileName/Grain.cs: 43f09a87a88d9937fbb9c4dbf3d5508e -> 
  custom:scripting/monoscript/fileName/HistogramMonitor.cs: 6fd024409d6e9db8d4c2c4e26430c2ad -> 
  custom:scripting/monoscript/fileName/PostProcessProfile.cs: f6dc030e2e953b2ed0eca334cce5d5cf -> 
  custom:scripting/monoscript/fileName/ProfileFactory.cs: f835845dfebfed501813f60a1cb006a3 -> 
  custom:scripting/monoscript/fileName/PostProcessEffectEditor.cs: 90647cc400823b41df847a6cbfc29026 -> 
  custom:scripting/monoscript/fileName/CubeLutAssetImporter.cs: 5e94ca4c74dad11cc8880f33d0ba9efb -> 
  custom:scripting/monoscript/fileName/PostProcessBundle.cs: f610f855c8ae8b896b5084e85ede373e -> 
  custom:scripting/monoscript/fileName/ScreenSpaceReflectionsEditor.cs: 59c13ba25de6098e70bafe8be94f609a -> 
  custom:video-encoder-webm-vp8: eb34c28f22e8b96e1ab97ce403110664 -> 
  custom:scripting/monoscript/fileName/RuntimeUtilities.cs: 76964d36e50cc48cfa29643bdde8d9a5 -> 
  custom:scripting/monoscript/fileName/Bloom.cs: 6f6d579a64201b97313a62a1e91b3575 -> 
  custom:audio-decoder-ogg-vorbis: bf7c407c2cedff20999df2af8eb42d56 -> 
  custom:scripting/monoscript/fileName/AutoExposure.cs: 0e7c21b17f53209ee8c5c61ab59d7835 -> 
  custom:scripting/monoscript/fileName/VectorscopeMonitor.cs: cb70c6437b976f01b752cd219cc47f32 -> 
  custom:scripting/monoscript/fileName/PropertySheetFactory.cs: cfc4667cc03e44252fafe18d99f24b25 -> 
  custom:scripting/monoscript/fileName/EditorUtilities.cs: 53a52fb113757c42f9c516115bd845ca -> 
  custom:scripting/monoscript/fileName/HaltonSeq.cs: a7590e55d6fae5328a1c395a2473d0cf -> 
  custom:scripting/monoscript/fileName/MinAttribute.cs: a3e7473301291585f4cca024ce307406 -> 
  custom:scripting/monoscript/fileName/DepthOfField.cs: d62178d8b5619f59fcdd6d24617ef5fd -> 
  custom:scripting/monoscript/fileName/BloomEditor.cs: c341bb26b40744c3a5c2a142ac3e1051 -> 
  custom:scripting/monoscript/fileName/MainMenuBtns.cs: 7a4c553ed157df86ad49bd371125fa92 -> 
  custom:scripting/monoscript/fileName/WaveformMonitor.cs: 609651ee3f98f206575f684e9cce655d -> 
  custom:scripting/monoscript/fileName/HableCurve.cs: f244b24d6e7c556a2de06e25b0bbf4c1 -> 
  custom:audio-encoder-webm-vorbis: bf7c407c2cedff20999df2af8eb42d56 -> 
  custom:scripting/monoscript/fileName/PropertySheet.cs: e6bb03169eca9d33ea794a47ad6ce213 -> 
  custom:scripting/monoscript/fileName/TargetPool.cs: 6d29560228134c933c12fb1c113fb6ef -> 
  custom:scripting/monoscript/fileName/LogHistogram.cs: bab913d888834a1a8572eb834acec97c -> 
  custom:scripting/monoscript/fileName/ScreenSpaceReflections.cs: 8afa07200328ddfcb2536d4180c62536 -> 
  custom:scripting/precompiled-assembly-types:Assembly-CSharp: 4871bac5146755dc94acd0b06276f62c -> 51bdbbc7743e4ed3f8333c67aed2824c
  custom:scripting/monoscript/fileName/CurveEditor.cs: f5e872b2a5a6427a1785818cb10d95d1 -> 
  custom:scripting/monoscript/fileName/PostProcessResources.cs: 5089c17a701ba9b714a1f3d25fb9a9b0 -> 
  custom:scripting/monoscript/fileName/EffectListEditor.cs: 1ecdb4094d9e64024d6eb7725a86197b -> 
========================================================================
Received Prepare
Caller must complete domain reload
Begin MonoManager ReloadAssembly
- Loaded All Assemblies, in  0.325 seconds
Native extension for WindowsStandalone target not found
[ScriptCompilation] NOT recompiling all scripts because this is an import worker process. Reason to compile was: Define symbols changed
[Package Manager] Server::EnsureServerProcessIsRunning -- launch failed, reason: Unity was launched with the -noUpm command-line argument
[Package Manager] UpmClient::Send -- Unable to send message (not connected to UPM process).
[Package Manager] Cannot connect to Unity Package Manager local server
Mono: successfully reloaded assembly
- Finished resetting the current domain, in  0.762 seconds
Domain Reload Profiling: 1086ms
	BeginReloadAssembly (98ms)
		ExecutionOrderSort (0ms)
		DisableScriptedObjects (5ms)
		BackupInstance (0ms)
		ReleaseScriptingObjects (0ms)
		CreateAndSetChildDomain (19ms)
	RebuildCommonClasses (21ms)
	RebuildNativeTypeToScriptingClass (6ms)
	initialDomainReloadingComplete (19ms)
	LoadAllAssembliesAndSetupDomain (180ms)
		LoadAssemblies (172ms)
		RebuildTransferFunctionScriptingTraits (0ms)
		AnalyzeDomain (59ms)
			TypeCache.Refresh (43ms)
				TypeCache.ScanAssembly (35ms)
			ScanForSourceGeneratedMonoScriptInfo (10ms)
			ResolveRequiredComponents (3ms)
	FinalizeReload (763ms)
		ReleaseScriptCaches (0ms)
		RebuildScriptCaches (0ms)
		SetupLoadedEditorAssemblies (422ms)
			LogAssemblyErrors (0ms)
			InitializePlatformSupportModulesInManaged (6ms)
			SetLoadedEditorAssemblies (3ms)
			RefreshPlugins (0ms)
			BeforeProcessingInitializeOnLoad (52ms)
			ProcessInitializeOnLoadAttributes (345ms)
			ProcessInitializeOnLoadMethodAttributes (14ms)
			AfterProcessingInitializeOnLoad (3ms)
			EditorAssembliesLoaded (0ms)
		ExecutionOrderSort2 (0ms)
		AwakeInstancesAfterBackupRestoration (5ms)
Refreshing native plugins compatible for Editor in 1.01 ms, found 3 plugins.
Preloading 0 native plugins for Editor in 0.00 ms.
Unloading 3285 Unused Serialized files (Serialized files now loaded: 0)
Unloading 55 unused Assets / (4.3 MB). Loaded Objects now: 4127.
Memory consumption went from 157.4 MB to 153.1 MB.
Total: 3.387000 ms (FindLiveObjects: 0.223500 ms CreateObjectMapping: 0.051900 ms MarkObjects: 2.290800 ms  DeleteObjects: 0.820000 ms)

Prepare: number of updated asset objects reloaded= 0
AssetImportParameters requested are different than current active one (requested -> active):
  custom:scripting/monoscript/fileName/Decorators.cs: 4533f6715dc3f8cdabbd37ff77d1dad7 -> 
  custom:scripting/monoscript/fileName/GlobalSettings.cs: e5eb35b80bdfaee4ead1e1630fd77998 -> 
  custom:scripting/monoscript/fileName/PostProcessEffectBaseEditor.cs: 972bdf00f442be0d879dcb6868e25c8e -> 
  custom:scripting/monoscript/fileName/PostProcessRenderContext.cs: 9e034c8bf7d42a1d6c2d4339915eccb0 -> 
  custom:scripting/monoscript/fileName/Spline.cs: 7876820de12ed89d33ad838af99a030e -> 
  custom:scripting/monoscript/fileName/ColorGrading.cs: ef67493fb3cf9676ba5f25862510a595 -> 
  custom:scripting/monoscript/fileName/Monitor.cs: e0eb5d32b3aade2e0ce8680b00ac2b78 -> 
  custom:scripting/precompiled-assembly-types:Unity.Postprocessing.Runtime: 655cd018e42ac91ed9a03cfbdae17956 -> 
  custom:scripting/monoscript/fileName/TemporalAntialiasing.cs: 71e40fdab49d34f4e07f83936454d904 -> 
  custom:container-demuxer-ogg: 62fdf1f143b41e24485cea50d1cbac27 -> 
  custom:scripting/monoscript/fileName/AmbientOcclusion.cs: 7a27923f9312611f0b2898a72e3ee96a -> 
  custom:scripting/precompiled-assembly-types:Unity.PlasticSCM.Editor: 6422b6ca0d4c4c6df738ede20396ac4f -> 61b19ddb92073bec3b858fc919e16e73
  custom:scripting/monoscript/fileName/PostProcessDebugLayer.cs: 6d8a99809398beddf11f92dfbb0e6ad4 -> 
  custom:scripting/monoscript/fileName/ColorUtilities.cs: 47918ebfa890b947a816b80444ee2882 -> 
  custom:scripting/monoscript/fileName/ParameterOverride.cs: 5475497db741ca919df708e5019e593d -> 
  custom:scripting/monoscript/fileName/TextureLerper.cs: 973e800795f77d61d647ea0c3f0cf284 -> 
  custom:scripting/precompiled-assembly-types:Unity.Postprocessing.Editor: 23b49e25b965492466cd147d7735360a -> 
  custom:scripting/monoscript/fileName/Vignette.cs: e0b99ac31b7575ef776e7be56647abb0 -> 
  custom:scripting/monoscript/fileName/DepthOfFieldEditor.cs: 64cce655bf722c851048e2ebbf401a7b -> 
  custom:scripting/monoscript/fileName/DefaultPostProcessEffectEditor.cs: 06a1d8fcea7725e08b95f21cc15fd0a1 -> 
  custom:scripting/monoscript/fileName/MainMenuGUI.cs: 091df4f91c57b9accec9de62246fca77 -> 
  custom:scripting/monoscript/fileName/PostProcessLayer.cs: aa288976158dcd4c24041d5304f25d07 -> 
  custom:video-codec-MediaFoundation-h265: 746d11721c4dcdbdad8f713fa42b33f4 -> 
  custom:scripting/monoscript/fileName/MaxAttribute.cs: d661645ab8c724f24b3e19978e87b44c -> 
  custom:scripting/monoscript/fileName/PostProcessDebugEditor.cs: 1a0488d8742bf880cc7334e53e2cc73d -> 
  custom:video-decoder-ogg-theora: a1e56fd34408186e4bbccfd4996cb3dc -> 
  custom:scripting/monoscript/fileName/SerializedParameterOverride.cs: 5e4deaf96895d013d32a8e84ec179f8e -> 
  custom:scripting/monoscript/fileName/MeshUtilities.cs: dc5356b699afd34cf9728f4d65b476a0 -> 
  custom:scripting/monoscript/fileName/AmbientOcclusionEditor.cs: 61e5422c29b8f52188d508eb7d382167 -> 
  custom:scripting/monoscript/fileName/LoadScene.cs: 206f1b3f828a012e3128d4c1e305d0fb -> 
  custom:scripting/monoscript/fileName/FastApproximateAntialiasing.cs: bf5588b2deec2689a812a7d2eacd9bd5 -> 
  custom:scripting/monoscript/fileName/MotionBlur.cs: 823914e335803785a19e5990c6ab2911 -> 
  custom:scripting/monoscript/fileName/DefineSetter.cs: 292ba08e52064b1a72f8d4bb04301dd3 -> 
  custom:framework-win-MediaFoundation: 216162199b28c13a410421893ffa2e32 -> 
  custom:scripting/monoscript/fileName/ShaderIDs.cs: 96024f1f873475da65a783f1404f9117 -> 
  custom:scripting/monoscript/fileName/PostProcessEditorAttribute.cs: 672a58b4d5bab60112487a31c361c481 -> 
  custom:scripting/monoscript/fileName/LensDistortionEditor.cs: dee045d29944d55e8040435a58a7ce90 -> 
  custom:scripting/monoscript/fileName/MotionBlurEditor.cs: 3bd8d3e7e9a7ea94beb2e5517b62d27b -> 
  custom:scripting/monoscript/fileName/Dithering.cs: 3014fffaa718d0ad6dd2c7bb7956ed46 -> 
  custom:scripting/monoscript/fileName/DecoratorAttribute.cs: be5bd39119e1a41ea1a019fdb3818a3f -> 
  custom:scripting/monoscript/fileName/DisplayNameAttribute.cs: 935a6ac504eb8a852fba40cbcae9292c -> 
  custom:scripting/monoscript/fileName/PostProcessEffectSettings.cs: 2ab9d33170e863b1a9c8a9079cdd12aa -> 
  custom:scripting/monoscript/fileName/Fog.cs: 07e271953e2bcf8513b6a72a2737e767 -> 
  custom:scripting/monoscript/fileName/PostProcessManager.cs: 28ef7780d543a8111635e1f5051383d0 -> 
  custom:scripting/monoscript/fileName/VolumeFactory.cs: cc77136700c9e1ff894d234886ccb852 -> 
  custom:scripting/precompiled-assembly-types:Unity.Timeline.Editor: b4313fba5652ee5a8449f3ec85f31ae4 -> 534d7c71c4dd9147ea00599cede121e1
  custom:CustomObjectIndexerAttribute: 9a22284fe3817be447336de3de66b15e -> 
  custom:scripting/monoscript/fileName/PostProcessEvent.cs: 8fb6e54ff2cf1a8be7ecdd01fbdd78f8 -> 
  custom:scripting/monoscript/fileName/TrackballAttribute.cs: 8dea8f77de7bd03137cc578af1ea6656 -> 
  custom:scripting/monoscript/fileName/TrackballDecorator.cs: 6a2b6c747937d12d8d81be8f5b21fbd2 -> 
  custom:scripting/monoscript/fileName/MultiScaleVO.cs: d4c4732956ffb536e016475d75f04c43 -> 
  custom:scripting/monoscript/fileName/CubeLutAssetFactory.cs: db1961888d7cabf6be94b37e3b663de4 -> 
  custom:container-demuxer-webm: 4f35f7cbe854078d1ac9338744f61a02 -> 
  custom:scripting/monoscript/fileName/PostProcessVolumeEditor.cs: 7aae71821512dcac422c45dc773293c3 -> 
  custom:scripting/monoscript/fileName/ChromaticAberration.cs: 4d59e57f8324f5f986e16678ed451410 -> 
  custom:scripting/monoscript/fileName/VignetteEditor.cs: 345736fc911c5e8ab23e579751a40e4a -> 
  custom:scripting/monoscript/fileName/Styling.cs: d1c4aa14ff93670753edfbb93fc91bfe -> 
  custom:scripting/monoscript/fileName/PostProcessEffectRendererExtensions.cs: e953624d113e7e1739c702512603957d -> 
  custom:scripting/monoscript/fileName/ScalableAO.cs: 2f29d71d59b754086c809cfee1cdce34 -> 
  custom:scripting/monoscript/fileName/PostProcessLayerEditor.cs: d16de665ece05cd6e27dcc8d7bac4b9a -> 
  custom:scripting/monoscript/fileName/MinMaxAttribute.cs: a4b6ac8a4377612c7135a60f905792f1 -> 
  custom:scripting/monoscript/fileName/SubpixelMorphologicalAntialiasing.cs: 02dcb8839824addec278047da0509aea -> 
  custom:scripting/monoscript/fileName/BaseEditor.cs: 90647cc400823b41df847a6cbfc29026 -> 
  custom:container-muxer-webm: aa71ff27fc2769a1b78a27578f13a17b -> 
  custom:video-decoder-webm-vp8: 9c59270c3fd7afecdb556c50c9e8de78 -> 
  custom:SearchIndexIgnoredProperties: e643bd26f0fe6173181afceb89e7c659 -> 
  custom:scripting/monoscript/fileName/ChromaticAberrationEditor.cs: 3043bf57519b71f64b7a6de970c2487b -> 
  custom:scripting/monoscript/fileName/PostProcessEffectRenderer.cs: 577c5acf8157ecea944bb95c8c6d9a95 -> 
  custom:AudioImporter_EditorPlatform: d09bf68614088b80899f8185d706f6e7 -> 
  custom:scripting/monoscript/fileName/TextureFormatUtilities.cs: ba58c57cfaabc0f8201a9ca6902fcb23 -> 
  custom:scripting/monoscript/fileName/PostProcessVolume.cs: 3883cef4be0567c54caf457a416a2095 -> 
  custom:scripting/monoscript/fileName/LightMeterMonitor.cs: a897ae0c731cb153281aea9ecd0efb03 -> 
  custom:scripting/monoscript/fileName/ColorGradingEditor.cs: 25838050e3e1f12ef51713a5dcf60349 -> 
  custom:scripting/monoscript/fileName/AttributeDecorator.cs: 39b465f08cd0a5df82fc2ef70b766ca2 -> 
  custom:scripting/monoscript/fileName/AutoExposureEditor.cs: dfd15824649ea346b717bc72a871d75b -> 
  custom:scripting/precompiled-assembly-types:Unity.VisualScripting.Core.Editor: 1ac958119c4ad755d50390246b13522a -> 39597c0f3a76e24d87d64afa59c5f88d
  custom:scripting/monoscript/fileName/LensDistortion.cs: b7963bb1da21ba484a7b59b9f6ea3aec -> 
  custom:scripting/monoscript/fileName/ResourceAssetFactory.cs: bf6acc988648d854bb3c5751325d0d0a -> 
  custom:scripting/precompiled-assembly-types:UnityEngine.TestRunner: 7a4d96a0696e29157328c6996c3b82c5 -> f5758234275f5346968d00e3b1a1c0e4
  custom:scripting/monoscript/fileName/PostProcessProfileEditor.cs: 1dcd55858a4126cb33b0f2de53c74fbe -> 
  custom:scripting/monoscript/fileName/PostProcessDebug.cs: a653e9b773649e7452b035b4ce1dae82 -> 
  custom:scripting/monoscript/fileName/PostProcessAttribute.cs: e125947bf72ce7382f3b16f75797c897 -> 
  custom:scripting/monoscript/fileName/QuitGame.cs: 5096369e521a632ecaa19ef6bb193ad3 -> 
  custom:scripting/monoscript/fileName/Grain.cs: 43f09a87a88d9937fbb9c4dbf3d5508e -> 
  custom:scripting/monoscript/fileName/HistogramMonitor.cs: 6fd024409d6e9db8d4c2c4e26430c2ad -> 
  custom:scripting/monoscript/fileName/PostProcessProfile.cs: f6dc030e2e953b2ed0eca334cce5d5cf -> 
  custom:scripting/monoscript/fileName/ProfileFactory.cs: f835845dfebfed501813f60a1cb006a3 -> 
  custom:scripting/monoscript/fileName/PostProcessEffectEditor.cs: 90647cc400823b41df847a6cbfc29026 -> 
  custom:scripting/monoscript/fileName/CubeLutAssetImporter.cs: 5e94ca4c74dad11cc8880f33d0ba9efb -> 
  custom:scripting/monoscript/fileName/PostProcessBundle.cs: f610f855c8ae8b896b5084e85ede373e -> 
  custom:scripting/monoscript/fileName/ScreenSpaceReflectionsEditor.cs: 59c13ba25de6098e70bafe8be94f609a -> 
  custom:video-encoder-webm-vp8: eb34c28f22e8b96e1ab97ce403110664 -> 
  custom:scripting/monoscript/fileName/RuntimeUtilities.cs: 76964d36e50cc48cfa29643bdde8d9a5 -> 
  custom:scripting/monoscript/fileName/Bloom.cs: 6f6d579a64201b97313a62a1e91b3575 -> 
  custom:audio-decoder-ogg-vorbis: bf7c407c2cedff20999df2af8eb42d56 -> 
  custom:scripting/monoscript/fileName/AutoExposure.cs: 0e7c21b17f53209ee8c5c61ab59d7835 -> 
  custom:scripting/monoscript/fileName/VectorscopeMonitor.cs: cb70c6437b976f01b752cd219cc47f32 -> 
  custom:scripting/monoscript/fileName/PropertySheetFactory.cs: cfc4667cc03e44252fafe18d99f24b25 -> 
  custom:scripting/monoscript/fileName/EditorUtilities.cs: 53a52fb113757c42f9c516115bd845ca -> 
  custom:scripting/monoscript/fileName/HaltonSeq.cs: a7590e55d6fae5328a1c395a2473d0cf -> 
  custom:scripting/monoscript/fileName/MinAttribute.cs: a3e7473301291585f4cca024ce307406 -> 
  custom:scripting/monoscript/fileName/DepthOfField.cs: d62178d8b5619f59fcdd6d24617ef5fd -> 
  custom:scripting/monoscript/fileName/BloomEditor.cs: c341bb26b40744c3a5c2a142ac3e1051 -> 
  custom:scripting/monoscript/fileName/MainMenuBtns.cs: 7a4c553ed157df86ad49bd371125fa92 -> 
  custom:scripting/monoscript/fileName/WaveformMonitor.cs: 609651ee3f98f206575f684e9cce655d -> 
  custom:scripting/monoscript/fileName/HableCurve.cs: f244b24d6e7c556a2de06e25b0bbf4c1 -> 
  custom:audio-encoder-webm-vorbis: bf7c407c2cedff20999df2af8eb42d56 -> 
  custom:scripting/monoscript/fileName/PropertySheet.cs: e6bb03169eca9d33ea794a47ad6ce213 -> 
  custom:scripting/monoscript/fileName/TargetPool.cs: 6d29560228134c933c12fb1c113fb6ef -> 
  custom:scripting/monoscript/fileName/LogHistogram.cs: bab913d888834a1a8572eb834acec97c -> 
  custom:scripting/monoscript/fileName/ScreenSpaceReflections.cs: 8afa07200328ddfcb2536d4180c62536 -> 
  custom:scripting/precompiled-assembly-types:Assembly-CSharp: 4871bac5146755dc94acd0b06276f62c -> 51bdbbc7743e4ed3f8333c67aed2824c
  custom:scripting/monoscript/fileName/CurveEditor.cs: f5e872b2a5a6427a1785818cb10d95d1 -> 
  custom:scripting/monoscript/fileName/PostProcessResources.cs: 5089c17a701ba9b714a1f3d25fb9a9b0 -> 
  custom:scripting/monoscript/fileName/EffectListEditor.cs: 1ecdb4094d9e64024d6eb7725a86197b -> 
========================================================================
Received Import Request.
  Time since last request: 5129.387971 seconds.
  path: Assets/MyAssets/Materials/VolcanoSmoke.mat
  artifactKey: Guid(0465ca1a540994f4dacd2cf1de61ae00) Importer(815301076,1909f56bfc062723c751e8b465ee728b)
Start importing Assets/MyAssets/Materials/VolcanoSmoke.mat using Guid(0465ca1a540994f4dacd2cf1de61ae00) Importer(815301076,1909f56bfc062723c751e8b465ee728b) [PhysX] Initialized MultithreadedTaskDispatcher with 32 workers.
[PhysX] Initialized MultithreadedTaskDispatcher with 32 workers.
 -> (artifact id: 'b4039c43316dbd16befe6fd4e70daa02') in 0.075519 seconds
Number of updated asset objects reloaded before import = 0
Number of asset objects unloaded after import = 1
========================================================================
Received Prepare
Caller must complete domain reload
Begin MonoManager ReloadAssembly
- Loaded All Assemblies, in  0.287 seconds
Native extension for WindowsStandalone target not found
[Package Manager] Server::EnsureServerProcessIsRunning -- launch failed, reason: Unity was launched with the -noUpm command-line argument
[Package Manager] UpmClient::Send -- Unable to send message (not connected to UPM process).
[Package Manager] Cannot connect to Unity Package Manager local server
Mono: successfully reloaded assembly
- Finished resetting the current domain, in  0.527 seconds
Domain Reload Profiling: 813ms
	BeginReloadAssembly (102ms)
		ExecutionOrderSort (0ms)
		DisableScriptedObjects (3ms)
		BackupInstance (0ms)
		ReleaseScriptingObjects (0ms)
		CreateAndSetChildDomain (23ms)
	RebuildCommonClasses (22ms)
	RebuildNativeTypeToScriptingClass (7ms)
	initialDomainReloadingComplete (19ms)
	LoadAllAssembliesAndSetupDomain (136ms)
		LoadAssemblies (178ms)
		RebuildTransferFunctionScriptingTraits (0ms)
		AnalyzeDomain (10ms)
			TypeCache.Refresh (4ms)
				TypeCache.ScanAssembly (0ms)
			ScanForSourceGeneratedMonoScriptInfo (0ms)
			ResolveRequiredComponents (4ms)
	FinalizeReload (527ms)
		ReleaseScriptCaches (0ms)
		RebuildScriptCaches (0ms)
		SetupLoadedEditorAssemblies (305ms)
			LogAssemblyErrors (0ms)
			InitializePlatformSupportModulesInManaged (5ms)
			SetLoadedEditorAssemblies (2ms)
			RefreshPlugins (0ms)
			BeforeProcessingInitializeOnLoad (38ms)
			ProcessInitializeOnLoadAttributes (240ms)
			ProcessInitializeOnLoadMethodAttributes (15ms)
			AfterProcessingInitializeOnLoad (4ms)
			EditorAssembliesLoaded (0ms)
		ExecutionOrderSort2 (0ms)
		AwakeInstancesAfterBackupRestoration (7ms)
Refreshing native plugins compatible for Editor in 1.79 ms, found 3 plugins.
Preloading 0 native plugins for Editor in 0.00 ms.
Unloading 3284 Unused Serialized files (Serialized files now loaded: 0)
Unloading 55 unused Assets / (4.3 MB). Loaded Objects now: 4130.
Memory consumption went from 157.1 MB to 152.8 MB.
Total: 4.003300 ms (FindLiveObjects: 0.193500 ms CreateObjectMapping: 0.101700 ms MarkObjects: 1.853800 ms  DeleteObjects: 1.853600 ms)

Prepare: number of updated asset objects reloaded= 0
AssetImportParameters requested are different than current active one (requested -> active):
  custom:scripting/monoscript/fileName/Decorators.cs: 4533f6715dc3f8cdabbd37ff77d1dad7 -> 
  custom:scripting/monoscript/fileName/GlobalSettings.cs: e5eb35b80bdfaee4ead1e1630fd77998 -> 
  custom:scripting/monoscript/fileName/PostProcessEffectBaseEditor.cs: 972bdf00f442be0d879dcb6868e25c8e -> 
  custom:scripting/monoscript/fileName/PostProcessRenderContext.cs: 9e034c8bf7d42a1d6c2d4339915eccb0 -> 
  custom:scripting/monoscript/fileName/Spline.cs: 7876820de12ed89d33ad838af99a030e -> 
  custom:scripting/monoscript/fileName/ColorGrading.cs: ef67493fb3cf9676ba5f25862510a595 -> 
  custom:scripting/monoscript/fileName/Monitor.cs: e0eb5d32b3aade2e0ce8680b00ac2b78 -> 
  custom:scripting/precompiled-assembly-types:Unity.Postprocessing.Runtime: 655cd018e42ac91ed9a03cfbdae17956 -> 
  custom:scripting/monoscript/fileName/TemporalAntialiasing.cs: 71e40fdab49d34f4e07f83936454d904 -> 
  custom:container-demuxer-ogg: 62fdf1f143b41e24485cea50d1cbac27 -> 
  custom:scripting/monoscript/fileName/AmbientOcclusion.cs: 7a27923f9312611f0b2898a72e3ee96a -> 
  custom:scripting/precompiled-assembly-types:Unity.PlasticSCM.Editor: 6422b6ca0d4c4c6df738ede20396ac4f -> 61b19ddb92073bec3b858fc919e16e73
  custom:scripting/monoscript/fileName/PostProcessDebugLayer.cs: 6d8a99809398beddf11f92dfbb0e6ad4 -> 
  custom:scripting/monoscript/fileName/ColorUtilities.cs: 47918ebfa890b947a816b80444ee2882 -> 
  custom:scripting/monoscript/fileName/ParameterOverride.cs: 5475497db741ca919df708e5019e593d -> 
  custom:scripting/monoscript/fileName/TextureLerper.cs: 973e800795f77d61d647ea0c3f0cf284 -> 
  custom:scripting/precompiled-assembly-types:Unity.Postprocessing.Editor: 23b49e25b965492466cd147d7735360a -> 
  custom:scripting/monoscript/fileName/Vignette.cs: e0b99ac31b7575ef776e7be56647abb0 -> 
  custom:scripting/monoscript/fileName/DepthOfFieldEditor.cs: 64cce655bf722c851048e2ebbf401a7b -> 
  custom:scripting/monoscript/fileName/DefaultPostProcessEffectEditor.cs: 06a1d8fcea7725e08b95f21cc15fd0a1 -> 
  custom:scripting/monoscript/fileName/MainMenuGUI.cs: 091df4f91c57b9accec9de62246fca77 -> 
  custom:scripting/monoscript/fileName/PostProcessLayer.cs: aa288976158dcd4c24041d5304f25d07 -> 
  custom:video-codec-MediaFoundation-h265: 746d11721c4dcdbdad8f713fa42b33f4 -> 
  custom:scripting/monoscript/fileName/MaxAttribute.cs: d661645ab8c724f24b3e19978e87b44c -> 
  custom:scripting/monoscript/fileName/PostProcessDebugEditor.cs: 1a0488d8742bf880cc7334e53e2cc73d -> 
  custom:video-decoder-ogg-theora: a1e56fd34408186e4bbccfd4996cb3dc -> 
  custom:scripting/monoscript/fileName/SerializedParameterOverride.cs: 5e4deaf96895d013d32a8e84ec179f8e -> 
  custom:scripting/monoscript/fileName/MeshUtilities.cs: dc5356b699afd34cf9728f4d65b476a0 -> 
  custom:scripting/monoscript/fileName/AmbientOcclusionEditor.cs: 61e5422c29b8f52188d508eb7d382167 -> 
  custom:scripting/monoscript/fileName/LoadScene.cs: 206f1b3f828a012e3128d4c1e305d0fb -> 
  custom:scripting/monoscript/fileName/FastApproximateAntialiasing.cs: bf5588b2deec2689a812a7d2eacd9bd5 -> 
  custom:scripting/monoscript/fileName/MotionBlur.cs: 823914e335803785a19e5990c6ab2911 -> 
  custom:scripting/monoscript/fileName/DefineSetter.cs: 292ba08e52064b1a72f8d4bb04301dd3 -> 
  custom:framework-win-MediaFoundation: 216162199b28c13a410421893ffa2e32 -> 
  custom:scripting/monoscript/fileName/ShaderIDs.cs: 96024f1f873475da65a783f1404f9117 -> 
  custom:scripting/monoscript/fileName/PostProcessEditorAttribute.cs: 672a58b4d5bab60112487a31c361c481 -> 
  custom:scripting/monoscript/fileName/LensDistortionEditor.cs: dee045d29944d55e8040435a58a7ce90 -> 
  custom:scripting/monoscript/fileName/MotionBlurEditor.cs: 3bd8d3e7e9a7ea94beb2e5517b62d27b -> 
  custom:scripting/monoscript/fileName/Dithering.cs: 3014fffaa718d0ad6dd2c7bb7956ed46 -> 
  custom:scripting/monoscript/fileName/DecoratorAttribute.cs: be5bd39119e1a41ea1a019fdb3818a3f -> 
  custom:scripting/monoscript/fileName/DisplayNameAttribute.cs: 935a6ac504eb8a852fba40cbcae9292c -> 
  custom:scripting/monoscript/fileName/PostProcessEffectSettings.cs: 2ab9d33170e863b1a9c8a9079cdd12aa -> 
  custom:scripting/monoscript/fileName/Fog.cs: 07e271953e2bcf8513b6a72a2737e767 -> 
  custom:scripting/monoscript/fileName/PostProcessManager.cs: 28ef7780d543a8111635e1f5051383d0 -> 
  custom:scripting/monoscript/fileName/VolumeFactory.cs: cc77136700c9e1ff894d234886ccb852 -> 
  custom:scripting/precompiled-assembly-types:Unity.Timeline.Editor: b4313fba5652ee5a8449f3ec85f31ae4 -> 534d7c71c4dd9147ea00599cede121e1
  custom:CustomObjectIndexerAttribute: 9a22284fe3817be447336de3de66b15e -> 
  custom:scripting/monoscript/fileName/PostProcessEvent.cs: 8fb6e54ff2cf1a8be7ecdd01fbdd78f8 -> 
  custom:scripting/monoscript/fileName/TrackballAttribute.cs: 8dea8f77de7bd03137cc578af1ea6656 -> 
  custom:scripting/monoscript/fileName/TrackballDecorator.cs: 6a2b6c747937d12d8d81be8f5b21fbd2 -> 
  custom:scripting/monoscript/fileName/MultiScaleVO.cs: d4c4732956ffb536e016475d75f04c43 -> 
  custom:scripting/monoscript/fileName/CubeLutAssetFactory.cs: db1961888d7cabf6be94b37e3b663de4 -> 
  custom:container-demuxer-webm: 4f35f7cbe854078d1ac9338744f61a02 -> 
  custom:scripting/monoscript/fileName/PostProcessVolumeEditor.cs: 7aae71821512dcac422c45dc773293c3 -> 
  custom:scripting/monoscript/fileName/ChromaticAberration.cs: 4d59e57f8324f5f986e16678ed451410 -> 
  custom:scripting/monoscript/fileName/VignetteEditor.cs: 345736fc911c5e8ab23e579751a40e4a -> 
  custom:scripting/monoscript/fileName/Styling.cs: d1c4aa14ff93670753edfbb93fc91bfe -> 
  custom:scripting/monoscript/fileName/PostProcessEffectRendererExtensions.cs: e953624d113e7e1739c702512603957d -> 
  custom:scripting/monoscript/fileName/ScalableAO.cs: 2f29d71d59b754086c809cfee1cdce34 -> 
  custom:scripting/monoscript/fileName/PostProcessLayerEditor.cs: d16de665ece05cd6e27dcc8d7bac4b9a -> 
  custom:scripting/monoscript/fileName/MinMaxAttribute.cs: a4b6ac8a4377612c7135a60f905792f1 -> 
  custom:scripting/monoscript/fileName/SubpixelMorphologicalAntialiasing.cs: 02dcb8839824addec278047da0509aea -> 
  custom:scripting/monoscript/fileName/BaseEditor.cs: 90647cc400823b41df847a6cbfc29026 -> 
  custom:container-muxer-webm: aa71ff27fc2769a1b78a27578f13a17b -> 
  custom:video-decoder-webm-vp8: 9c59270c3fd7afecdb556c50c9e8de78 -> 
  custom:SearchIndexIgnoredProperties: e643bd26f0fe6173181afceb89e7c659 -> 
  custom:scripting/monoscript/fileName/ChromaticAberrationEditor.cs: 3043bf57519b71f64b7a6de970c2487b -> 
  custom:scripting/monoscript/fileName/PostProcessEffectRenderer.cs: 577c5acf8157ecea944bb95c8c6d9a95 -> 
  custom:AudioImporter_EditorPlatform: d09bf68614088b80899f8185d706f6e7 -> 
  custom:scripting/monoscript/fileName/TextureFormatUtilities.cs: ba58c57cfaabc0f8201a9ca6902fcb23 -> 
  custom:scripting/monoscript/fileName/PostProcessVolume.cs: 3883cef4be0567c54caf457a416a2095 -> 
  custom:scripting/monoscript/fileName/LightMeterMonitor.cs: a897ae0c731cb153281aea9ecd0efb03 -> 
  custom:scripting/monoscript/fileName/ColorGradingEditor.cs: 25838050e3e1f12ef51713a5dcf60349 -> 
  custom:scripting/monoscript/fileName/AttributeDecorator.cs: 39b465f08cd0a5df82fc2ef70b766ca2 -> 
  custom:scripting/monoscript/fileName/AutoExposureEditor.cs: dfd15824649ea346b717bc72a871d75b -> 
  custom:scripting/precompiled-assembly-types:Unity.VisualScripting.Core.Editor: 1ac958119c4ad755d50390246b13522a -> 39597c0f3a76e24d87d64afa59c5f88d
  custom:scripting/monoscript/fileName/LensDistortion.cs: b7963bb1da21ba484a7b59b9f6ea3aec -> 
  custom:scripting/monoscript/fileName/ResourceAssetFactory.cs: bf6acc988648d854bb3c5751325d0d0a -> 
  custom:scripting/precompiled-assembly-types:UnityEngine.TestRunner: 7a4d96a0696e29157328c6996c3b82c5 -> f5758234275f5346968d00e3b1a1c0e4
  custom:scripting/monoscript/fileName/PostProcessProfileEditor.cs: 1dcd55858a4126cb33b0f2de53c74fbe -> 
  custom:scripting/monoscript/fileName/PostProcessDebug.cs: a653e9b773649e7452b035b4ce1dae82 -> 
  custom:scripting/monoscript/fileName/PostProcessAttribute.cs: e125947bf72ce7382f3b16f75797c897 -> 
  custom:scripting/monoscript/fileName/QuitGame.cs: 5096369e521a632ecaa19ef6bb193ad3 -> 
  custom:scripting/monoscript/fileName/Grain.cs: 43f09a87a88d9937fbb9c4dbf3d5508e -> 
  custom:scripting/monoscript/fileName/HistogramMonitor.cs: 6fd024409d6e9db8d4c2c4e26430c2ad -> 
  custom:scripting/monoscript/fileName/PostProcessProfile.cs: f6dc030e2e953b2ed0eca334cce5d5cf -> 
  custom:scripting/monoscript/fileName/ProfileFactory.cs: f835845dfebfed501813f60a1cb006a3 -> 
  custom:scripting/monoscript/fileName/PostProcessEffectEditor.cs: 90647cc400823b41df847a6cbfc29026 -> 
  custom:scripting/monoscript/fileName/CubeLutAssetImporter.cs: 5e94ca4c74dad11cc8880f33d0ba9efb -> 
  custom:scripting/monoscript/fileName/PostProcessBundle.cs: f610f855c8ae8b896b5084e85ede373e -> 
  custom:scripting/monoscript/fileName/ScreenSpaceReflectionsEditor.cs: 59c13ba25de6098e70bafe8be94f609a -> 
  custom:video-encoder-webm-vp8: eb34c28f22e8b96e1ab97ce403110664 -> 
  custom:scripting/monoscript/fileName/RuntimeUtilities.cs: 76964d36e50cc48cfa29643bdde8d9a5 -> 
  custom:scripting/monoscript/fileName/Bloom.cs: 6f6d579a64201b97313a62a1e91b3575 -> 
  custom:audio-decoder-ogg-vorbis: bf7c407c2cedff20999df2af8eb42d56 -> 
  custom:scripting/monoscript/fileName/AutoExposure.cs: 0e7c21b17f53209ee8c5c61ab59d7835 -> 
  custom:scripting/monoscript/fileName/VectorscopeMonitor.cs: cb70c6437b976f01b752cd219cc47f32 -> 
  custom:scripting/monoscript/fileName/PropertySheetFactory.cs: cfc4667cc03e44252fafe18d99f24b25 -> 
  custom:scripting/monoscript/fileName/EditorUtilities.cs: 53a52fb113757c42f9c516115bd845ca -> 
  custom:scripting/monoscript/fileName/HaltonSeq.cs: a7590e55d6fae5328a1c395a2473d0cf -> 
  custom:scripting/monoscript/fileName/MinAttribute.cs: a3e7473301291585f4cca024ce307406 -> 
  custom:scripting/monoscript/fileName/DepthOfField.cs: d62178d8b5619f59fcdd6d24617ef5fd -> 
  custom:scripting/monoscript/fileName/BloomEditor.cs: c341bb26b40744c3a5c2a142ac3e1051 -> 
  custom:scripting/monoscript/fileName/MainMenuBtns.cs: 7a4c553ed157df86ad49bd371125fa92 -> 
  custom:scripting/monoscript/fileName/WaveformMonitor.cs: 609651ee3f98f206575f684e9cce655d -> 
  custom:scripting/monoscript/fileName/HableCurve.cs: f244b24d6e7c556a2de06e25b0bbf4c1 -> 
  custom:audio-encoder-webm-vorbis: bf7c407c2cedff20999df2af8eb42d56 -> 
  custom:scripting/monoscript/fileName/PropertySheet.cs: e6bb03169eca9d33ea794a47ad6ce213 -> 
  custom:scripting/monoscript/fileName/TargetPool.cs: 6d29560228134c933c12fb1c113fb6ef -> 
  custom:scripting/monoscript/fileName/LogHistogram.cs: bab913d888834a1a8572eb834acec97c -> 
  custom:scripting/monoscript/fileName/ScreenSpaceReflections.cs: 8afa07200328ddfcb2536d4180c62536 -> 
  custom:scripting/precompiled-assembly-types:Assembly-CSharp: 4871bac5146755dc94acd0b06276f62c -> 51bdbbc7743e4ed3f8333c67aed2824c
  custom:scripting/monoscript/fileName/CurveEditor.cs: f5e872b2a5a6427a1785818cb10d95d1 -> 
  custom:scripting/monoscript/fileName/PostProcessResources.cs: 5089c17a701ba9b714a1f3d25fb9a9b0 -> 
  custom:scripting/monoscript/fileName/EffectListEditor.cs: 1ecdb4094d9e64024d6eb7725a86197b -> 
========================================================================
Received Prepare
Caller must complete domain reload
Begin MonoManager ReloadAssembly
- Loaded All Assemblies, in  0.270 seconds
Native extension for WindowsStandalone target not found
[Package Manager] Server::EnsureServerProcessIsRunning -- launch failed, reason: Unity was launched with the -noUpm command-line argument
[Package Manager] UpmClient::Send -- Unable to send message (not connected to UPM process).
[Package Manager] Cannot connect to Unity Package Manager local server
Mono: successfully reloaded assembly
- Finished resetting the current domain, in  0.537 seconds
Domain Reload Profiling: 806ms
	BeginReloadAssembly (102ms)
		ExecutionOrderSort (0ms)
		DisableScriptedObjects (4ms)
		BackupInstance (0ms)
		ReleaseScriptingObjects (0ms)
		CreateAndSetChildDomain (18ms)
	RebuildCommonClasses (21ms)
	RebuildNativeTypeToScriptingClass (6ms)
	initialDomainReloadingComplete (18ms)
	LoadAllAssembliesAndSetupDomain (121ms)
		LoadAssemblies (167ms)
		RebuildTransferFunctionScriptingTraits (0ms)
		AnalyzeDomain (11ms)
			TypeCache.Refresh (4ms)
				TypeCache.ScanAssembly (0ms)
			ScanForSourceGeneratedMonoScriptInfo (0ms)
			ResolveRequiredComponents (4ms)
	FinalizeReload (537ms)
		ReleaseScriptCaches (0ms)
		RebuildScriptCaches (0ms)
		SetupLoadedEditorAssemblies (333ms)
			LogAssemblyErrors (0ms)
			InitializePlatformSupportModulesInManaged (5ms)
			SetLoadedEditorAssemblies (2ms)
			RefreshPlugins (0ms)
			BeforeProcessingInitializeOnLoad (40ms)
			ProcessInitializeOnLoadAttributes (265ms)
			ProcessInitializeOnLoadMethodAttributes (16ms)
			AfterProcessingInitializeOnLoad (4ms)
			EditorAssembliesLoaded (0ms)
		ExecutionOrderSort2 (0ms)
		AwakeInstancesAfterBackupRestoration (7ms)
Refreshing native plugins compatible for Editor in 0.97 ms, found 3 plugins.
Preloading 0 native plugins for Editor in 0.00 ms.
Unloading 3285 Unused Serialized files (Serialized files now loaded: 0)
Unloading 55 unused Assets / (4.3 MB). Loaded Objects now: 4133.
Memory consumption went from 157.4 MB to 153.1 MB.
Total: 3.113900 ms (FindLiveObjects: 0.202100 ms CreateObjectMapping: 0.063100 ms MarkObjects: 2.002500 ms  DeleteObjects: 0.845200 ms)

Prepare: number of updated asset objects reloaded= 0
AssetImportParameters requested are different than current active one (requested -> active):
  custom:scripting/monoscript/fileName/Decorators.cs: 4533f6715dc3f8cdabbd37ff77d1dad7 -> 
  custom:scripting/monoscript/fileName/GlobalSettings.cs: e5eb35b80bdfaee4ead1e1630fd77998 -> 
  custom:scripting/monoscript/fileName/PostProcessEffectBaseEditor.cs: 972bdf00f442be0d879dcb6868e25c8e -> 
  custom:scripting/monoscript/fileName/PostProcessRenderContext.cs: 9e034c8bf7d42a1d6c2d4339915eccb0 -> 
  custom:scripting/monoscript/fileName/Spline.cs: 7876820de12ed89d33ad838af99a030e -> 
  custom:scripting/monoscript/fileName/ColorGrading.cs: ef67493fb3cf9676ba5f25862510a595 -> 
  custom:scripting/monoscript/fileName/Monitor.cs: e0eb5d32b3aade2e0ce8680b00ac2b78 -> 
  custom:scripting/precompiled-assembly-types:Unity.Postprocessing.Runtime: 655cd018e42ac91ed9a03cfbdae17956 -> 
  custom:scripting/monoscript/fileName/TemporalAntialiasing.cs: 71e40fdab49d34f4e07f83936454d904 -> 
  custom:container-demuxer-ogg: 62fdf1f143b41e24485cea50d1cbac27 -> 
  custom:scripting/monoscript/fileName/AmbientOcclusion.cs: 7a27923f9312611f0b2898a72e3ee96a -> 
  custom:scripting/precompiled-assembly-types:Unity.PlasticSCM.Editor: 6422b6ca0d4c4c6df738ede20396ac4f -> 61b19ddb92073bec3b858fc919e16e73
  custom:scripting/monoscript/fileName/PostProcessDebugLayer.cs: 6d8a99809398beddf11f92dfbb0e6ad4 -> 
  custom:scripting/monoscript/fileName/ColorUtilities.cs: 47918ebfa890b947a816b80444ee2882 -> 
  custom:scripting/monoscript/fileName/ParameterOverride.cs: 5475497db741ca919df708e5019e593d -> 
  custom:scripting/monoscript/fileName/TextureLerper.cs: 973e800795f77d61d647ea0c3f0cf284 -> 
  custom:scripting/precompiled-assembly-types:Unity.Postprocessing.Editor: 23b49e25b965492466cd147d7735360a -> 
  custom:scripting/monoscript/fileName/Vignette.cs: e0b99ac31b7575ef776e7be56647abb0 -> 
  custom:scripting/monoscript/fileName/DepthOfFieldEditor.cs: 64cce655bf722c851048e2ebbf401a7b -> 
  custom:scripting/monoscript/fileName/DefaultPostProcessEffectEditor.cs: 06a1d8fcea7725e08b95f21cc15fd0a1 -> 
  custom:scripting/monoscript/fileName/MainMenuGUI.cs: 091df4f91c57b9accec9de62246fca77 -> 
  custom:scripting/monoscript/fileName/PostProcessLayer.cs: aa288976158dcd4c24041d5304f25d07 -> 
  custom:video-codec-MediaFoundation-h265: 746d11721c4dcdbdad8f713fa42b33f4 -> 
  custom:scripting/monoscript/fileName/MaxAttribute.cs: d661645ab8c724f24b3e19978e87b44c -> 
  custom:scripting/monoscript/fileName/PostProcessDebugEditor.cs: 1a0488d8742bf880cc7334e53e2cc73d -> 
  custom:video-decoder-ogg-theora: a1e56fd34408186e4bbccfd4996cb3dc -> 
  custom:scripting/monoscript/fileName/SerializedParameterOverride.cs: 5e4deaf96895d013d32a8e84ec179f8e -> 
  custom:scripting/monoscript/fileName/MeshUtilities.cs: dc5356b699afd34cf9728f4d65b476a0 -> 
  custom:scripting/monoscript/fileName/AmbientOcclusionEditor.cs: 61e5422c29b8f52188d508eb7d382167 -> 
  custom:scripting/monoscript/fileName/LoadScene.cs: 206f1b3f828a012e3128d4c1e305d0fb -> 
  custom:scripting/monoscript/fileName/FastApproximateAntialiasing.cs: bf5588b2deec2689a812a7d2eacd9bd5 -> 
  custom:scripting/monoscript/fileName/MotionBlur.cs: 823914e335803785a19e5990c6ab2911 -> 
  custom:scripting/monoscript/fileName/DefineSetter.cs: 292ba08e52064b1a72f8d4bb04301dd3 -> 
  custom:framework-win-MediaFoundation: 216162199b28c13a410421893ffa2e32 -> 
  custom:scripting/monoscript/fileName/ShaderIDs.cs: 96024f1f873475da65a783f1404f9117 -> 
  custom:scripting/monoscript/fileName/PostProcessEditorAttribute.cs: 672a58b4d5bab60112487a31c361c481 -> 
  custom:scripting/monoscript/fileName/LensDistortionEditor.cs: dee045d29944d55e8040435a58a7ce90 -> 
  custom:scripting/monoscript/fileName/MotionBlurEditor.cs: 3bd8d3e7e9a7ea94beb2e5517b62d27b -> 
  custom:scripting/monoscript/fileName/Dithering.cs: 3014fffaa718d0ad6dd2c7bb7956ed46 -> 
  custom:scripting/monoscript/fileName/DecoratorAttribute.cs: be5bd39119e1a41ea1a019fdb3818a3f -> 
  custom:scripting/monoscript/fileName/DisplayNameAttribute.cs: 935a6ac504eb8a852fba40cbcae9292c -> 
  custom:scripting/monoscript/fileName/PostProcessEffectSettings.cs: 2ab9d33170e863b1a9c8a9079cdd12aa -> 
  custom:scripting/monoscript/fileName/Fog.cs: 07e271953e2bcf8513b6a72a2737e767 -> 
  custom:scripting/monoscript/fileName/PostProcessManager.cs: 28ef7780d543a8111635e1f5051383d0 -> 
  custom:scripting/monoscript/fileName/VolumeFactory.cs: cc77136700c9e1ff894d234886ccb852 -> 
  custom:scripting/precompiled-assembly-types:Unity.Timeline.Editor: b4313fba5652ee5a8449f3ec85f31ae4 -> 534d7c71c4dd9147ea00599cede121e1
  custom:CustomObjectIndexerAttribute: 9a22284fe3817be447336de3de66b15e -> 
  custom:scripting/monoscript/fileName/PostProcessEvent.cs: 8fb6e54ff2cf1a8be7ecdd01fbdd78f8 -> 
  custom:scripting/monoscript/fileName/TrackballAttribute.cs: 8dea8f77de7bd03137cc578af1ea6656 -> 
  custom:scripting/monoscript/fileName/TrackballDecorator.cs: 6a2b6c747937d12d8d81be8f5b21fbd2 -> 
  custom:scripting/monoscript/fileName/MultiScaleVO.cs: d4c4732956ffb536e016475d75f04c43 -> 
  custom:scripting/monoscript/fileName/CubeLutAssetFactory.cs: db1961888d7cabf6be94b37e3b663de4 -> 
  custom:container-demuxer-webm: 4f35f7cbe854078d1ac9338744f61a02 -> 
  custom:scripting/monoscript/fileName/PostProcessVolumeEditor.cs: 7aae71821512dcac422c45dc773293c3 -> 
  custom:scripting/monoscript/fileName/ChromaticAberration.cs: 4d59e57f8324f5f986e16678ed451410 -> 
  custom:scripting/monoscript/fileName/VignetteEditor.cs: 345736fc911c5e8ab23e579751a40e4a -> 
  custom:scripting/monoscript/fileName/Styling.cs: d1c4aa14ff93670753edfbb93fc91bfe -> 
  custom:scripting/monoscript/fileName/PostProcessEffectRendererExtensions.cs: e953624d113e7e1739c702512603957d -> 
  custom:scripting/monoscript/fileName/ScalableAO.cs: 2f29d71d59b754086c809cfee1cdce34 -> 
  custom:scripting/monoscript/fileName/PostProcessLayerEditor.cs: d16de665ece05cd6e27dcc8d7bac4b9a -> 
  custom:scripting/monoscript/fileName/MinMaxAttribute.cs: a4b6ac8a4377612c7135a60f905792f1 -> 
  custom:scripting/monoscript/fileName/SubpixelMorphologicalAntialiasing.cs: 02dcb8839824addec278047da0509aea -> 
  custom:scripting/monoscript/fileName/BaseEditor.cs: 90647cc400823b41df847a6cbfc29026 -> 
  custom:container-muxer-webm: aa71ff27fc2769a1b78a27578f13a17b -> 
  custom:video-decoder-webm-vp8: 9c59270c3fd7afecdb556c50c9e8de78 -> 
  custom:SearchIndexIgnoredProperties: e643bd26f0fe6173181afceb89e7c659 -> 
  custom:scripting/monoscript/fileName/ChromaticAberrationEditor.cs: 3043bf57519b71f64b7a6de970c2487b -> 
  custom:scripting/monoscript/fileName/PostProcessEffectRenderer.cs: 577c5acf8157ecea944bb95c8c6d9a95 -> 
  custom:AudioImporter_EditorPlatform: d09bf68614088b80899f8185d706f6e7 -> 
  custom:scripting/monoscript/fileName/TextureFormatUtilities.cs: ba58c57cfaabc0f8201a9ca6902fcb23 -> 
  custom:scripting/monoscript/fileName/PostProcessVolume.cs: 3883cef4be0567c54caf457a416a2095 -> 
  custom:scripting/monoscript/fileName/LightMeterMonitor.cs: a897ae0c731cb153281aea9ecd0efb03 -> 
  custom:scripting/monoscript/fileName/ColorGradingEditor.cs: 25838050e3e1f12ef51713a5dcf60349 -> 
  custom:scripting/monoscript/fileName/AttributeDecorator.cs: 39b465f08cd0a5df82fc2ef70b766ca2 -> 
  custom:scripting/monoscript/fileName/AutoExposureEditor.cs: dfd15824649ea346b717bc72a871d75b -> 
  custom:scripting/precompiled-assembly-types:Unity.VisualScripting.Core.Editor: 1ac958119c4ad755d50390246b13522a -> 39597c0f3a76e24d87d64afa59c5f88d
  custom:scripting/monoscript/fileName/LensDistortion.cs: b7963bb1da21ba484a7b59b9f6ea3aec -> 
  custom:scripting/monoscript/fileName/ResourceAssetFactory.cs: bf6acc988648d854bb3c5751325d0d0a -> 
  custom:scripting/precompiled-assembly-types:UnityEngine.TestRunner: 7a4d96a0696e29157328c6996c3b82c5 -> f5758234275f5346968d00e3b1a1c0e4
  custom:scripting/monoscript/fileName/PostProcessProfileEditor.cs: 1dcd55858a4126cb33b0f2de53c74fbe -> 
  custom:scripting/monoscript/fileName/PostProcessDebug.cs: a653e9b773649e7452b035b4ce1dae82 -> 
  custom:scripting/monoscript/fileName/PostProcessAttribute.cs: e125947bf72ce7382f3b16f75797c897 -> 
  custom:scripting/monoscript/fileName/QuitGame.cs: 5096369e521a632ecaa19ef6bb193ad3 -> 
  custom:scripting/monoscript/fileName/Grain.cs: 43f09a87a88d9937fbb9c4dbf3d5508e -> 
  custom:scripting/monoscript/fileName/HistogramMonitor.cs: 6fd024409d6e9db8d4c2c4e26430c2ad -> 
  custom:scripting/monoscript/fileName/PostProcessProfile.cs: f6dc030e2e953b2ed0eca334cce5d5cf -> 
  custom:scripting/monoscript/fileName/ProfileFactory.cs: f835845dfebfed501813f60a1cb006a3 -> 
  custom:scripting/monoscript/fileName/PostProcessEffectEditor.cs: 90647cc400823b41df847a6cbfc29026 -> 
  custom:scripting/monoscript/fileName/CubeLutAssetImporter.cs: 5e94ca4c74dad11cc8880f33d0ba9efb -> 
  custom:scripting/monoscript/fileName/PostProcessBundle.cs: f610f855c8ae8b896b5084e85ede373e -> 
  custom:scripting/monoscript/fileName/ScreenSpaceReflectionsEditor.cs: 59c13ba25de6098e70bafe8be94f609a -> 
  custom:video-encoder-webm-vp8: eb34c28f22e8b96e1ab97ce403110664 -> 
  custom:scripting/monoscript/fileName/RuntimeUtilities.cs: 76964d36e50cc48cfa29643bdde8d9a5 -> 
  custom:scripting/monoscript/fileName/Bloom.cs: 6f6d579a64201b97313a62a1e91b3575 -> 
  custom:audio-decoder-ogg-vorbis: bf7c407c2cedff20999df2af8eb42d56 -> 
  custom:scripting/monoscript/fileName/AutoExposure.cs: 0e7c21b17f53209ee8c5c61ab59d7835 -> 
  custom:scripting/monoscript/fileName/VectorscopeMonitor.cs: cb70c6437b976f01b752cd219cc47f32 -> 
  custom:scripting/monoscript/fileName/PropertySheetFactory.cs: cfc4667cc03e44252fafe18d99f24b25 -> 
  custom:scripting/monoscript/fileName/EditorUtilities.cs: 53a52fb113757c42f9c516115bd845ca -> 
  custom:scripting/monoscript/fileName/HaltonSeq.cs: a7590e55d6fae5328a1c395a2473d0cf -> 
  custom:scripting/monoscript/fileName/MinAttribute.cs: a3e7473301291585f4cca024ce307406 -> 
  custom:scripting/monoscript/fileName/DepthOfField.cs: d62178d8b5619f59fcdd6d24617ef5fd -> 
  custom:scripting/monoscript/fileName/BloomEditor.cs: c341bb26b40744c3a5c2a142ac3e1051 -> 
  custom:scripting/monoscript/fileName/MainMenuBtns.cs: 7a4c553ed157df86ad49bd371125fa92 -> 
  custom:scripting/monoscript/fileName/WaveformMonitor.cs: 609651ee3f98f206575f684e9cce655d -> 
  custom:scripting/monoscript/fileName/HableCurve.cs: f244b24d6e7c556a2de06e25b0bbf4c1 -> 
  custom:audio-encoder-webm-vorbis: bf7c407c2cedff20999df2af8eb42d56 -> 
  custom:scripting/monoscript/fileName/PropertySheet.cs: e6bb03169eca9d33ea794a47ad6ce213 -> 
  custom:scripting/monoscript/fileName/TargetPool.cs: 6d29560228134c933c12fb1c113fb6ef -> 
  custom:scripting/monoscript/fileName/LogHistogram.cs: bab913d888834a1a8572eb834acec97c -> 
  custom:scripting/monoscript/fileName/ScreenSpaceReflections.cs: 8afa07200328ddfcb2536d4180c62536 -> 
  custom:scripting/precompiled-assembly-types:Assembly-CSharp: 4871bac5146755dc94acd0b06276f62c -> 51bdbbc7743e4ed3f8333c67aed2824c
  custom:scripting/monoscript/fileName/CurveEditor.cs: f5e872b2a5a6427a1785818cb10d95d1 -> 
  custom:scripting/monoscript/fileName/PostProcessResources.cs: 5089c17a701ba9b714a1f3d25fb9a9b0 -> 
  custom:scripting/monoscript/fileName/EffectListEditor.cs: 1ecdb4094d9e64024d6eb7725a86197b -> 
========================================================================
Received Import Request.
  Time since last request: 85.062040 seconds.
  path: Assets/MyAssets/Materials/VolcanoSmokeMaterial.mat
  artifactKey: Guid(77a722ed217315140a1a4cb5e24424a3) Importer(815301076,1909f56bfc062723c751e8b465ee728b)
Start importing Assets/MyAssets/Materials/VolcanoSmokeMaterial.mat using Guid(77a722ed217315140a1a4cb5e24424a3) Importer(815301076,1909f56bfc062723c751e8b465ee728b) [PhysX] Initialized MultithreadedTaskDispatcher with 32 workers.
[PhysX] Initialized MultithreadedTaskDispatcher with 32 workers.
 -> (artifact id: '9526c6cf373280e17c179be271c4fb71') in 0.070736 seconds
Number of updated asset objects reloaded before import = 0
Number of asset objects unloaded after import = 1
========================================================================
Received Prepare
Caller must complete domain reload
Begin MonoManager ReloadAssembly
- Loaded All Assemblies, in  0.283 seconds
Native extension for WindowsStandalone target not found
[Package Manager] Server::EnsureServerProcessIsRunning -- launch failed, reason: Unity was launched with the -noUpm command-line argument
[Package Manager] UpmClient::Send -- Unable to send message (not connected to UPM process).
[Package Manager] Cannot connect to Unity Package Manager local server
Mono: successfully reloaded assembly
- Finished resetting the current domain, in  0.519 seconds
Domain Reload Profiling: 801ms
	BeginReloadAssembly (99ms)
		ExecutionOrderSort (0ms)
		DisableScriptedObjects (3ms)
		BackupInstance (0ms)
		ReleaseScriptingObjects (0ms)
		CreateAndSetChildDomain (22ms)
	RebuildCommonClasses (21ms)
	RebuildNativeTypeToScriptingClass (7ms)
	initialDomainReloadingComplete (19ms)
	LoadAllAssembliesAndSetupDomain (137ms)
		LoadAssemblies (177ms)
		RebuildTransferFunctionScriptingTraits (0ms)
		AnalyzeDomain (10ms)
			TypeCache.Refresh (5ms)
				TypeCache.ScanAssembly (0ms)
			ScanForSourceGeneratedMonoScriptInfo (0ms)
			ResolveRequiredComponents (4ms)
	FinalizeReload (519ms)
		ReleaseScriptCaches (0ms)
		RebuildScriptCaches (0ms)
		SetupLoadedEditorAssemblies (301ms)
			LogAssemblyErrors (0ms)
			InitializePlatformSupportModulesInManaged (4ms)
			SetLoadedEditorAssemblies (2ms)
			RefreshPlugins (0ms)
			BeforeProcessingInitializeOnLoad (36ms)
			ProcessInitializeOnLoadAttributes (236ms)
			ProcessInitializeOnLoadMethodAttributes (19ms)
			AfterProcessingInitializeOnLoad (4ms)
			EditorAssembliesLoaded (0ms)
		ExecutionOrderSort2 (0ms)
		AwakeInstancesAfterBackupRestoration (7ms)
Refreshing native plugins compatible for Editor in 2.14 ms, found 3 plugins.
Preloading 0 native plugins for Editor in 0.00 ms.
Unloading 3284 Unused Serialized files (Serialized files now loaded: 0)
Unloading 55 unused Assets / (4.3 MB). Loaded Objects now: 4136.
Memory consumption went from 157.1 MB to 152.8 MB.
Total: 3.779800 ms (FindLiveObjects: 0.264200 ms CreateObjectMapping: 0.064000 ms MarkObjects: 2.236200 ms  DeleteObjects: 1.214300 ms)

Prepare: number of updated asset objects reloaded= 0
AssetImportParameters requested are different than current active one (requested -> active):
  custom:scripting/monoscript/fileName/Decorators.cs: 4533f6715dc3f8cdabbd37ff77d1dad7 -> 
  custom:scripting/monoscript/fileName/GlobalSettings.cs: e5eb35b80bdfaee4ead1e1630fd77998 -> 
  custom:scripting/monoscript/fileName/PostProcessEffectBaseEditor.cs: 972bdf00f442be0d879dcb6868e25c8e -> 
  custom:scripting/monoscript/fileName/PostProcessRenderContext.cs: 9e034c8bf7d42a1d6c2d4339915eccb0 -> 
  custom:scripting/monoscript/fileName/Spline.cs: 7876820de12ed89d33ad838af99a030e -> 
  custom:scripting/monoscript/fileName/ColorGrading.cs: ef67493fb3cf9676ba5f25862510a595 -> 
  custom:scripting/monoscript/fileName/Monitor.cs: e0eb5d32b3aade2e0ce8680b00ac2b78 -> 
  custom:scripting/precompiled-assembly-types:Unity.Postprocessing.Runtime: 655cd018e42ac91ed9a03cfbdae17956 -> 
  custom:scripting/monoscript/fileName/TemporalAntialiasing.cs: 71e40fdab49d34f4e07f83936454d904 -> 
  custom:container-demuxer-ogg: 62fdf1f143b41e24485cea50d1cbac27 -> 
  custom:scripting/monoscript/fileName/AmbientOcclusion.cs: 7a27923f9312611f0b2898a72e3ee96a -> 
  custom:scripting/precompiled-assembly-types:Unity.PlasticSCM.Editor: 6422b6ca0d4c4c6df738ede20396ac4f -> 61b19ddb92073bec3b858fc919e16e73
  custom:scripting/monoscript/fileName/PostProcessDebugLayer.cs: 6d8a99809398beddf11f92dfbb0e6ad4 -> 
  custom:scripting/monoscript/fileName/ColorUtilities.cs: 47918ebfa890b947a816b80444ee2882 -> 
  custom:scripting/monoscript/fileName/ParameterOverride.cs: 5475497db741ca919df708e5019e593d -> 
  custom:scripting/monoscript/fileName/TextureLerper.cs: 973e800795f77d61d647ea0c3f0cf284 -> 
  custom:scripting/precompiled-assembly-types:Unity.Postprocessing.Editor: 23b49e25b965492466cd147d7735360a -> 
  custom:scripting/monoscript/fileName/Vignette.cs: e0b99ac31b7575ef776e7be56647abb0 -> 
  custom:scripting/monoscript/fileName/DepthOfFieldEditor.cs: 64cce655bf722c851048e2ebbf401a7b -> 
  custom:scripting/monoscript/fileName/DefaultPostProcessEffectEditor.cs: 06a1d8fcea7725e08b95f21cc15fd0a1 -> 
  custom:scripting/monoscript/fileName/MainMenuGUI.cs: 091df4f91c57b9accec9de62246fca77 -> 
  custom:scripting/monoscript/fileName/PostProcessLayer.cs: aa288976158dcd4c24041d5304f25d07 -> 
  custom:video-codec-MediaFoundation-h265: 746d11721c4dcdbdad8f713fa42b33f4 -> 
  custom:scripting/monoscript/fileName/MaxAttribute.cs: d661645ab8c724f24b3e19978e87b44c -> 
  custom:scripting/monoscript/fileName/PostProcessDebugEditor.cs: 1a0488d8742bf880cc7334e53e2cc73d -> 
  custom:video-decoder-ogg-theora: a1e56fd34408186e4bbccfd4996cb3dc -> 
  custom:scripting/monoscript/fileName/SerializedParameterOverride.cs: 5e4deaf96895d013d32a8e84ec179f8e -> 
  custom:scripting/monoscript/fileName/MeshUtilities.cs: dc5356b699afd34cf9728f4d65b476a0 -> 
  custom:scripting/monoscript/fileName/AmbientOcclusionEditor.cs: 61e5422c29b8f52188d508eb7d382167 -> 
  custom:scripting/monoscript/fileName/LoadScene.cs: 206f1b3f828a012e3128d4c1e305d0fb -> 
  custom:scripting/monoscript/fileName/FastApproximateAntialiasing.cs: bf5588b2deec2689a812a7d2eacd9bd5 -> 
  custom:scripting/monoscript/fileName/MotionBlur.cs: 823914e335803785a19e5990c6ab2911 -> 
  custom:scripting/monoscript/fileName/DefineSetter.cs: 292ba08e52064b1a72f8d4bb04301dd3 -> 
  custom:framework-win-MediaFoundation: 216162199b28c13a410421893ffa2e32 -> 
  custom:scripting/monoscript/fileName/ShaderIDs.cs: 96024f1f873475da65a783f1404f9117 -> 
  custom:scripting/monoscript/fileName/PostProcessEditorAttribute.cs: 672a58b4d5bab60112487a31c361c481 -> 
  custom:scripting/monoscript/fileName/LensDistortionEditor.cs: dee045d29944d55e8040435a58a7ce90 -> 
  custom:scripting/monoscript/fileName/MotionBlurEditor.cs: 3bd8d3e7e9a7ea94beb2e5517b62d27b -> 
  custom:scripting/monoscript/fileName/Dithering.cs: 3014fffaa718d0ad6dd2c7bb7956ed46 -> 
  custom:scripting/monoscript/fileName/DecoratorAttribute.cs: be5bd39119e1a41ea1a019fdb3818a3f -> 
  custom:scripting/monoscript/fileName/DisplayNameAttribute.cs: 935a6ac504eb8a852fba40cbcae9292c -> 
  custom:scripting/monoscript/fileName/PostProcessEffectSettings.cs: 2ab9d33170e863b1a9c8a9079cdd12aa -> 
  custom:scripting/monoscript/fileName/Fog.cs: 07e271953e2bcf8513b6a72a2737e767 -> 
  custom:scripting/monoscript/fileName/PostProcessManager.cs: 28ef7780d543a8111635e1f5051383d0 -> 
  custom:scripting/monoscript/fileName/VolumeFactory.cs: cc77136700c9e1ff894d234886ccb852 -> 
  custom:scripting/precompiled-assembly-types:Unity.Timeline.Editor: b4313fba5652ee5a8449f3ec85f31ae4 -> 534d7c71c4dd9147ea00599cede121e1
  custom:CustomObjectIndexerAttribute: 9a22284fe3817be447336de3de66b15e -> 
  custom:scripting/monoscript/fileName/PostProcessEvent.cs: 8fb6e54ff2cf1a8be7ecdd01fbdd78f8 -> 
  custom:scripting/monoscript/fileName/TrackballAttribute.cs: 8dea8f77de7bd03137cc578af1ea6656 -> 
  custom:scripting/monoscript/fileName/TrackballDecorator.cs: 6a2b6c747937d12d8d81be8f5b21fbd2 -> 
  custom:scripting/monoscript/fileName/MultiScaleVO.cs: d4c4732956ffb536e016475d75f04c43 -> 
  custom:scripting/monoscript/fileName/CubeLutAssetFactory.cs: db1961888d7cabf6be94b37e3b663de4 -> 
  custom:container-demuxer-webm: 4f35f7cbe854078d1ac9338744f61a02 -> 
  custom:scripting/monoscript/fileName/PostProcessVolumeEditor.cs: 7aae71821512dcac422c45dc773293c3 -> 
  custom:scripting/monoscript/fileName/ChromaticAberration.cs: 4d59e57f8324f5f986e16678ed451410 -> 
  custom:scripting/monoscript/fileName/VignetteEditor.cs: 345736fc911c5e8ab23e579751a40e4a -> 
  custom:scripting/monoscript/fileName/Styling.cs: d1c4aa14ff93670753edfbb93fc91bfe -> 
  custom:scripting/monoscript/fileName/PostProcessEffectRendererExtensions.cs: e953624d113e7e1739c702512603957d -> 
  custom:scripting/monoscript/fileName/ScalableAO.cs: 2f29d71d59b754086c809cfee1cdce34 -> 
  custom:scripting/monoscript/fileName/PostProcessLayerEditor.cs: d16de665ece05cd6e27dcc8d7bac4b9a -> 
  custom:scripting/monoscript/fileName/MinMaxAttribute.cs: a4b6ac8a4377612c7135a60f905792f1 -> 
  custom:scripting/monoscript/fileName/SubpixelMorphologicalAntialiasing.cs: 02dcb8839824addec278047da0509aea -> 
  custom:scripting/monoscript/fileName/BaseEditor.cs: 90647cc400823b41df847a6cbfc29026 -> 
  custom:container-muxer-webm: aa71ff27fc2769a1b78a27578f13a17b -> 
  custom:video-decoder-webm-vp8: 9c59270c3fd7afecdb556c50c9e8de78 -> 
  custom:SearchIndexIgnoredProperties: e643bd26f0fe6173181afceb89e7c659 -> 
  custom:scripting/monoscript/fileName/ChromaticAberrationEditor.cs: 3043bf57519b71f64b7a6de970c2487b -> 
  custom:scripting/monoscript/fileName/PostProcessEffectRenderer.cs: 577c5acf8157ecea944bb95c8c6d9a95 -> 
  custom:AudioImporter_EditorPlatform: d09bf68614088b80899f8185d706f6e7 -> 
  custom:scripting/monoscript/fileName/TextureFormatUtilities.cs: ba58c57cfaabc0f8201a9ca6902fcb23 -> 
  custom:scripting/monoscript/fileName/PostProcessVolume.cs: 3883cef4be0567c54caf457a416a2095 -> 
  custom:scripting/monoscript/fileName/LightMeterMonitor.cs: a897ae0c731cb153281aea9ecd0efb03 -> 
  custom:scripting/monoscript/fileName/ColorGradingEditor.cs: 25838050e3e1f12ef51713a5dcf60349 -> 
  custom:scripting/monoscript/fileName/AttributeDecorator.cs: 39b465f08cd0a5df82fc2ef70b766ca2 -> 
  custom:scripting/monoscript/fileName/AutoExposureEditor.cs: dfd15824649ea346b717bc72a871d75b -> 
  custom:scripting/precompiled-assembly-types:Unity.VisualScripting.Core.Editor: 1ac958119c4ad755d50390246b13522a -> 39597c0f3a76e24d87d64afa59c5f88d
  custom:scripting/monoscript/fileName/LensDistortion.cs: b7963bb1da21ba484a7b59b9f6ea3aec -> 
  custom:scripting/monoscript/fileName/ResourceAssetFactory.cs: bf6acc988648d854bb3c5751325d0d0a -> 
  custom:scripting/precompiled-assembly-types:UnityEngine.TestRunner: 7a4d96a0696e29157328c6996c3b82c5 -> f5758234275f5346968d00e3b1a1c0e4
  custom:scripting/monoscript/fileName/PostProcessProfileEditor.cs: 1dcd55858a4126cb33b0f2de53c74fbe -> 
  custom:scripting/monoscript/fileName/PostProcessDebug.cs: a653e9b773649e7452b035b4ce1dae82 -> 
  custom:scripting/monoscript/fileName/PostProcessAttribute.cs: e125947bf72ce7382f3b16f75797c897 -> 
  custom:scripting/monoscript/fileName/QuitGame.cs: 5096369e521a632ecaa19ef6bb193ad3 -> 
  custom:scripting/monoscript/fileName/Grain.cs: 43f09a87a88d9937fbb9c4dbf3d5508e -> 
  custom:scripting/monoscript/fileName/HistogramMonitor.cs: 6fd024409d6e9db8d4c2c4e26430c2ad -> 
  custom:scripting/monoscript/fileName/PostProcessProfile.cs: f6dc030e2e953b2ed0eca334cce5d5cf -> 
  custom:scripting/monoscript/fileName/ProfileFactory.cs: f835845dfebfed501813f60a1cb006a3 -> 
  custom:scripting/monoscript/fileName/PostProcessEffectEditor.cs: 90647cc400823b41df847a6cbfc29026 -> 
  custom:scripting/monoscript/fileName/CubeLutAssetImporter.cs: 5e94ca4c74dad11cc8880f33d0ba9efb -> 
  custom:scripting/monoscript/fileName/PostProcessBundle.cs: f610f855c8ae8b896b5084e85ede373e -> 
  custom:scripting/monoscript/fileName/ScreenSpaceReflectionsEditor.cs: 59c13ba25de6098e70bafe8be94f609a -> 
  custom:video-encoder-webm-vp8: eb34c28f22e8b96e1ab97ce403110664 -> 
  custom:scripting/monoscript/fileName/RuntimeUtilities.cs: 76964d36e50cc48cfa29643bdde8d9a5 -> 
  custom:scripting/monoscript/fileName/Bloom.cs: 6f6d579a64201b97313a62a1e91b3575 -> 
  custom:audio-decoder-ogg-vorbis: bf7c407c2cedff20999df2af8eb42d56 -> 
  custom:scripting/monoscript/fileName/AutoExposure.cs: 0e7c21b17f53209ee8c5c61ab59d7835 -> 
  custom:scripting/monoscript/fileName/VectorscopeMonitor.cs: cb70c6437b976f01b752cd219cc47f32 -> 
  custom:scripting/monoscript/fileName/PropertySheetFactory.cs: cfc4667cc03e44252fafe18d99f24b25 -> 
  custom:scripting/monoscript/fileName/EditorUtilities.cs: 53a52fb113757c42f9c516115bd845ca -> 
  custom:scripting/monoscript/fileName/HaltonSeq.cs: a7590e55d6fae5328a1c395a2473d0cf -> 
  custom:scripting/monoscript/fileName/MinAttribute.cs: a3e7473301291585f4cca024ce307406 -> 
  custom:scripting/monoscript/fileName/DepthOfField.cs: d62178d8b5619f59fcdd6d24617ef5fd -> 
  custom:scripting/monoscript/fileName/BloomEditor.cs: c341bb26b40744c3a5c2a142ac3e1051 -> 
  custom:scripting/monoscript/fileName/MainMenuBtns.cs: 7a4c553ed157df86ad49bd371125fa92 -> 
  custom:scripting/monoscript/fileName/WaveformMonitor.cs: 609651ee3f98f206575f684e9cce655d -> 
  custom:scripting/monoscript/fileName/HableCurve.cs: f244b24d6e7c556a2de06e25b0bbf4c1 -> 
  custom:audio-encoder-webm-vorbis: bf7c407c2cedff20999df2af8eb42d56 -> 
  custom:scripting/monoscript/fileName/PropertySheet.cs: e6bb03169eca9d33ea794a47ad6ce213 -> 
  custom:scripting/monoscript/fileName/TargetPool.cs: 6d29560228134c933c12fb1c113fb6ef -> 
  custom:scripting/monoscript/fileName/LogHistogram.cs: bab913d888834a1a8572eb834acec97c -> 
  custom:scripting/monoscript/fileName/ScreenSpaceReflections.cs: 8afa07200328ddfcb2536d4180c62536 -> 
  custom:scripting/precompiled-assembly-types:Assembly-CSharp: 4871bac5146755dc94acd0b06276f62c -> 51bdbbc7743e4ed3f8333c67aed2824c
  custom:scripting/monoscript/fileName/CurveEditor.cs: f5e872b2a5a6427a1785818cb10d95d1 -> 
  custom:scripting/monoscript/fileName/PostProcessResources.cs: 5089c17a701ba9b714a1f3d25fb9a9b0 -> 
  custom:scripting/monoscript/fileName/EffectListEditor.cs: 1ecdb4094d9e64024d6eb7725a86197b -> 
========================================================================
Received Prepare
Caller must complete domain reload
Begin MonoManager ReloadAssembly
- Loaded All Assemblies, in  0.282 seconds
Native extension for WindowsStandalone target not found
[Package Manager] Server::EnsureServerProcessIsRunning -- launch failed, reason: Unity was launched with the -noUpm command-line argument
[Package Manager] UpmClient::Send -- Unable to send message (not connected to UPM process).
[Package Manager] Cannot connect to Unity Package Manager local server
Mono: successfully reloaded assembly
- Finished resetting the current domain, in  0.546 seconds
Domain Reload Profiling: 827ms
	BeginReloadAssembly (110ms)
		ExecutionOrderSort (0ms)
		DisableScriptedObjects (3ms)
		BackupInstance (0ms)
		ReleaseScriptingObjects (0ms)
		CreateAndSetChildDomain (24ms)
	RebuildCommonClasses (20ms)
	RebuildNativeTypeToScriptingClass (6ms)
	initialDomainReloadingComplete (18ms)
	LoadAllAssembliesAndSetupDomain (127ms)
		LoadAssemblies (166ms)
		RebuildTransferFunctionScriptingTraits (0ms)
		AnalyzeDomain (13ms)
			TypeCache.Refresh (5ms)
				TypeCache.ScanAssembly (0ms)
			ScanForSourceGeneratedMonoScriptInfo (0ms)
			ResolveRequiredComponents (5ms)
	FinalizeReload (546ms)
		ReleaseScriptCaches (0ms)
		RebuildScriptCaches (0ms)
		SetupLoadedEditorAssemblies (338ms)
			LogAssemblyErrors (0ms)
			InitializePlatformSupportModulesInManaged (4ms)
			SetLoadedEditorAssemblies (2ms)
			RefreshPlugins (0ms)
			BeforeProcessingInitializeOnLoad (37ms)
			ProcessInitializeOnLoadAttributes (274ms)
			ProcessInitializeOnLoadMethodAttributes (17ms)
			AfterProcessingInitializeOnLoad (4ms)
			EditorAssembliesLoaded (0ms)
		ExecutionOrderSort2 (0ms)
		AwakeInstancesAfterBackupRestoration (6ms)
Refreshing native plugins compatible for Editor in 1.19 ms, found 3 plugins.
Preloading 0 native plugins for Editor in 0.00 ms.
Unloading 3285 Unused Serialized files (Serialized files now loaded: 0)
Unloading 55 unused Assets / (4.3 MB). Loaded Objects now: 4139.
Memory consumption went from 157.4 MB to 153.1 MB.
Total: 3.572200 ms (FindLiveObjects: 0.222200 ms CreateObjectMapping: 0.064400 ms MarkObjects: 2.224800 ms  DeleteObjects: 1.060100 ms)

Prepare: number of updated asset objects reloaded= 0
AssetImportParameters requested are different than current active one (requested -> active):
  custom:scripting/monoscript/fileName/Decorators.cs: 4533f6715dc3f8cdabbd37ff77d1dad7 -> 
  custom:scripting/monoscript/fileName/GlobalSettings.cs: e5eb35b80bdfaee4ead1e1630fd77998 -> 
  custom:scripting/monoscript/fileName/PostProcessEffectBaseEditor.cs: 972bdf00f442be0d879dcb6868e25c8e -> 
  custom:scripting/monoscript/fileName/PostProcessRenderContext.cs: 9e034c8bf7d42a1d6c2d4339915eccb0 -> 
  custom:scripting/monoscript/fileName/Spline.cs: 7876820de12ed89d33ad838af99a030e -> 
  custom:scripting/monoscript/fileName/ColorGrading.cs: ef67493fb3cf9676ba5f25862510a595 -> 
  custom:scripting/monoscript/fileName/Monitor.cs: e0eb5d32b3aade2e0ce8680b00ac2b78 -> 
  custom:scripting/precompiled-assembly-types:Unity.Postprocessing.Runtime: 655cd018e42ac91ed9a03cfbdae17956 -> 
  custom:scripting/monoscript/fileName/TemporalAntialiasing.cs: 71e40fdab49d34f4e07f83936454d904 -> 
  custom:container-demuxer-ogg: 62fdf1f143b41e24485cea50d1cbac27 -> 
  custom:scripting/monoscript/fileName/AmbientOcclusion.cs: 7a27923f9312611f0b2898a72e3ee96a -> 
  custom:scripting/precompiled-assembly-types:Unity.PlasticSCM.Editor: 6422b6ca0d4c4c6df738ede20396ac4f -> 61b19ddb92073bec3b858fc919e16e73
  custom:scripting/monoscript/fileName/PostProcessDebugLayer.cs: 6d8a99809398beddf11f92dfbb0e6ad4 -> 
  custom:scripting/monoscript/fileName/ColorUtilities.cs: 47918ebfa890b947a816b80444ee2882 -> 
  custom:scripting/monoscript/fileName/ParameterOverride.cs: 5475497db741ca919df708e5019e593d -> 
  custom:scripting/monoscript/fileName/TextureLerper.cs: 973e800795f77d61d647ea0c3f0cf284 -> 
  custom:scripting/precompiled-assembly-types:Unity.Postprocessing.Editor: 23b49e25b965492466cd147d7735360a -> 
  custom:scripting/monoscript/fileName/Vignette.cs: e0b99ac31b7575ef776e7be56647abb0 -> 
  custom:scripting/monoscript/fileName/DepthOfFieldEditor.cs: 64cce655bf722c851048e2ebbf401a7b -> 
  custom:scripting/monoscript/fileName/DefaultPostProcessEffectEditor.cs: 06a1d8fcea7725e08b95f21cc15fd0a1 -> 
  custom:scripting/monoscript/fileName/MainMenuGUI.cs: 091df4f91c57b9accec9de62246fca77 -> 
  custom:scripting/monoscript/fileName/PostProcessLayer.cs: aa288976158dcd4c24041d5304f25d07 -> 
  custom:video-codec-MediaFoundation-h265: 746d11721c4dcdbdad8f713fa42b33f4 -> 
  custom:scripting/monoscript/fileName/MaxAttribute.cs: d661645ab8c724f24b3e19978e87b44c -> 
  custom:scripting/monoscript/fileName/PostProcessDebugEditor.cs: 1a0488d8742bf880cc7334e53e2cc73d -> 
  custom:video-decoder-ogg-theora: a1e56fd34408186e4bbccfd4996cb3dc -> 
  custom:scripting/monoscript/fileName/SerializedParameterOverride.cs: 5e4deaf96895d013d32a8e84ec179f8e -> 
  custom:scripting/monoscript/fileName/MeshUtilities.cs: dc5356b699afd34cf9728f4d65b476a0 -> 
  custom:scripting/monoscript/fileName/AmbientOcclusionEditor.cs: 61e5422c29b8f52188d508eb7d382167 -> 
  custom:scripting/monoscript/fileName/LoadScene.cs: 206f1b3f828a012e3128d4c1e305d0fb -> 
  custom:scripting/monoscript/fileName/FastApproximateAntialiasing.cs: bf5588b2deec2689a812a7d2eacd9bd5 -> 
  custom:scripting/monoscript/fileName/MotionBlur.cs: 823914e335803785a19e5990c6ab2911 -> 
  custom:scripting/monoscript/fileName/DefineSetter.cs: 292ba08e52064b1a72f8d4bb04301dd3 -> 
  custom:framework-win-MediaFoundation: 216162199b28c13a410421893ffa2e32 -> 
  custom:scripting/monoscript/fileName/ShaderIDs.cs: 96024f1f873475da65a783f1404f9117 -> 
  custom:scripting/monoscript/fileName/PostProcessEditorAttribute.cs: 672a58b4d5bab60112487a31c361c481 -> 
  custom:scripting/monoscript/fileName/LensDistortionEditor.cs: dee045d29944d55e8040435a58a7ce90 -> 
  custom:scripting/monoscript/fileName/MotionBlurEditor.cs: 3bd8d3e7e9a7ea94beb2e5517b62d27b -> 
  custom:scripting/monoscript/fileName/Dithering.cs: 3014fffaa718d0ad6dd2c7bb7956ed46 -> 
  custom:scripting/monoscript/fileName/DecoratorAttribute.cs: be5bd39119e1a41ea1a019fdb3818a3f -> 
  custom:scripting/monoscript/fileName/DisplayNameAttribute.cs: 935a6ac504eb8a852fba40cbcae9292c -> 
  custom:scripting/monoscript/fileName/PostProcessEffectSettings.cs: 2ab9d33170e863b1a9c8a9079cdd12aa -> 
  custom:scripting/monoscript/fileName/Fog.cs: 07e271953e2bcf8513b6a72a2737e767 -> 
  custom:scripting/monoscript/fileName/PostProcessManager.cs: 28ef7780d543a8111635e1f5051383d0 -> 
  custom:scripting/monoscript/fileName/VolumeFactory.cs: cc77136700c9e1ff894d234886ccb852 -> 
  custom:scripting/precompiled-assembly-types:Unity.Timeline.Editor: b4313fba5652ee5a8449f3ec85f31ae4 -> 534d7c71c4dd9147ea00599cede121e1
  custom:CustomObjectIndexerAttribute: 9a22284fe3817be447336de3de66b15e -> 
  custom:scripting/monoscript/fileName/PostProcessEvent.cs: 8fb6e54ff2cf1a8be7ecdd01fbdd78f8 -> 
  custom:scripting/monoscript/fileName/TrackballAttribute.cs: 8dea8f77de7bd03137cc578af1ea6656 -> 
  custom:scripting/monoscript/fileName/TrackballDecorator.cs: 6a2b6c747937d12d8d81be8f5b21fbd2 -> 
  custom:scripting/monoscript/fileName/MultiScaleVO.cs: d4c4732956ffb536e016475d75f04c43 -> 
  custom:scripting/monoscript/fileName/CubeLutAssetFactory.cs: db1961888d7cabf6be94b37e3b663de4 -> 
  custom:container-demuxer-webm: 4f35f7cbe854078d1ac9338744f61a02 -> 
  custom:scripting/monoscript/fileName/PostProcessVolumeEditor.cs: 7aae71821512dcac422c45dc773293c3 -> 
  custom:scripting/monoscript/fileName/ChromaticAberration.cs: 4d59e57f8324f5f986e16678ed451410 -> 
  custom:scripting/monoscript/fileName/VignetteEditor.cs: 345736fc911c5e8ab23e579751a40e4a -> 
  custom:scripting/monoscript/fileName/Styling.cs: d1c4aa14ff93670753edfbb93fc91bfe -> 
  custom:scripting/monoscript/fileName/PostProcessEffectRendererExtensions.cs: e953624d113e7e1739c702512603957d -> 
  custom:scripting/monoscript/fileName/ScalableAO.cs: 2f29d71d59b754086c809cfee1cdce34 -> 
  custom:scripting/monoscript/fileName/PostProcessLayerEditor.cs: d16de665ece05cd6e27dcc8d7bac4b9a -> 
  custom:scripting/monoscript/fileName/MinMaxAttribute.cs: a4b6ac8a4377612c7135a60f905792f1 -> 
  custom:scripting/monoscript/fileName/SubpixelMorphologicalAntialiasing.cs: 02dcb8839824addec278047da0509aea -> 
  custom:scripting/monoscript/fileName/BaseEditor.cs: 90647cc400823b41df847a6cbfc29026 -> 
  custom:container-muxer-webm: aa71ff27fc2769a1b78a27578f13a17b -> 
  custom:video-decoder-webm-vp8: 9c59270c3fd7afecdb556c50c9e8de78 -> 
  custom:SearchIndexIgnoredProperties: e643bd26f0fe6173181afceb89e7c659 -> 
  custom:scripting/monoscript/fileName/ChromaticAberrationEditor.cs: 3043bf57519b71f64b7a6de970c2487b -> 
  custom:scripting/monoscript/fileName/PostProcessEffectRenderer.cs: 577c5acf8157ecea944bb95c8c6d9a95 -> 
  custom:AudioImporter_EditorPlatform: d09bf68614088b80899f8185d706f6e7 -> 
  custom:scripting/monoscript/fileName/TextureFormatUtilities.cs: ba58c57cfaabc0f8201a9ca6902fcb23 -> 
  custom:scripting/monoscript/fileName/PostProcessVolume.cs: 3883cef4be0567c54caf457a416a2095 -> 
  custom:scripting/monoscript/fileName/LightMeterMonitor.cs: a897ae0c731cb153281aea9ecd0efb03 -> 
  custom:scripting/monoscript/fileName/ColorGradingEditor.cs: 25838050e3e1f12ef51713a5dcf60349 -> 
  custom:scripting/monoscript/fileName/AttributeDecorator.cs: 39b465f08cd0a5df82fc2ef70b766ca2 -> 
  custom:scripting/monoscript/fileName/AutoExposureEditor.cs: dfd15824649ea346b717bc72a871d75b -> 
  custom:scripting/precompiled-assembly-types:Unity.VisualScripting.Core.Editor: 1ac958119c4ad755d50390246b13522a -> 39597c0f3a76e24d87d64afa59c5f88d
  custom:scripting/monoscript/fileName/LensDistortion.cs: b7963bb1da21ba484a7b59b9f6ea3aec -> 
  custom:scripting/monoscript/fileName/ResourceAssetFactory.cs: bf6acc988648d854bb3c5751325d0d0a -> 
  custom:scripting/precompiled-assembly-types:UnityEngine.TestRunner: 7a4d96a0696e29157328c6996c3b82c5 -> f5758234275f5346968d00e3b1a1c0e4
  custom:scripting/monoscript/fileName/PostProcessProfileEditor.cs: 1dcd55858a4126cb33b0f2de53c74fbe -> 
  custom:scripting/monoscript/fileName/PostProcessDebug.cs: a653e9b773649e7452b035b4ce1dae82 -> 
  custom:scripting/monoscript/fileName/PostProcessAttribute.cs: e125947bf72ce7382f3b16f75797c897 -> 
  custom:scripting/monoscript/fileName/QuitGame.cs: 5096369e521a632ecaa19ef6bb193ad3 -> 
  custom:scripting/monoscript/fileName/Grain.cs: 43f09a87a88d9937fbb9c4dbf3d5508e -> 
  custom:scripting/monoscript/fileName/HistogramMonitor.cs: 6fd024409d6e9db8d4c2c4e26430c2ad -> 
  custom:scripting/monoscript/fileName/PostProcessProfile.cs: f6dc030e2e953b2ed0eca334cce5d5cf -> 
  custom:scripting/monoscript/fileName/ProfileFactory.cs: f835845dfebfed501813f60a1cb006a3 -> 
  custom:scripting/monoscript/fileName/PostProcessEffectEditor.cs: 90647cc400823b41df847a6cbfc29026 -> 
  custom:scripting/monoscript/fileName/CubeLutAssetImporter.cs: 5e94ca4c74dad11cc8880f33d0ba9efb -> 
  custom:scripting/monoscript/fileName/PostProcessBundle.cs: f610f855c8ae8b896b5084e85ede373e -> 
  custom:scripting/monoscript/fileName/ScreenSpaceReflectionsEditor.cs: 59c13ba25de6098e70bafe8be94f609a -> 
  custom:video-encoder-webm-vp8: eb34c28f22e8b96e1ab97ce403110664 -> 
  custom:scripting/monoscript/fileName/RuntimeUtilities.cs: 76964d36e50cc48cfa29643bdde8d9a5 -> 
  custom:scripting/monoscript/fileName/Bloom.cs: 6f6d579a64201b97313a62a1e91b3575 -> 
  custom:audio-decoder-ogg-vorbis: bf7c407c2cedff20999df2af8eb42d56 -> 
  custom:scripting/monoscript/fileName/AutoExposure.cs: 0e7c21b17f53209ee8c5c61ab59d7835 -> 
  custom:scripting/monoscript/fileName/VectorscopeMonitor.cs: cb70c6437b976f01b752cd219cc47f32 -> 
  custom:scripting/monoscript/fileName/PropertySheetFactory.cs: cfc4667cc03e44252fafe18d99f24b25 -> 
  custom:scripting/monoscript/fileName/EditorUtilities.cs: 53a52fb113757c42f9c516115bd845ca -> 
  custom:scripting/monoscript/fileName/HaltonSeq.cs: a7590e55d6fae5328a1c395a2473d0cf -> 
  custom:scripting/monoscript/fileName/MinAttribute.cs: a3e7473301291585f4cca024ce307406 -> 
  custom:scripting/monoscript/fileName/DepthOfField.cs: d62178d8b5619f59fcdd6d24617ef5fd -> 
  custom:scripting/monoscript/fileName/BloomEditor.cs: c341bb26b40744c3a5c2a142ac3e1051 -> 
  custom:scripting/monoscript/fileName/MainMenuBtns.cs: 7a4c553ed157df86ad49bd371125fa92 -> 
  custom:scripting/monoscript/fileName/WaveformMonitor.cs: 609651ee3f98f206575f684e9cce655d -> 
  custom:scripting/monoscript/fileName/HableCurve.cs: f244b24d6e7c556a2de06e25b0bbf4c1 -> 
  custom:audio-encoder-webm-vorbis: bf7c407c2cedff20999df2af8eb42d56 -> 
  custom:scripting/monoscript/fileName/PropertySheet.cs: e6bb03169eca9d33ea794a47ad6ce213 -> 
  custom:scripting/monoscript/fileName/TargetPool.cs: 6d29560228134c933c12fb1c113fb6ef -> 
  custom:scripting/monoscript/fileName/LogHistogram.cs: bab913d888834a1a8572eb834acec97c -> 
  custom:scripting/monoscript/fileName/ScreenSpaceReflections.cs: 8afa07200328ddfcb2536d4180c62536 -> 
  custom:scripting/precompiled-assembly-types:Assembly-CSharp: 4871bac5146755dc94acd0b06276f62c -> 51bdbbc7743e4ed3f8333c67aed2824c
  custom:scripting/monoscript/fileName/CurveEditor.cs: f5e872b2a5a6427a1785818cb10d95d1 -> 
  custom:scripting/monoscript/fileName/PostProcessResources.cs: 5089c17a701ba9b714a1f3d25fb9a9b0 -> 
  custom:scripting/monoscript/fileName/EffectListEditor.cs: 1ecdb4094d9e64024d6eb7725a86197b -> 
========================================================================
Received Prepare
Caller must complete domain reload
Begin MonoManager ReloadAssembly
- Loaded All Assemblies, in  0.274 seconds
Native extension for WindowsStandalone target not found
[Package Manager] Server::EnsureServerProcessIsRunning -- launch failed, reason: Unity was launched with the -noUpm command-line argument
[Package Manager] UpmClient::Send -- Unable to send message (not connected to UPM process).
[Package Manager] Cannot connect to Unity Package Manager local server
Mono: successfully reloaded assembly
- Finished resetting the current domain, in  0.495 seconds
Domain Reload Profiling: 769ms
	BeginReloadAssembly (99ms)
		ExecutionOrderSort (0ms)
		DisableScriptedObjects (4ms)
		BackupInstance (0ms)
		ReleaseScriptingObjects (0ms)
		CreateAndSetChildDomain (21ms)
	RebuildCommonClasses (20ms)
	RebuildNativeTypeToScriptingClass (7ms)
	initialDomainReloadingComplete (18ms)
	LoadAllAssembliesAndSetupDomain (129ms)
		LoadAssemblies (168ms)
		RebuildTransferFunctionScriptingTraits (0ms)
		AnalyzeDomain (12ms)
			TypeCache.Refresh (5ms)
				TypeCache.ScanAssembly (0ms)
			ScanForSourceGeneratedMonoScriptInfo (0ms)
			ResolveRequiredComponents (4ms)
	FinalizeReload (496ms)
		ReleaseScriptCaches (0ms)
		RebuildScriptCaches (0ms)
		SetupLoadedEditorAssemblies (279ms)
			LogAssemblyErrors (0ms)
			InitializePlatformSupportModulesInManaged (4ms)
			SetLoadedEditorAssemblies (2ms)
			RefreshPlugins (0ms)
			BeforeProcessingInitializeOnLoad (35ms)
			ProcessInitializeOnLoadAttributes (221ms)
			ProcessInitializeOnLoadMethodAttributes (13ms)
			AfterProcessingInitializeOnLoad (3ms)
			EditorAssembliesLoaded (0ms)
		ExecutionOrderSort2 (0ms)
		AwakeInstancesAfterBackupRestoration (5ms)
Refreshing native plugins compatible for Editor in 1.18 ms, found 3 plugins.
Preloading 0 native plugins for Editor in 0.00 ms.
Unloading 3285 Unused Serialized files (Serialized files now loaded: 0)
Unloading 55 unused Assets / (4.3 MB). Loaded Objects now: 4142.
Memory consumption went from 157.4 MB to 153.1 MB.
Total: 2.889600 ms (FindLiveObjects: 0.184500 ms CreateObjectMapping: 0.054000 ms MarkObjects: 1.852700 ms  DeleteObjects: 0.797700 ms)

Prepare: number of updated asset objects reloaded= 0
AssetImportParameters requested are different than current active one (requested -> active):
  custom:scripting/monoscript/fileName/Decorators.cs: 4533f6715dc3f8cdabbd37ff77d1dad7 -> 
  custom:scripting/monoscript/fileName/GlobalSettings.cs: e5eb35b80bdfaee4ead1e1630fd77998 -> 
  custom:scripting/monoscript/fileName/PostProcessEffectBaseEditor.cs: 972bdf00f442be0d879dcb6868e25c8e -> 
  custom:scripting/monoscript/fileName/PostProcessRenderContext.cs: 9e034c8bf7d42a1d6c2d4339915eccb0 -> 
  custom:scripting/monoscript/fileName/Spline.cs: 7876820de12ed89d33ad838af99a030e -> 
  custom:scripting/monoscript/fileName/ColorGrading.cs: ef67493fb3cf9676ba5f25862510a595 -> 
  custom:scripting/monoscript/fileName/Monitor.cs: e0eb5d32b3aade2e0ce8680b00ac2b78 -> 
  custom:scripting/precompiled-assembly-types:Unity.Postprocessing.Runtime: 655cd018e42ac91ed9a03cfbdae17956 -> 
  custom:scripting/monoscript/fileName/TemporalAntialiasing.cs: 71e40fdab49d34f4e07f83936454d904 -> 
  custom:container-demuxer-ogg: 62fdf1f143b41e24485cea50d1cbac27 -> 
  custom:scripting/monoscript/fileName/AmbientOcclusion.cs: 7a27923f9312611f0b2898a72e3ee96a -> 
  custom:scripting/precompiled-assembly-types:Unity.PlasticSCM.Editor: 6422b6ca0d4c4c6df738ede20396ac4f -> 61b19ddb92073bec3b858fc919e16e73
  custom:scripting/monoscript/fileName/PostProcessDebugLayer.cs: 6d8a99809398beddf11f92dfbb0e6ad4 -> 
  custom:scripting/monoscript/fileName/ColorUtilities.cs: 47918ebfa890b947a816b80444ee2882 -> 
  custom:scripting/monoscript/fileName/ParameterOverride.cs: 5475497db741ca919df708e5019e593d -> 
  custom:scripting/monoscript/fileName/TextureLerper.cs: 973e800795f77d61d647ea0c3f0cf284 -> 
  custom:scripting/precompiled-assembly-types:Unity.Postprocessing.Editor: 23b49e25b965492466cd147d7735360a -> 
  custom:scripting/monoscript/fileName/Vignette.cs: e0b99ac31b7575ef776e7be56647abb0 -> 
  custom:scripting/monoscript/fileName/DepthOfFieldEditor.cs: 64cce655bf722c851048e2ebbf401a7b -> 
  custom:scripting/monoscript/fileName/DefaultPostProcessEffectEditor.cs: 06a1d8fcea7725e08b95f21cc15fd0a1 -> 
  custom:scripting/monoscript/fileName/MainMenuGUI.cs: 091df4f91c57b9accec9de62246fca77 -> 
  custom:scripting/monoscript/fileName/PostProcessLayer.cs: aa288976158dcd4c24041d5304f25d07 -> 
  custom:video-codec-MediaFoundation-h265: 746d11721c4dcdbdad8f713fa42b33f4 -> 
  custom:scripting/monoscript/fileName/MaxAttribute.cs: d661645ab8c724f24b3e19978e87b44c -> 
  custom:scripting/monoscript/fileName/PostProcessDebugEditor.cs: 1a0488d8742bf880cc7334e53e2cc73d -> 
  custom:video-decoder-ogg-theora: a1e56fd34408186e4bbccfd4996cb3dc -> 
  custom:scripting/monoscript/fileName/SerializedParameterOverride.cs: 5e4deaf96895d013d32a8e84ec179f8e -> 
  custom:scripting/monoscript/fileName/MeshUtilities.cs: dc5356b699afd34cf9728f4d65b476a0 -> 
  custom:scripting/monoscript/fileName/AmbientOcclusionEditor.cs: 61e5422c29b8f52188d508eb7d382167 -> 
  custom:scripting/monoscript/fileName/LoadScene.cs: 206f1b3f828a012e3128d4c1e305d0fb -> 
  custom:scripting/monoscript/fileName/FastApproximateAntialiasing.cs: bf5588b2deec2689a812a7d2eacd9bd5 -> 
  custom:scripting/monoscript/fileName/MotionBlur.cs: 823914e335803785a19e5990c6ab2911 -> 
  custom:scripting/monoscript/fileName/DefineSetter.cs: 292ba08e52064b1a72f8d4bb04301dd3 -> 
  custom:framework-win-MediaFoundation: 216162199b28c13a410421893ffa2e32 -> 
  custom:scripting/monoscript/fileName/ShaderIDs.cs: 96024f1f873475da65a783f1404f9117 -> 
  custom:scripting/monoscript/fileName/PostProcessEditorAttribute.cs: 672a58b4d5bab60112487a31c361c481 -> 
  custom:scripting/monoscript/fileName/LensDistortionEditor.cs: dee045d29944d55e8040435a58a7ce90 -> 
  custom:scripting/monoscript/fileName/MotionBlurEditor.cs: 3bd8d3e7e9a7ea94beb2e5517b62d27b -> 
  custom:scripting/monoscript/fileName/Dithering.cs: 3014fffaa718d0ad6dd2c7bb7956ed46 -> 
  custom:scripting/monoscript/fileName/DecoratorAttribute.cs: be5bd39119e1a41ea1a019fdb3818a3f -> 
  custom:scripting/monoscript/fileName/DisplayNameAttribute.cs: 935a6ac504eb8a852fba40cbcae9292c -> 
  custom:scripting/monoscript/fileName/PostProcessEffectSettings.cs: 2ab9d33170e863b1a9c8a9079cdd12aa -> 
  custom:scripting/monoscript/fileName/Fog.cs: 07e271953e2bcf8513b6a72a2737e767 -> 
  custom:scripting/monoscript/fileName/PostProcessManager.cs: 28ef7780d543a8111635e1f5051383d0 -> 
  custom:scripting/monoscript/fileName/VolumeFactory.cs: cc77136700c9e1ff894d234886ccb852 -> 
  custom:scripting/precompiled-assembly-types:Unity.Timeline.Editor: b4313fba5652ee5a8449f3ec85f31ae4 -> 534d7c71c4dd9147ea00599cede121e1
  custom:CustomObjectIndexerAttribute: 9a22284fe3817be447336de3de66b15e -> 
  custom:scripting/monoscript/fileName/PostProcessEvent.cs: 8fb6e54ff2cf1a8be7ecdd01fbdd78f8 -> 
  custom:scripting/monoscript/fileName/TrackballAttribute.cs: 8dea8f77de7bd03137cc578af1ea6656 -> 
  custom:scripting/monoscript/fileName/TrackballDecorator.cs: 6a2b6c747937d12d8d81be8f5b21fbd2 -> 
  custom:scripting/monoscript/fileName/MultiScaleVO.cs: d4c4732956ffb536e016475d75f04c43 -> 
  custom:scripting/monoscript/fileName/CubeLutAssetFactory.cs: db1961888d7cabf6be94b37e3b663de4 -> 
  custom:container-demuxer-webm: 4f35f7cbe854078d1ac9338744f61a02 -> 
  custom:scripting/monoscript/fileName/PostProcessVolumeEditor.cs: 7aae71821512dcac422c45dc773293c3 -> 
  custom:scripting/monoscript/fileName/ChromaticAberration.cs: 4d59e57f8324f5f986e16678ed451410 -> 
  custom:scripting/monoscript/fileName/VignetteEditor.cs: 345736fc911c5e8ab23e579751a40e4a -> 
  custom:scripting/monoscript/fileName/Styling.cs: d1c4aa14ff93670753edfbb93fc91bfe -> 
  custom:scripting/monoscript/fileName/PostProcessEffectRendererExtensions.cs: e953624d113e7e1739c702512603957d -> 
  custom:scripting/monoscript/fileName/ScalableAO.cs: 2f29d71d59b754086c809cfee1cdce34 -> 
  custom:scripting/monoscript/fileName/PostProcessLayerEditor.cs: d16de665ece05cd6e27dcc8d7bac4b9a -> 
  custom:scripting/monoscript/fileName/MinMaxAttribute.cs: a4b6ac8a4377612c7135a60f905792f1 -> 
  custom:scripting/monoscript/fileName/SubpixelMorphologicalAntialiasing.cs: 02dcb8839824addec278047da0509aea -> 
  custom:scripting/monoscript/fileName/BaseEditor.cs: 90647cc400823b41df847a6cbfc29026 -> 
  custom:container-muxer-webm: aa71ff27fc2769a1b78a27578f13a17b -> 
  custom:video-decoder-webm-vp8: 9c59270c3fd7afecdb556c50c9e8de78 -> 
  custom:SearchIndexIgnoredProperties: e643bd26f0fe6173181afceb89e7c659 -> 
  custom:scripting/monoscript/fileName/ChromaticAberrationEditor.cs: 3043bf57519b71f64b7a6de970c2487b -> 
  custom:scripting/monoscript/fileName/PostProcessEffectRenderer.cs: 577c5acf8157ecea944bb95c8c6d9a95 -> 
  custom:AudioImporter_EditorPlatform: d09bf68614088b80899f8185d706f6e7 -> 
  custom:scripting/monoscript/fileName/TextureFormatUtilities.cs: ba58c57cfaabc0f8201a9ca6902fcb23 -> 
  custom:scripting/monoscript/fileName/PostProcessVolume.cs: 3883cef4be0567c54caf457a416a2095 -> 
  custom:scripting/monoscript/fileName/LightMeterMonitor.cs: a897ae0c731cb153281aea9ecd0efb03 -> 
  custom:scripting/monoscript/fileName/ColorGradingEditor.cs: 25838050e3e1f12ef51713a5dcf60349 -> 
  custom:scripting/monoscript/fileName/AttributeDecorator.cs: 39b465f08cd0a5df82fc2ef70b766ca2 -> 
  custom:scripting/monoscript/fileName/AutoExposureEditor.cs: dfd15824649ea346b717bc72a871d75b -> 
  custom:scripting/precompiled-assembly-types:Unity.VisualScripting.Core.Editor: 1ac958119c4ad755d50390246b13522a -> 39597c0f3a76e24d87d64afa59c5f88d
  custom:scripting/monoscript/fileName/LensDistortion.cs: b7963bb1da21ba484a7b59b9f6ea3aec -> 
  custom:scripting/monoscript/fileName/ResourceAssetFactory.cs: bf6acc988648d854bb3c5751325d0d0a -> 
  custom:scripting/precompiled-assembly-types:UnityEngine.TestRunner: 7a4d96a0696e29157328c6996c3b82c5 -> f5758234275f5346968d00e3b1a1c0e4
  custom:scripting/monoscript/fileName/PostProcessProfileEditor.cs: 1dcd55858a4126cb33b0f2de53c74fbe -> 
  custom:scripting/monoscript/fileName/PostProcessDebug.cs: a653e9b773649e7452b035b4ce1dae82 -> 
  custom:scripting/monoscript/fileName/PostProcessAttribute.cs: e125947bf72ce7382f3b16f75797c897 -> 
  custom:scripting/monoscript/fileName/QuitGame.cs: 5096369e521a632ecaa19ef6bb193ad3 -> 
  custom:scripting/monoscript/fileName/Grain.cs: 43f09a87a88d9937fbb9c4dbf3d5508e -> 
  custom:scripting/monoscript/fileName/HistogramMonitor.cs: 6fd024409d6e9db8d4c2c4e26430c2ad -> 
  custom:scripting/monoscript/fileName/PostProcessProfile.cs: f6dc030e2e953b2ed0eca334cce5d5cf -> 
  custom:scripting/monoscript/fileName/ProfileFactory.cs: f835845dfebfed501813f60a1cb006a3 -> 
  custom:scripting/monoscript/fileName/PostProcessEffectEditor.cs: 90647cc400823b41df847a6cbfc29026 -> 
  custom:scripting/monoscript/fileName/CubeLutAssetImporter.cs: 5e94ca4c74dad11cc8880f33d0ba9efb -> 
  custom:scripting/monoscript/fileName/PostProcessBundle.cs: f610f855c8ae8b896b5084e85ede373e -> 
  custom:scripting/monoscript/fileName/ScreenSpaceReflectionsEditor.cs: 59c13ba25de6098e70bafe8be94f609a -> 
  custom:video-encoder-webm-vp8: eb34c28f22e8b96e1ab97ce403110664 -> 
  custom:scripting/monoscript/fileName/RuntimeUtilities.cs: 76964d36e50cc48cfa29643bdde8d9a5 -> 
  custom:scripting/monoscript/fileName/Bloom.cs: 6f6d579a64201b97313a62a1e91b3575 -> 
  custom:audio-decoder-ogg-vorbis: bf7c407c2cedff20999df2af8eb42d56 -> 
  custom:scripting/monoscript/fileName/AutoExposure.cs: 0e7c21b17f53209ee8c5c61ab59d7835 -> 
  custom:scripting/monoscript/fileName/VectorscopeMonitor.cs: cb70c6437b976f01b752cd219cc47f32 -> 
  custom:scripting/monoscript/fileName/PropertySheetFactory.cs: cfc4667cc03e44252fafe18d99f24b25 -> 
  custom:scripting/monoscript/fileName/EditorUtilities.cs: 53a52fb113757c42f9c516115bd845ca -> 
  custom:scripting/monoscript/fileName/HaltonSeq.cs: a7590e55d6fae5328a1c395a2473d0cf -> 
  custom:scripting/monoscript/fileName/MinAttribute.cs: a3e7473301291585f4cca024ce307406 -> 
  custom:scripting/monoscript/fileName/DepthOfField.cs: d62178d8b5619f59fcdd6d24617ef5fd -> 
  custom:scripting/monoscript/fileName/BloomEditor.cs: c341bb26b40744c3a5c2a142ac3e1051 -> 
  custom:scripting/monoscript/fileName/MainMenuBtns.cs: 7a4c553ed157df86ad49bd371125fa92 -> 
  custom:scripting/monoscript/fileName/WaveformMonitor.cs: 609651ee3f98f206575f684e9cce655d -> 
  custom:scripting/monoscript/fileName/HableCurve.cs: f244b24d6e7c556a2de06e25b0bbf4c1 -> 
  custom:audio-encoder-webm-vorbis: bf7c407c2cedff20999df2af8eb42d56 -> 
  custom:scripting/monoscript/fileName/PropertySheet.cs: e6bb03169eca9d33ea794a47ad6ce213 -> 
  custom:scripting/monoscript/fileName/TargetPool.cs: 6d29560228134c933c12fb1c113fb6ef -> 
  custom:scripting/monoscript/fileName/LogHistogram.cs: bab913d888834a1a8572eb834acec97c -> 
  custom:scripting/monoscript/fileName/ScreenSpaceReflections.cs: 8afa07200328ddfcb2536d4180c62536 -> 
  custom:scripting/precompiled-assembly-types:Assembly-CSharp: 4871bac5146755dc94acd0b06276f62c -> 51bdbbc7743e4ed3f8333c67aed2824c
  custom:scripting/monoscript/fileName/CurveEditor.cs: f5e872b2a5a6427a1785818cb10d95d1 -> 
  custom:scripting/monoscript/fileName/PostProcessResources.cs: 5089c17a701ba9b714a1f3d25fb9a9b0 -> 
  custom:scripting/monoscript/fileName/EffectListEditor.cs: 1ecdb4094d9e64024d6eb7725a86197b -> 
========================================================================
Received Import Request.
  Time since last request: 854.818625 seconds.
  path: Assets/MyAssets/Materials/VolcanoSmokeMaterial.mat
  artifactKey: Guid(77a722ed217315140a1a4cb5e24424a3) Importer(815301076,1909f56bfc062723c751e8b465ee728b)
Start importing Assets/MyAssets/Materials/VolcanoSmokeMaterial.mat using Guid(77a722ed217315140a1a4cb5e24424a3) Importer(815301076,1909f56bfc062723c751e8b465ee728b) [PhysX] Initialized MultithreadedTaskDispatcher with 32 workers.
[PhysX] Initialized MultithreadedTaskDispatcher with 32 workers.
 -> (artifact id: '5988112de80420e03e8ecf958e5d4a41') in 0.082250 seconds
Number of updated asset objects reloaded before import = 0
Number of asset objects unloaded after import = 2
========================================================================
Received Prepare
Caller must complete domain reload
Begin MonoManager ReloadAssembly
- Loaded All Assemblies, in  0.275 seconds
Native extension for WindowsStandalone target not found
[Package Manager] Server::EnsureServerProcessIsRunning -- launch failed, reason: Unity was launched with the -noUpm command-line argument
[Package Manager] UpmClient::Send -- Unable to send message (not connected to UPM process).
[Package Manager] Cannot connect to Unity Package Manager local server
Mono: successfully reloaded assembly
- Finished resetting the current domain, in  0.511 seconds
Domain Reload Profiling: 786ms
	BeginReloadAssembly (105ms)
		ExecutionOrderSort (0ms)
		DisableScriptedObjects (3ms)
		BackupInstance (0ms)
		ReleaseScriptingObjects (0ms)
		CreateAndSetChildDomain (24ms)
	RebuildCommonClasses (23ms)
	RebuildNativeTypeToScriptingClass (6ms)
	initialDomainReloadingComplete (18ms)
	LoadAllAssembliesAndSetupDomain (122ms)
		LoadAssemblies (165ms)
		RebuildTransferFunctionScriptingTraits (0ms)
		AnalyzeDomain (11ms)
			TypeCache.Refresh (5ms)
				TypeCache.ScanAssembly (0ms)
			ScanForSourceGeneratedMonoScriptInfo (0ms)
			ResolveRequiredComponents (4ms)
	FinalizeReload (511ms)
		ReleaseScriptCaches (0ms)
		RebuildScriptCaches (0ms)
		SetupLoadedEditorAssemblies (300ms)
			LogAssemblyErrors (0ms)
			InitializePlatformSupportModulesInManaged (4ms)
			SetLoadedEditorAssemblies (2ms)
			RefreshPlugins (0ms)
			BeforeProcessingInitializeOnLoad (38ms)
			ProcessInitializeOnLoadAttributes (237ms)
			ProcessInitializeOnLoadMethodAttributes (16ms)
			AfterProcessingInitializeOnLoad (3ms)
			EditorAssembliesLoaded (0ms)
		ExecutionOrderSort2 (0ms)
		AwakeInstancesAfterBackupRestoration (5ms)
Refreshing native plugins compatible for Editor in 1.04 ms, found 3 plugins.
Preloading 0 native plugins for Editor in 0.00 ms.
Unloading 3284 Unused Serialized files (Serialized files now loaded: 0)
Unloading 55 unused Assets / (4.3 MB). Loaded Objects now: 4146.
Memory consumption went from 157.2 MB to 152.9 MB.
Total: 2.784700 ms (FindLiveObjects: 0.200100 ms CreateObjectMapping: 0.055600 ms MarkObjects: 1.741900 ms  DeleteObjects: 0.786500 ms)

Prepare: number of updated asset objects reloaded= 0
AssetImportParameters requested are different than current active one (requested -> active):
  custom:scripting/monoscript/fileName/Decorators.cs: 4533f6715dc3f8cdabbd37ff77d1dad7 -> 
  custom:scripting/monoscript/fileName/GlobalSettings.cs: e5eb35b80bdfaee4ead1e1630fd77998 -> 
  custom:scripting/monoscript/fileName/PostProcessEffectBaseEditor.cs: 972bdf00f442be0d879dcb6868e25c8e -> 
  custom:scripting/monoscript/fileName/PostProcessRenderContext.cs: 9e034c8bf7d42a1d6c2d4339915eccb0 -> 
  custom:scripting/monoscript/fileName/Spline.cs: 7876820de12ed89d33ad838af99a030e -> 
  custom:scripting/monoscript/fileName/ColorGrading.cs: ef67493fb3cf9676ba5f25862510a595 -> 
  custom:scripting/monoscript/fileName/Monitor.cs: e0eb5d32b3aade2e0ce8680b00ac2b78 -> 
  custom:scripting/precompiled-assembly-types:Unity.Postprocessing.Runtime: 655cd018e42ac91ed9a03cfbdae17956 -> 
  custom:scripting/monoscript/fileName/TemporalAntialiasing.cs: 71e40fdab49d34f4e07f83936454d904 -> 
  custom:container-demuxer-ogg: 62fdf1f143b41e24485cea50d1cbac27 -> 
  custom:scripting/monoscript/fileName/AmbientOcclusion.cs: 7a27923f9312611f0b2898a72e3ee96a -> 
  custom:scripting/precompiled-assembly-types:Unity.PlasticSCM.Editor: 6422b6ca0d4c4c6df738ede20396ac4f -> 61b19ddb92073bec3b858fc919e16e73
  custom:scripting/monoscript/fileName/PostProcessDebugLayer.cs: 6d8a99809398beddf11f92dfbb0e6ad4 -> 
  custom:scripting/monoscript/fileName/ColorUtilities.cs: 47918ebfa890b947a816b80444ee2882 -> 
  custom:scripting/monoscript/fileName/ParameterOverride.cs: 5475497db741ca919df708e5019e593d -> 
  custom:scripting/monoscript/fileName/TextureLerper.cs: 973e800795f77d61d647ea0c3f0cf284 -> 
  custom:scripting/precompiled-assembly-types:Unity.Postprocessing.Editor: 23b49e25b965492466cd147d7735360a -> 
  custom:scripting/monoscript/fileName/Vignette.cs: e0b99ac31b7575ef776e7be56647abb0 -> 
  custom:scripting/monoscript/fileName/DepthOfFieldEditor.cs: 64cce655bf722c851048e2ebbf401a7b -> 
  custom:scripting/monoscript/fileName/DefaultPostProcessEffectEditor.cs: 06a1d8fcea7725e08b95f21cc15fd0a1 -> 
  custom:scripting/monoscript/fileName/MainMenuGUI.cs: 091df4f91c57b9accec9de62246fca77 -> 
  custom:scripting/monoscript/fileName/PostProcessLayer.cs: aa288976158dcd4c24041d5304f25d07 -> 
  custom:video-codec-MediaFoundation-h265: 746d11721c4dcdbdad8f713fa42b33f4 -> 
  custom:scripting/monoscript/fileName/MaxAttribute.cs: d661645ab8c724f24b3e19978e87b44c -> 
  custom:scripting/monoscript/fileName/PostProcessDebugEditor.cs: 1a0488d8742bf880cc7334e53e2cc73d -> 
  custom:video-decoder-ogg-theora: a1e56fd34408186e4bbccfd4996cb3dc -> 
  custom:scripting/monoscript/fileName/SerializedParameterOverride.cs: 5e4deaf96895d013d32a8e84ec179f8e -> 
  custom:scripting/monoscript/fileName/MeshUtilities.cs: dc5356b699afd34cf9728f4d65b476a0 -> 
  custom:scripting/monoscript/fileName/AmbientOcclusionEditor.cs: 61e5422c29b8f52188d508eb7d382167 -> 
  custom:scripting/monoscript/fileName/LoadScene.cs: 206f1b3f828a012e3128d4c1e305d0fb -> 
  custom:scripting/monoscript/fileName/FastApproximateAntialiasing.cs: bf5588b2deec2689a812a7d2eacd9bd5 -> 
  custom:scripting/monoscript/fileName/MotionBlur.cs: 823914e335803785a19e5990c6ab2911 -> 
  custom:scripting/monoscript/fileName/DefineSetter.cs: 292ba08e52064b1a72f8d4bb04301dd3 -> 
  custom:framework-win-MediaFoundation: 216162199b28c13a410421893ffa2e32 -> 
  custom:scripting/monoscript/fileName/ShaderIDs.cs: 96024f1f873475da65a783f1404f9117 -> 
  custom:scripting/monoscript/fileName/PostProcessEditorAttribute.cs: 672a58b4d5bab60112487a31c361c481 -> 
  custom:scripting/monoscript/fileName/LensDistortionEditor.cs: dee045d29944d55e8040435a58a7ce90 -> 
  custom:scripting/monoscript/fileName/MotionBlurEditor.cs: 3bd8d3e7e9a7ea94beb2e5517b62d27b -> 
  custom:scripting/monoscript/fileName/Dithering.cs: 3014fffaa718d0ad6dd2c7bb7956ed46 -> 
  custom:scripting/monoscript/fileName/DecoratorAttribute.cs: be5bd39119e1a41ea1a019fdb3818a3f -> 
  custom:scripting/monoscript/fileName/DisplayNameAttribute.cs: 935a6ac504eb8a852fba40cbcae9292c -> 
  custom:scripting/monoscript/fileName/PostProcessEffectSettings.cs: 2ab9d33170e863b1a9c8a9079cdd12aa -> 
  custom:scripting/monoscript/fileName/Fog.cs: 07e271953e2bcf8513b6a72a2737e767 -> 
  custom:scripting/monoscript/fileName/PostProcessManager.cs: 28ef7780d543a8111635e1f5051383d0 -> 
  custom:scripting/monoscript/fileName/VolumeFactory.cs: cc77136700c9e1ff894d234886ccb852 -> 
  custom:scripting/precompiled-assembly-types:Unity.Timeline.Editor: b4313fba5652ee5a8449f3ec85f31ae4 -> 534d7c71c4dd9147ea00599cede121e1
  custom:CustomObjectIndexerAttribute: 9a22284fe3817be447336de3de66b15e -> 
  custom:scripting/monoscript/fileName/PostProcessEvent.cs: 8fb6e54ff2cf1a8be7ecdd01fbdd78f8 -> 
  custom:scripting/monoscript/fileName/TrackballAttribute.cs: 8dea8f77de7bd03137cc578af1ea6656 -> 
  custom:scripting/monoscript/fileName/TrackballDecorator.cs: 6a2b6c747937d12d8d81be8f5b21fbd2 -> 
  custom:scripting/monoscript/fileName/MultiScaleVO.cs: d4c4732956ffb536e016475d75f04c43 -> 
  custom:scripting/monoscript/fileName/CubeLutAssetFactory.cs: db1961888d7cabf6be94b37e3b663de4 -> 
  custom:container-demuxer-webm: 4f35f7cbe854078d1ac9338744f61a02 -> 
  custom:scripting/monoscript/fileName/PostProcessVolumeEditor.cs: 7aae71821512dcac422c45dc773293c3 -> 
  custom:scripting/monoscript/fileName/ChromaticAberration.cs: 4d59e57f8324f5f986e16678ed451410 -> 
  custom:scripting/monoscript/fileName/VignetteEditor.cs: 345736fc911c5e8ab23e579751a40e4a -> 
  custom:scripting/monoscript/fileName/Styling.cs: d1c4aa14ff93670753edfbb93fc91bfe -> 
  custom:scripting/monoscript/fileName/PostProcessEffectRendererExtensions.cs: e953624d113e7e1739c702512603957d -> 
  custom:scripting/monoscript/fileName/ScalableAO.cs: 2f29d71d59b754086c809cfee1cdce34 -> 
  custom:scripting/monoscript/fileName/PostProcessLayerEditor.cs: d16de665ece05cd6e27dcc8d7bac4b9a -> 
  custom:scripting/monoscript/fileName/MinMaxAttribute.cs: a4b6ac8a4377612c7135a60f905792f1 -> 
  custom:scripting/monoscript/fileName/SubpixelMorphologicalAntialiasing.cs: 02dcb8839824addec278047da0509aea -> 
  custom:scripting/monoscript/fileName/BaseEditor.cs: 90647cc400823b41df847a6cbfc29026 -> 
  custom:container-muxer-webm: aa71ff27fc2769a1b78a27578f13a17b -> 
  custom:video-decoder-webm-vp8: 9c59270c3fd7afecdb556c50c9e8de78 -> 
  custom:SearchIndexIgnoredProperties: e643bd26f0fe6173181afceb89e7c659 -> 
  custom:scripting/monoscript/fileName/ChromaticAberrationEditor.cs: 3043bf57519b71f64b7a6de970c2487b -> 
  custom:scripting/monoscript/fileName/PostProcessEffectRenderer.cs: 577c5acf8157ecea944bb95c8c6d9a95 -> 
  custom:AudioImporter_EditorPlatform: d09bf68614088b80899f8185d706f6e7 -> 
  custom:scripting/monoscript/fileName/TextureFormatUtilities.cs: ba58c57cfaabc0f8201a9ca6902fcb23 -> 
  custom:scripting/monoscript/fileName/PostProcessVolume.cs: 3883cef4be0567c54caf457a416a2095 -> 
  custom:scripting/monoscript/fileName/LightMeterMonitor.cs: a897ae0c731cb153281aea9ecd0efb03 -> 
  custom:scripting/monoscript/fileName/ColorGradingEditor.cs: 25838050e3e1f12ef51713a5dcf60349 -> 
  custom:scripting/monoscript/fileName/AttributeDecorator.cs: 39b465f08cd0a5df82fc2ef70b766ca2 -> 
  custom:scripting/monoscript/fileName/AutoExposureEditor.cs: dfd15824649ea346b717bc72a871d75b -> 
  custom:scripting/precompiled-assembly-types:Unity.VisualScripting.Core.Editor: 1ac958119c4ad755d50390246b13522a -> 39597c0f3a76e24d87d64afa59c5f88d
  custom:scripting/monoscript/fileName/LensDistortion.cs: b7963bb1da21ba484a7b59b9f6ea3aec -> 
  custom:scripting/monoscript/fileName/ResourceAssetFactory.cs: bf6acc988648d854bb3c5751325d0d0a -> 
  custom:scripting/precompiled-assembly-types:UnityEngine.TestRunner: 7a4d96a0696e29157328c6996c3b82c5 -> f5758234275f5346968d00e3b1a1c0e4
  custom:scripting/monoscript/fileName/PostProcessProfileEditor.cs: 1dcd55858a4126cb33b0f2de53c74fbe -> 
  custom:scripting/monoscript/fileName/PostProcessDebug.cs: a653e9b773649e7452b035b4ce1dae82 -> 
  custom:scripting/monoscript/fileName/PostProcessAttribute.cs: e125947bf72ce7382f3b16f75797c897 -> 
  custom:scripting/monoscript/fileName/QuitGame.cs: 5096369e521a632ecaa19ef6bb193ad3 -> 
  custom:scripting/monoscript/fileName/Grain.cs: 43f09a87a88d9937fbb9c4dbf3d5508e -> 
  custom:scripting/monoscript/fileName/HistogramMonitor.cs: 6fd024409d6e9db8d4c2c4e26430c2ad -> 
  custom:scripting/monoscript/fileName/PostProcessProfile.cs: f6dc030e2e953b2ed0eca334cce5d5cf -> 
  custom:scripting/monoscript/fileName/ProfileFactory.cs: f835845dfebfed501813f60a1cb006a3 -> 
  custom:scripting/monoscript/fileName/PostProcessEffectEditor.cs: 90647cc400823b41df847a6cbfc29026 -> 
  custom:scripting/monoscript/fileName/CubeLutAssetImporter.cs: 5e94ca4c74dad11cc8880f33d0ba9efb -> 
  custom:scripting/monoscript/fileName/PostProcessBundle.cs: f610f855c8ae8b896b5084e85ede373e -> 
  custom:scripting/monoscript/fileName/ScreenSpaceReflectionsEditor.cs: 59c13ba25de6098e70bafe8be94f609a -> 
  custom:video-encoder-webm-vp8: eb34c28f22e8b96e1ab97ce403110664 -> 
  custom:scripting/monoscript/fileName/RuntimeUtilities.cs: 76964d36e50cc48cfa29643bdde8d9a5 -> 
  custom:scripting/monoscript/fileName/Bloom.cs: 6f6d579a64201b97313a62a1e91b3575 -> 
  custom:audio-decoder-ogg-vorbis: bf7c407c2cedff20999df2af8eb42d56 -> 
  custom:scripting/monoscript/fileName/AutoExposure.cs: 0e7c21b17f53209ee8c5c61ab59d7835 -> 
  custom:scripting/monoscript/fileName/VectorscopeMonitor.cs: cb70c6437b976f01b752cd219cc47f32 -> 
  custom:scripting/monoscript/fileName/PropertySheetFactory.cs: cfc4667cc03e44252fafe18d99f24b25 -> 
  custom:scripting/monoscript/fileName/EditorUtilities.cs: 53a52fb113757c42f9c516115bd845ca -> 
  custom:scripting/monoscript/fileName/HaltonSeq.cs: a7590e55d6fae5328a1c395a2473d0cf -> 
  custom:scripting/monoscript/fileName/MinAttribute.cs: a3e7473301291585f4cca024ce307406 -> 
  custom:scripting/monoscript/fileName/DepthOfField.cs: d62178d8b5619f59fcdd6d24617ef5fd -> 
  custom:scripting/monoscript/fileName/BloomEditor.cs: c341bb26b40744c3a5c2a142ac3e1051 -> 
  custom:scripting/monoscript/fileName/MainMenuBtns.cs: 7a4c553ed157df86ad49bd371125fa92 -> 
  custom:scripting/monoscript/fileName/WaveformMonitor.cs: 609651ee3f98f206575f684e9cce655d -> 
  custom:scripting/monoscript/fileName/HableCurve.cs: f244b24d6e7c556a2de06e25b0bbf4c1 -> 
  custom:audio-encoder-webm-vorbis: bf7c407c2cedff20999df2af8eb42d56 -> 
  custom:scripting/monoscript/fileName/PropertySheet.cs: e6bb03169eca9d33ea794a47ad6ce213 -> 
  custom:scripting/monoscript/fileName/TargetPool.cs: 6d29560228134c933c12fb1c113fb6ef -> 
  custom:scripting/monoscript/fileName/LogHistogram.cs: bab913d888834a1a8572eb834acec97c -> 
  custom:scripting/monoscript/fileName/ScreenSpaceReflections.cs: 8afa07200328ddfcb2536d4180c62536 -> 
  custom:scripting/precompiled-assembly-types:Assembly-CSharp: 4871bac5146755dc94acd0b06276f62c -> 51bdbbc7743e4ed3f8333c67aed2824c
  custom:scripting/monoscript/fileName/CurveEditor.cs: f5e872b2a5a6427a1785818cb10d95d1 -> 
  custom:scripting/monoscript/fileName/PostProcessResources.cs: 5089c17a701ba9b714a1f3d25fb9a9b0 -> 
  custom:scripting/monoscript/fileName/EffectListEditor.cs: 1ecdb4094d9e64024d6eb7725a86197b -> 
========================================================================
Received Prepare
Caller must complete domain reload
Begin MonoManager ReloadAssembly
- Loaded All Assemblies, in  0.264 seconds
Native extension for WindowsStandalone target not found
[Package Manager] Server::EnsureServerProcessIsRunning -- launch failed, reason: Unity was launched with the -noUpm command-line argument
[Package Manager] UpmClient::Send -- Unable to send message (not connected to UPM process).
[Package Manager] Cannot connect to Unity Package Manager local server
Mono: successfully reloaded assembly
- Finished resetting the current domain, in  0.497 seconds
Domain Reload Profiling: 760ms
	BeginReloadAssembly (98ms)
		ExecutionOrderSort (0ms)
		DisableScriptedObjects (3ms)
		BackupInstance (0ms)
		ReleaseScriptingObjects (0ms)
		CreateAndSetChildDomain (19ms)
	RebuildCommonClasses (19ms)
	RebuildNativeTypeToScriptingClass (6ms)
	initialDomainReloadingComplete (18ms)
	LoadAllAssembliesAndSetupDomain (122ms)
		LoadAssemblies (162ms)
		RebuildTransferFunctionScriptingTraits (0ms)
		AnalyzeDomain (10ms)
			TypeCache.Refresh (4ms)
				TypeCache.ScanAssembly (0ms)
			ScanForSourceGeneratedMonoScriptInfo (0ms)
			ResolveRequiredComponents (4ms)
	FinalizeReload (497ms)
		ReleaseScriptCaches (0ms)
		RebuildScriptCaches (0ms)
		SetupLoadedEditorAssemblies (289ms)
			LogAssemblyErrors (0ms)
			InitializePlatformSupportModulesInManaged (4ms)
			SetLoadedEditorAssemblies (2ms)
			RefreshPlugins (0ms)
			BeforeProcessingInitializeOnLoad (38ms)
			ProcessInitializeOnLoadAttributes (231ms)
			ProcessInitializeOnLoadMethodAttributes (12ms)
			AfterProcessingInitializeOnLoad (3ms)
			EditorAssembliesLoaded (0ms)
		ExecutionOrderSort2 (0ms)
		AwakeInstancesAfterBackupRestoration (5ms)
Refreshing native plugins compatible for Editor in 1.09 ms, found 3 plugins.
Preloading 0 native plugins for Editor in 0.00 ms.
Unloading 3285 Unused Serialized files (Serialized files now loaded: 0)
Unloading 55 unused Assets / (4.3 MB). Loaded Objects now: 4149.
Memory consumption went from 157.4 MB to 153.2 MB.
Total: 3.535500 ms (FindLiveObjects: 0.196100 ms CreateObjectMapping: 0.144200 ms MarkObjects: 2.280900 ms  DeleteObjects: 0.913600 ms)

Prepare: number of updated asset objects reloaded= 0
AssetImportParameters requested are different than current active one (requested -> active):
  custom:scripting/monoscript/fileName/Decorators.cs: 4533f6715dc3f8cdabbd37ff77d1dad7 -> 
  custom:scripting/monoscript/fileName/GlobalSettings.cs: e5eb35b80bdfaee4ead1e1630fd77998 -> 
  custom:scripting/monoscript/fileName/PostProcessEffectBaseEditor.cs: 972bdf00f442be0d879dcb6868e25c8e -> 
  custom:scripting/monoscript/fileName/PostProcessRenderContext.cs: 9e034c8bf7d42a1d6c2d4339915eccb0 -> 
  custom:scripting/monoscript/fileName/Spline.cs: 7876820de12ed89d33ad838af99a030e -> 
  custom:scripting/monoscript/fileName/ColorGrading.cs: ef67493fb3cf9676ba5f25862510a595 -> 
  custom:scripting/monoscript/fileName/Monitor.cs: e0eb5d32b3aade2e0ce8680b00ac2b78 -> 
  custom:scripting/precompiled-assembly-types:Unity.Postprocessing.Runtime: 655cd018e42ac91ed9a03cfbdae17956 -> 
  custom:scripting/monoscript/fileName/TemporalAntialiasing.cs: 71e40fdab49d34f4e07f83936454d904 -> 
  custom:container-demuxer-ogg: 62fdf1f143b41e24485cea50d1cbac27 -> 
  custom:scripting/monoscript/fileName/AmbientOcclusion.cs: 7a27923f9312611f0b2898a72e3ee96a -> 
  custom:scripting/precompiled-assembly-types:Unity.PlasticSCM.Editor: 6422b6ca0d4c4c6df738ede20396ac4f -> 61b19ddb92073bec3b858fc919e16e73
  custom:scripting/monoscript/fileName/PostProcessDebugLayer.cs: 6d8a99809398beddf11f92dfbb0e6ad4 -> 
  custom:scripting/monoscript/fileName/ColorUtilities.cs: 47918ebfa890b947a816b80444ee2882 -> 
  custom:scripting/monoscript/fileName/ParameterOverride.cs: 5475497db741ca919df708e5019e593d -> 
  custom:scripting/monoscript/fileName/TextureLerper.cs: 973e800795f77d61d647ea0c3f0cf284 -> 
  custom:scripting/precompiled-assembly-types:Unity.Postprocessing.Editor: 23b49e25b965492466cd147d7735360a -> 
  custom:scripting/monoscript/fileName/Vignette.cs: e0b99ac31b7575ef776e7be56647abb0 -> 
  custom:scripting/monoscript/fileName/DepthOfFieldEditor.cs: 64cce655bf722c851048e2ebbf401a7b -> 
  custom:scripting/monoscript/fileName/DefaultPostProcessEffectEditor.cs: 06a1d8fcea7725e08b95f21cc15fd0a1 -> 
  custom:scripting/monoscript/fileName/MainMenuGUI.cs: 091df4f91c57b9accec9de62246fca77 -> 
  custom:scripting/monoscript/fileName/PostProcessLayer.cs: aa288976158dcd4c24041d5304f25d07 -> 
  custom:video-codec-MediaFoundation-h265: 746d11721c4dcdbdad8f713fa42b33f4 -> 
  custom:scripting/monoscript/fileName/MaxAttribute.cs: d661645ab8c724f24b3e19978e87b44c -> 
  custom:scripting/monoscript/fileName/PostProcessDebugEditor.cs: 1a0488d8742bf880cc7334e53e2cc73d -> 
  custom:video-decoder-ogg-theora: a1e56fd34408186e4bbccfd4996cb3dc -> 
  custom:scripting/monoscript/fileName/SerializedParameterOverride.cs: 5e4deaf96895d013d32a8e84ec179f8e -> 
  custom:scripting/monoscript/fileName/MeshUtilities.cs: dc5356b699afd34cf9728f4d65b476a0 -> 
  custom:scripting/monoscript/fileName/AmbientOcclusionEditor.cs: 61e5422c29b8f52188d508eb7d382167 -> 
  custom:scripting/monoscript/fileName/LoadScene.cs: 206f1b3f828a012e3128d4c1e305d0fb -> 
  custom:scripting/monoscript/fileName/FastApproximateAntialiasing.cs: bf5588b2deec2689a812a7d2eacd9bd5 -> 
  custom:scripting/monoscript/fileName/MotionBlur.cs: 823914e335803785a19e5990c6ab2911 -> 
  custom:scripting/monoscript/fileName/DefineSetter.cs: 292ba08e52064b1a72f8d4bb04301dd3 -> 
  custom:framework-win-MediaFoundation: 216162199b28c13a410421893ffa2e32 -> 
  custom:scripting/monoscript/fileName/ShaderIDs.cs: 96024f1f873475da65a783f1404f9117 -> 
  custom:scripting/monoscript/fileName/PostProcessEditorAttribute.cs: 672a58b4d5bab60112487a31c361c481 -> 
  custom:scripting/monoscript/fileName/LensDistortionEditor.cs: dee045d29944d55e8040435a58a7ce90 -> 
  custom:scripting/monoscript/fileName/MotionBlurEditor.cs: 3bd8d3e7e9a7ea94beb2e5517b62d27b -> 
  custom:scripting/monoscript/fileName/Dithering.cs: 3014fffaa718d0ad6dd2c7bb7956ed46 -> 
  custom:scripting/monoscript/fileName/DecoratorAttribute.cs: be5bd39119e1a41ea1a019fdb3818a3f -> 
  custom:scripting/monoscript/fileName/DisplayNameAttribute.cs: 935a6ac504eb8a852fba40cbcae9292c -> 
  custom:scripting/monoscript/fileName/PostProcessEffectSettings.cs: 2ab9d33170e863b1a9c8a9079cdd12aa -> 
  custom:scripting/monoscript/fileName/Fog.cs: 07e271953e2bcf8513b6a72a2737e767 -> 
  custom:scripting/monoscript/fileName/PostProcessManager.cs: 28ef7780d543a8111635e1f5051383d0 -> 
  custom:scripting/monoscript/fileName/VolumeFactory.cs: cc77136700c9e1ff894d234886ccb852 -> 
  custom:scripting/precompiled-assembly-types:Unity.Timeline.Editor: b4313fba5652ee5a8449f3ec85f31ae4 -> 534d7c71c4dd9147ea00599cede121e1
  custom:CustomObjectIndexerAttribute: 9a22284fe3817be447336de3de66b15e -> 
  custom:scripting/monoscript/fileName/PostProcessEvent.cs: 8fb6e54ff2cf1a8be7ecdd01fbdd78f8 -> 
  custom:scripting/monoscript/fileName/TrackballAttribute.cs: 8dea8f77de7bd03137cc578af1ea6656 -> 
  custom:scripting/monoscript/fileName/TrackballDecorator.cs: 6a2b6c747937d12d8d81be8f5b21fbd2 -> 
  custom:scripting/monoscript/fileName/MultiScaleVO.cs: d4c4732956ffb536e016475d75f04c43 -> 
  custom:scripting/monoscript/fileName/CubeLutAssetFactory.cs: db1961888d7cabf6be94b37e3b663de4 -> 
  custom:container-demuxer-webm: 4f35f7cbe854078d1ac9338744f61a02 -> 
  custom:scripting/monoscript/fileName/PostProcessVolumeEditor.cs: 7aae71821512dcac422c45dc773293c3 -> 
  custom:scripting/monoscript/fileName/ChromaticAberration.cs: 4d59e57f8324f5f986e16678ed451410 -> 
  custom:scripting/monoscript/fileName/VignetteEditor.cs: 345736fc911c5e8ab23e579751a40e4a -> 
  custom:scripting/monoscript/fileName/Styling.cs: d1c4aa14ff93670753edfbb93fc91bfe -> 
  custom:scripting/monoscript/fileName/PostProcessEffectRendererExtensions.cs: e953624d113e7e1739c702512603957d -> 
  custom:scripting/monoscript/fileName/ScalableAO.cs: 2f29d71d59b754086c809cfee1cdce34 -> 
  custom:scripting/monoscript/fileName/PostProcessLayerEditor.cs: d16de665ece05cd6e27dcc8d7bac4b9a -> 
  custom:scripting/monoscript/fileName/MinMaxAttribute.cs: a4b6ac8a4377612c7135a60f905792f1 -> 
  custom:scripting/monoscript/fileName/SubpixelMorphologicalAntialiasing.cs: 02dcb8839824addec278047da0509aea -> 
  custom:scripting/monoscript/fileName/BaseEditor.cs: 90647cc400823b41df847a6cbfc29026 -> 
  custom:container-muxer-webm: aa71ff27fc2769a1b78a27578f13a17b -> 
  custom:video-decoder-webm-vp8: 9c59270c3fd7afecdb556c50c9e8de78 -> 
  custom:SearchIndexIgnoredProperties: e643bd26f0fe6173181afceb89e7c659 -> 
  custom:scripting/monoscript/fileName/ChromaticAberrationEditor.cs: 3043bf57519b71f64b7a6de970c2487b -> 
  custom:scripting/monoscript/fileName/PostProcessEffectRenderer.cs: 577c5acf8157ecea944bb95c8c6d9a95 -> 
  custom:AudioImporter_EditorPlatform: d09bf68614088b80899f8185d706f6e7 -> 
  custom:scripting/monoscript/fileName/TextureFormatUtilities.cs: ba58c57cfaabc0f8201a9ca6902fcb23 -> 
  custom:scripting/monoscript/fileName/PostProcessVolume.cs: 3883cef4be0567c54caf457a416a2095 -> 
  custom:scripting/monoscript/fileName/LightMeterMonitor.cs: a897ae0c731cb153281aea9ecd0efb03 -> 
  custom:scripting/monoscript/fileName/ColorGradingEditor.cs: 25838050e3e1f12ef51713a5dcf60349 -> 
  custom:scripting/monoscript/fileName/AttributeDecorator.cs: 39b465f08cd0a5df82fc2ef70b766ca2 -> 
  custom:scripting/monoscript/fileName/AutoExposureEditor.cs: dfd15824649ea346b717bc72a871d75b -> 
  custom:scripting/precompiled-assembly-types:Unity.VisualScripting.Core.Editor: 1ac958119c4ad755d50390246b13522a -> 39597c0f3a76e24d87d64afa59c5f88d
  custom:scripting/monoscript/fileName/LensDistortion.cs: b7963bb1da21ba484a7b59b9f6ea3aec -> 
  custom:scripting/monoscript/fileName/ResourceAssetFactory.cs: bf6acc988648d854bb3c5751325d0d0a -> 
  custom:scripting/precompiled-assembly-types:UnityEngine.TestRunner: 7a4d96a0696e29157328c6996c3b82c5 -> f5758234275f5346968d00e3b1a1c0e4
  custom:scripting/monoscript/fileName/PostProcessProfileEditor.cs: 1dcd55858a4126cb33b0f2de53c74fbe -> 
  custom:scripting/monoscript/fileName/PostProcessDebug.cs: a653e9b773649e7452b035b4ce1dae82 -> 
  custom:scripting/monoscript/fileName/PostProcessAttribute.cs: e125947bf72ce7382f3b16f75797c897 -> 
  custom:scripting/monoscript/fileName/QuitGame.cs: 5096369e521a632ecaa19ef6bb193ad3 -> 
  custom:scripting/monoscript/fileName/Grain.cs: 43f09a87a88d9937fbb9c4dbf3d5508e -> 
  custom:scripting/monoscript/fileName/HistogramMonitor.cs: 6fd024409d6e9db8d4c2c4e26430c2ad -> 
  custom:scripting/monoscript/fileName/PostProcessProfile.cs: f6dc030e2e953b2ed0eca334cce5d5cf -> 
  custom:scripting/monoscript/fileName/ProfileFactory.cs: f835845dfebfed501813f60a1cb006a3 -> 
  custom:scripting/monoscript/fileName/PostProcessEffectEditor.cs: 90647cc400823b41df847a6cbfc29026 -> 
  custom:scripting/monoscript/fileName/CubeLutAssetImporter.cs: 5e94ca4c74dad11cc8880f33d0ba9efb -> 
  custom:scripting/monoscript/fileName/PostProcessBundle.cs: f610f855c8ae8b896b5084e85ede373e -> 
  custom:scripting/monoscript/fileName/ScreenSpaceReflectionsEditor.cs: 59c13ba25de6098e70bafe8be94f609a -> 
  custom:video-encoder-webm-vp8: eb34c28f22e8b96e1ab97ce403110664 -> 
  custom:scripting/monoscript/fileName/RuntimeUtilities.cs: 76964d36e50cc48cfa29643bdde8d9a5 -> 
  custom:scripting/monoscript/fileName/Bloom.cs: 6f6d579a64201b97313a62a1e91b3575 -> 
  custom:audio-decoder-ogg-vorbis: bf7c407c2cedff20999df2af8eb42d56 -> 
  custom:scripting/monoscript/fileName/AutoExposure.cs: 0e7c21b17f53209ee8c5c61ab59d7835 -> 
  custom:scripting/monoscript/fileName/VectorscopeMonitor.cs: cb70c6437b976f01b752cd219cc47f32 -> 
  custom:scripting/monoscript/fileName/PropertySheetFactory.cs: cfc4667cc03e44252fafe18d99f24b25 -> 
  custom:scripting/monoscript/fileName/EditorUtilities.cs: 53a52fb113757c42f9c516115bd845ca -> 
  custom:scripting/monoscript/fileName/HaltonSeq.cs: a7590e55d6fae5328a1c395a2473d0cf -> 
  custom:scripting/monoscript/fileName/MinAttribute.cs: a3e7473301291585f4cca024ce307406 -> 
  custom:scripting/monoscript/fileName/DepthOfField.cs: d62178d8b5619f59fcdd6d24617ef5fd -> 
  custom:scripting/monoscript/fileName/BloomEditor.cs: c341bb26b40744c3a5c2a142ac3e1051 -> 
  custom:scripting/monoscript/fileName/MainMenuBtns.cs: 7a4c553ed157df86ad49bd371125fa92 -> 
  custom:scripting/monoscript/fileName/WaveformMonitor.cs: 609651ee3f98f206575f684e9cce655d -> 
  custom:scripting/monoscript/fileName/HableCurve.cs: f244b24d6e7c556a2de06e25b0bbf4c1 -> 
  custom:audio-encoder-webm-vorbis: bf7c407c2cedff20999df2af8eb42d56 -> 
  custom:scripting/monoscript/fileName/PropertySheet.cs: e6bb03169eca9d33ea794a47ad6ce213 -> 
  custom:scripting/monoscript/fileName/TargetPool.cs: 6d29560228134c933c12fb1c113fb6ef -> 
  custom:scripting/monoscript/fileName/LogHistogram.cs: bab913d888834a1a8572eb834acec97c -> 
  custom:scripting/monoscript/fileName/ScreenSpaceReflections.cs: 8afa07200328ddfcb2536d4180c62536 -> 
  custom:scripting/precompiled-assembly-types:Assembly-CSharp: 4871bac5146755dc94acd0b06276f62c -> 51bdbbc7743e4ed3f8333c67aed2824c
  custom:scripting/monoscript/fileName/CurveEditor.cs: f5e872b2a5a6427a1785818cb10d95d1 -> 
  custom:scripting/monoscript/fileName/PostProcessResources.cs: 5089c17a701ba9b714a1f3d25fb9a9b0 -> 
  custom:scripting/monoscript/fileName/EffectListEditor.cs: 1ecdb4094d9e64024d6eb7725a86197b -> 
========================================================================
Received Import Request.
  Time since last request: 309.897962 seconds.
  path: Assets/MyAssets/Prefabs/Coconut.prefab
  artifactKey: Guid(d50557e7e2e56dd4ab5ca2f2110cfdea) Importer(815301076,1909f56bfc062723c751e8b465ee728b)
Start importing Assets/MyAssets/Prefabs/Coconut.prefab using Guid(d50557e7e2e56dd4ab5ca2f2110cfdea) Importer(815301076,1909f56bfc062723c751e8b465ee728b) [PhysX] Initialized MultithreadedTaskDispatcher with 32 workers.
[PhysX] Initialized MultithreadedTaskDispatcher with 32 workers.
 -> (artifact id: '655d694456395260720ec1a14f7a95be') in 0.118219 seconds
Number of updated asset objects reloaded before import = 0
Number of asset objects unloaded after import = 12
========================================================================
Received Prepare
Caller must complete domain reload
Begin MonoManager ReloadAssembly
- Loaded All Assemblies, in  0.284 seconds
Native extension for WindowsStandalone target not found
[Package Manager] Server::EnsureServerProcessIsRunning -- launch failed, reason: Unity was launched with the -noUpm command-line argument
[Package Manager] UpmClient::Send -- Unable to send message (not connected to UPM process).
[Package Manager] Cannot connect to Unity Package Manager local server
Mono: successfully reloaded assembly
- Finished resetting the current domain, in  0.524 seconds
Domain Reload Profiling: 807ms
	BeginReloadAssembly (103ms)
		ExecutionOrderSort (0ms)
		DisableScriptedObjects (3ms)
		BackupInstance (0ms)
		ReleaseScriptingObjects (0ms)
		CreateAndSetChildDomain (22ms)
	RebuildCommonClasses (20ms)
	RebuildNativeTypeToScriptingClass (6ms)
	initialDomainReloadingComplete (20ms)
	LoadAllAssembliesAndSetupDomain (133ms)
		LoadAssemblies (176ms)
		RebuildTransferFunctionScriptingTraits (0ms)
		AnalyzeDomain (11ms)
			TypeCache.Refresh (6ms)
				TypeCache.ScanAssembly (0ms)
			ScanForSourceGeneratedMonoScriptInfo (0ms)
			ResolveRequiredComponents (4ms)
	FinalizeReload (524ms)
		ReleaseScriptCaches (0ms)
		RebuildScriptCaches (0ms)
		SetupLoadedEditorAssemblies (303ms)
			LogAssemblyErrors (0ms)
			InitializePlatformSupportModulesInManaged (4ms)
			SetLoadedEditorAssemblies (2ms)
			RefreshPlugins (0ms)
			BeforeProcessingInitializeOnLoad (39ms)
			ProcessInitializeOnLoadAttributes (237ms)
			ProcessInitializeOnLoadMethodAttributes (16ms)
			AfterProcessingInitializeOnLoad (4ms)
			EditorAssembliesLoaded (0ms)
		ExecutionOrderSort2 (0ms)
		AwakeInstancesAfterBackupRestoration (6ms)
Refreshing native plugins compatible for Editor in 1.20 ms, found 3 plugins.
Preloading 0 native plugins for Editor in 0.00 ms.
Unloading 3284 Unused Serialized files (Serialized files now loaded: 0)
Unloading 55 unused Assets / (4.3 MB). Loaded Objects now: 4154.
Memory consumption went from 157.3 MB to 153.0 MB.
Total: 3.551600 ms (FindLiveObjects: 0.202000 ms CreateObjectMapping: 0.052200 ms MarkObjects: 2.195400 ms  DeleteObjects: 1.100500 ms)

Prepare: number of updated asset objects reloaded= 0
AssetImportParameters requested are different than current active one (requested -> active):
  custom:scripting/monoscript/fileName/Decorators.cs: 4533f6715dc3f8cdabbd37ff77d1dad7 -> 
  custom:scripting/monoscript/fileName/GlobalSettings.cs: e5eb35b80bdfaee4ead1e1630fd77998 -> 
  custom:scripting/monoscript/fileName/PostProcessEffectBaseEditor.cs: 972bdf00f442be0d879dcb6868e25c8e -> 
  custom:scripting/monoscript/fileName/PostProcessRenderContext.cs: 9e034c8bf7d42a1d6c2d4339915eccb0 -> 
  custom:scripting/monoscript/fileName/Spline.cs: 7876820de12ed89d33ad838af99a030e -> 
  custom:scripting/monoscript/fileName/ColorGrading.cs: ef67493fb3cf9676ba5f25862510a595 -> 
  custom:scripting/monoscript/fileName/Monitor.cs: e0eb5d32b3aade2e0ce8680b00ac2b78 -> 
  custom:scripting/precompiled-assembly-types:Unity.Postprocessing.Runtime: 655cd018e42ac91ed9a03cfbdae17956 -> 
  custom:scripting/monoscript/fileName/TemporalAntialiasing.cs: 71e40fdab49d34f4e07f83936454d904 -> 
  custom:container-demuxer-ogg: 62fdf1f143b41e24485cea50d1cbac27 -> 
  custom:scripting/monoscript/fileName/AmbientOcclusion.cs: 7a27923f9312611f0b2898a72e3ee96a -> 
  custom:scripting/precompiled-assembly-types:Unity.PlasticSCM.Editor: 6422b6ca0d4c4c6df738ede20396ac4f -> 61b19ddb92073bec3b858fc919e16e73
  custom:scripting/monoscript/fileName/PostProcessDebugLayer.cs: 6d8a99809398beddf11f92dfbb0e6ad4 -> 
  custom:scripting/monoscript/fileName/ColorUtilities.cs: 47918ebfa890b947a816b80444ee2882 -> 
  custom:scripting/monoscript/fileName/ParameterOverride.cs: 5475497db741ca919df708e5019e593d -> 
  custom:scripting/monoscript/fileName/TextureLerper.cs: 973e800795f77d61d647ea0c3f0cf284 -> 
  custom:scripting/precompiled-assembly-types:Unity.Postprocessing.Editor: 23b49e25b965492466cd147d7735360a -> 
  custom:scripting/monoscript/fileName/Vignette.cs: e0b99ac31b7575ef776e7be56647abb0 -> 
  custom:scripting/monoscript/fileName/DepthOfFieldEditor.cs: 64cce655bf722c851048e2ebbf401a7b -> 
  custom:scripting/monoscript/fileName/DefaultPostProcessEffectEditor.cs: 06a1d8fcea7725e08b95f21cc15fd0a1 -> 
  custom:scripting/monoscript/fileName/MainMenuGUI.cs: 091df4f91c57b9accec9de62246fca77 -> 
  custom:scripting/monoscript/fileName/PostProcessLayer.cs: aa288976158dcd4c24041d5304f25d07 -> 
  custom:video-codec-MediaFoundation-h265: 746d11721c4dcdbdad8f713fa42b33f4 -> 
  custom:scripting/monoscript/fileName/MaxAttribute.cs: d661645ab8c724f24b3e19978e87b44c -> 
  custom:scripting/monoscript/fileName/PostProcessDebugEditor.cs: 1a0488d8742bf880cc7334e53e2cc73d -> 
  custom:video-decoder-ogg-theora: a1e56fd34408186e4bbccfd4996cb3dc -> 
  custom:scripting/monoscript/fileName/SerializedParameterOverride.cs: 5e4deaf96895d013d32a8e84ec179f8e -> 
  custom:scripting/monoscript/fileName/MeshUtilities.cs: dc5356b699afd34cf9728f4d65b476a0 -> 
  custom:scripting/monoscript/fileName/AmbientOcclusionEditor.cs: 61e5422c29b8f52188d508eb7d382167 -> 
  custom:scripting/monoscript/fileName/LoadScene.cs: 206f1b3f828a012e3128d4c1e305d0fb -> 
  custom:scripting/monoscript/fileName/FastApproximateAntialiasing.cs: bf5588b2deec2689a812a7d2eacd9bd5 -> 
  custom:scripting/monoscript/fileName/MotionBlur.cs: 823914e335803785a19e5990c6ab2911 -> 
  custom:scripting/monoscript/fileName/DefineSetter.cs: 292ba08e52064b1a72f8d4bb04301dd3 -> 
  custom:framework-win-MediaFoundation: 216162199b28c13a410421893ffa2e32 -> 
  custom:scripting/monoscript/fileName/ShaderIDs.cs: 96024f1f873475da65a783f1404f9117 -> 
  custom:scripting/monoscript/fileName/PostProcessEditorAttribute.cs: 672a58b4d5bab60112487a31c361c481 -> 
  custom:scripting/monoscript/fileName/LensDistortionEditor.cs: dee045d29944d55e8040435a58a7ce90 -> 
  custom:scripting/monoscript/fileName/MotionBlurEditor.cs: 3bd8d3e7e9a7ea94beb2e5517b62d27b -> 
  custom:scripting/monoscript/fileName/Dithering.cs: 3014fffaa718d0ad6dd2c7bb7956ed46 -> 
  custom:scripting/monoscript/fileName/DecoratorAttribute.cs: be5bd39119e1a41ea1a019fdb3818a3f -> 
  custom:scripting/monoscript/fileName/DisplayNameAttribute.cs: 935a6ac504eb8a852fba40cbcae9292c -> 
  custom:scripting/monoscript/fileName/PostProcessEffectSettings.cs: 2ab9d33170e863b1a9c8a9079cdd12aa -> 
  custom:scripting/monoscript/fileName/Fog.cs: 07e271953e2bcf8513b6a72a2737e767 -> 
  custom:scripting/monoscript/fileName/PostProcessManager.cs: 28ef7780d543a8111635e1f5051383d0 -> 
  custom:scripting/monoscript/fileName/VolumeFactory.cs: cc77136700c9e1ff894d234886ccb852 -> 
  custom:scripting/precompiled-assembly-types:Unity.Timeline.Editor: b4313fba5652ee5a8449f3ec85f31ae4 -> 534d7c71c4dd9147ea00599cede121e1
  custom:CustomObjectIndexerAttribute: 9a22284fe3817be447336de3de66b15e -> 
  custom:scripting/monoscript/fileName/PostProcessEvent.cs: 8fb6e54ff2cf1a8be7ecdd01fbdd78f8 -> 
  custom:scripting/monoscript/fileName/TrackballAttribute.cs: 8dea8f77de7bd03137cc578af1ea6656 -> 
  custom:scripting/monoscript/fileName/TrackballDecorator.cs: 6a2b6c747937d12d8d81be8f5b21fbd2 -> 
  custom:scripting/monoscript/fileName/MultiScaleVO.cs: d4c4732956ffb536e016475d75f04c43 -> 
  custom:scripting/monoscript/fileName/CubeLutAssetFactory.cs: db1961888d7cabf6be94b37e3b663de4 -> 
  custom:container-demuxer-webm: 4f35f7cbe854078d1ac9338744f61a02 -> 
  custom:scripting/monoscript/fileName/PostProcessVolumeEditor.cs: 7aae71821512dcac422c45dc773293c3 -> 
  custom:scripting/monoscript/fileName/ChromaticAberration.cs: 4d59e57f8324f5f986e16678ed451410 -> 
  custom:scripting/monoscript/fileName/VignetteEditor.cs: 345736fc911c5e8ab23e579751a40e4a -> 
  custom:scripting/monoscript/fileName/Styling.cs: d1c4aa14ff93670753edfbb93fc91bfe -> 
  custom:scripting/monoscript/fileName/PostProcessEffectRendererExtensions.cs: e953624d113e7e1739c702512603957d -> 
  custom:scripting/monoscript/fileName/ScalableAO.cs: 2f29d71d59b754086c809cfee1cdce34 -> 
  custom:scripting/monoscript/fileName/PostProcessLayerEditor.cs: d16de665ece05cd6e27dcc8d7bac4b9a -> 
  custom:scripting/monoscript/fileName/MinMaxAttribute.cs: a4b6ac8a4377612c7135a60f905792f1 -> 
  custom:scripting/monoscript/fileName/SubpixelMorphologicalAntialiasing.cs: 02dcb8839824addec278047da0509aea -> 
  custom:scripting/monoscript/fileName/BaseEditor.cs: 90647cc400823b41df847a6cbfc29026 -> 
  custom:container-muxer-webm: aa71ff27fc2769a1b78a27578f13a17b -> 
  custom:video-decoder-webm-vp8: 9c59270c3fd7afecdb556c50c9e8de78 -> 
  custom:SearchIndexIgnoredProperties: e643bd26f0fe6173181afceb89e7c659 -> 
  custom:scripting/monoscript/fileName/ChromaticAberrationEditor.cs: 3043bf57519b71f64b7a6de970c2487b -> 
  custom:scripting/monoscript/fileName/PostProcessEffectRenderer.cs: 577c5acf8157ecea944bb95c8c6d9a95 -> 
  custom:AudioImporter_EditorPlatform: d09bf68614088b80899f8185d706f6e7 -> 
  custom:scripting/monoscript/fileName/TextureFormatUtilities.cs: ba58c57cfaabc0f8201a9ca6902fcb23 -> 
  custom:scripting/monoscript/fileName/PostProcessVolume.cs: 3883cef4be0567c54caf457a416a2095 -> 
  custom:scripting/monoscript/fileName/LightMeterMonitor.cs: a897ae0c731cb153281aea9ecd0efb03 -> 
  custom:scripting/monoscript/fileName/ColorGradingEditor.cs: 25838050e3e1f12ef51713a5dcf60349 -> 
  custom:scripting/monoscript/fileName/AttributeDecorator.cs: 39b465f08cd0a5df82fc2ef70b766ca2 -> 
  custom:scripting/monoscript/fileName/AutoExposureEditor.cs: dfd15824649ea346b717bc72a871d75b -> 
  custom:scripting/precompiled-assembly-types:Unity.VisualScripting.Core.Editor: 1ac958119c4ad755d50390246b13522a -> 39597c0f3a76e24d87d64afa59c5f88d
  custom:scripting/monoscript/fileName/LensDistortion.cs: b7963bb1da21ba484a7b59b9f6ea3aec -> 
  custom:scripting/monoscript/fileName/ResourceAssetFactory.cs: bf6acc988648d854bb3c5751325d0d0a -> 
  custom:scripting/precompiled-assembly-types:UnityEngine.TestRunner: 7a4d96a0696e29157328c6996c3b82c5 -> f5758234275f5346968d00e3b1a1c0e4
  custom:scripting/monoscript/fileName/PostProcessProfileEditor.cs: 1dcd55858a4126cb33b0f2de53c74fbe -> 
  custom:scripting/monoscript/fileName/PostProcessDebug.cs: a653e9b773649e7452b035b4ce1dae82 -> 
  custom:scripting/monoscript/fileName/PostProcessAttribute.cs: e125947bf72ce7382f3b16f75797c897 -> 
  custom:scripting/monoscript/fileName/QuitGame.cs: 5096369e521a632ecaa19ef6bb193ad3 -> 
  custom:scripting/monoscript/fileName/Grain.cs: 43f09a87a88d9937fbb9c4dbf3d5508e -> 
  custom:scripting/monoscript/fileName/HistogramMonitor.cs: 6fd024409d6e9db8d4c2c4e26430c2ad -> 
  custom:scripting/monoscript/fileName/PostProcessProfile.cs: f6dc030e2e953b2ed0eca334cce5d5cf -> 
  custom:scripting/monoscript/fileName/ProfileFactory.cs: f835845dfebfed501813f60a1cb006a3 -> 
  custom:scripting/monoscript/fileName/PostProcessEffectEditor.cs: 90647cc400823b41df847a6cbfc29026 -> 
  custom:scripting/monoscript/fileName/CubeLutAssetImporter.cs: 5e94ca4c74dad11cc8880f33d0ba9efb -> 
  custom:scripting/monoscript/fileName/PostProcessBundle.cs: f610f855c8ae8b896b5084e85ede373e -> 
  custom:scripting/monoscript/fileName/ScreenSpaceReflectionsEditor.cs: 59c13ba25de6098e70bafe8be94f609a -> 
  custom:video-encoder-webm-vp8: eb34c28f22e8b96e1ab97ce403110664 -> 
  custom:scripting/monoscript/fileName/RuntimeUtilities.cs: 76964d36e50cc48cfa29643bdde8d9a5 -> 
  custom:scripting/monoscript/fileName/Bloom.cs: 6f6d579a64201b97313a62a1e91b3575 -> 
  custom:audio-decoder-ogg-vorbis: bf7c407c2cedff20999df2af8eb42d56 -> 
  custom:scripting/monoscript/fileName/AutoExposure.cs: 0e7c21b17f53209ee8c5c61ab59d7835 -> 
  custom:scripting/monoscript/fileName/VectorscopeMonitor.cs: cb70c6437b976f01b752cd219cc47f32 -> 
  custom:scripting/monoscript/fileName/PropertySheetFactory.cs: cfc4667cc03e44252fafe18d99f24b25 -> 
  custom:scripting/monoscript/fileName/EditorUtilities.cs: 53a52fb113757c42f9c516115bd845ca -> 
  custom:scripting/monoscript/fileName/HaltonSeq.cs: a7590e55d6fae5328a1c395a2473d0cf -> 
  custom:scripting/monoscript/fileName/MinAttribute.cs: a3e7473301291585f4cca024ce307406 -> 
  custom:scripting/monoscript/fileName/DepthOfField.cs: d62178d8b5619f59fcdd6d24617ef5fd -> 
  custom:scripting/monoscript/fileName/BloomEditor.cs: c341bb26b40744c3a5c2a142ac3e1051 -> 
  custom:scripting/monoscript/fileName/MainMenuBtns.cs: 7a4c553ed157df86ad49bd371125fa92 -> 
  custom:scripting/monoscript/fileName/WaveformMonitor.cs: 609651ee3f98f206575f684e9cce655d -> 
  custom:scripting/monoscript/fileName/HableCurve.cs: f244b24d6e7c556a2de06e25b0bbf4c1 -> 
  custom:audio-encoder-webm-vorbis: bf7c407c2cedff20999df2af8eb42d56 -> 
  custom:scripting/monoscript/fileName/PropertySheet.cs: e6bb03169eca9d33ea794a47ad6ce213 -> 
  custom:scripting/monoscript/fileName/TargetPool.cs: 6d29560228134c933c12fb1c113fb6ef -> 
  custom:scripting/monoscript/fileName/LogHistogram.cs: bab913d888834a1a8572eb834acec97c -> 
  custom:scripting/monoscript/fileName/ScreenSpaceReflections.cs: 8afa07200328ddfcb2536d4180c62536 -> 
  custom:scripting/precompiled-assembly-types:Assembly-CSharp: 4871bac5146755dc94acd0b06276f62c -> 51bdbbc7743e4ed3f8333c67aed2824c
  custom:scripting/monoscript/fileName/CurveEditor.cs: f5e872b2a5a6427a1785818cb10d95d1 -> 
  custom:scripting/monoscript/fileName/PostProcessResources.cs: 5089c17a701ba9b714a1f3d25fb9a9b0 -> 
  custom:scripting/monoscript/fileName/EffectListEditor.cs: 1ecdb4094d9e64024d6eb7725a86197b -> 
========================================================================
Received Import Request.
  Time since last request: 104.488349 seconds.
  path: Assets/MyAssets/Prefabs/Coconut.prefab
  artifactKey: Guid(d50557e7e2e56dd4ab5ca2f2110cfdea) Importer(815301076,1909f56bfc062723c751e8b465ee728b)
Start importing Assets/MyAssets/Prefabs/Coconut.prefab using Guid(d50557e7e2e56dd4ab5ca2f2110cfdea) Importer(815301076,1909f56bfc062723c751e8b465ee728b) [PhysX] Initialized MultithreadedTaskDispatcher with 32 workers.
[PhysX] Initialized MultithreadedTaskDispatcher with 32 workers.
 -> (artifact id: 'dee80101c3a62849afd7214e56a06d16') in 0.056122 seconds
Number of updated asset objects reloaded before import = 0
Number of asset objects unloaded after import = 12
========================================================================
Received Import Request.
  Time since last request: 58.683334 seconds.
  path: Assets/MyAssets/Prefabs/Coconut.prefab
  artifactKey: Guid(d50557e7e2e56dd4ab5ca2f2110cfdea) Importer(815301076,1909f56bfc062723c751e8b465ee728b)
Start importing Assets/MyAssets/Prefabs/Coconut.prefab using Guid(d50557e7e2e56dd4ab5ca2f2110cfdea) Importer(815301076,1909f56bfc062723c751e8b465ee728b) [PhysX] Initialized MultithreadedTaskDispatcher with 32 workers.
[PhysX] Initialized MultithreadedTaskDispatcher with 32 workers.
 -> (artifact id: '836fccd0883f78e040903b4f6e6897c4') in 0.010492 seconds
Number of updated asset objects reloaded before import = 0
Number of asset objects unloaded after import = 14
========================================================================
Received Import Request.
  Time since last request: 17.670907 seconds.
  path: Assets/MyAssets/Prefabs/Coconut.prefab
  artifactKey: Guid(d50557e7e2e56dd4ab5ca2f2110cfdea) Importer(815301076,1909f56bfc062723c751e8b465ee728b)
Start importing Assets/MyAssets/Prefabs/Coconut.prefab using Guid(d50557e7e2e56dd4ab5ca2f2110cfdea) Importer(815301076,1909f56bfc062723c751e8b465ee728b) [PhysX] Initialized MultithreadedTaskDispatcher with 32 workers.
[PhysX] Initialized MultithreadedTaskDispatcher with 32 workers.
 -> (artifact id: '0d8a4ad2f48c52695fa933dc65fb8c66') in 0.017774 seconds
Number of updated asset objects reloaded before import = 0
Number of asset objects unloaded after import = 14
========================================================================
Received Import Request.
  Time since last request: 28.564400 seconds.
  path: Assets/MyAssets/Prefabs/Coconut.prefab
  artifactKey: Guid(d50557e7e2e56dd4ab5ca2f2110cfdea) Importer(815301076,1909f56bfc062723c751e8b465ee728b)
Start importing Assets/MyAssets/Prefabs/Coconut.prefab using Guid(d50557e7e2e56dd4ab5ca2f2110cfdea) Importer(815301076,1909f56bfc062723c751e8b465ee728b) [PhysX] Initialized MultithreadedTaskDispatcher with 32 workers.
[PhysX] Initialized MultithreadedTaskDispatcher with 32 workers.
 -> (artifact id: '83622a1bc9982d025e2d2e7edd595e0d') in 0.014253 seconds
Number of updated asset objects reloaded before import = 0
Number of asset objects unloaded after import = 14
========================================================================
Received Import Request.
  Time since last request: 7.271474 seconds.
  path: Assets/MyAssets/Prefabs/Coconut.prefab
  artifactKey: Guid(d50557e7e2e56dd4ab5ca2f2110cfdea) Importer(815301076,1909f56bfc062723c751e8b465ee728b)
Start importing Assets/MyAssets/Prefabs/Coconut.prefab using Guid(d50557e7e2e56dd4ab5ca2f2110cfdea) Importer(815301076,1909f56bfc062723c751e8b465ee728b) [PhysX] Initialized MultithreadedTaskDispatcher with 32 workers.
[PhysX] Initialized MultithreadedTaskDispatcher with 32 workers.
 -> (artifact id: '77f8de06ef0b6b13d8cf213599e1fab1') in 0.017036 seconds
Number of updated asset objects reloaded before import = 0
Number of asset objects unloaded after import = 14
========================================================================
Received Import Request.
  Time since last request: 8.100959 seconds.
  path: Assets/MyAssets/Prefabs/Coconut.prefab
  artifactKey: Guid(d50557e7e2e56dd4ab5ca2f2110cfdea) Importer(815301076,1909f56bfc062723c751e8b465ee728b)
Start importing Assets/MyAssets/Prefabs/Coconut.prefab using Guid(d50557e7e2e56dd4ab5ca2f2110cfdea) Importer(815301076,1909f56bfc062723c751e8b465ee728b) [PhysX] Initialized MultithreadedTaskDispatcher with 32 workers.
[PhysX] Initialized MultithreadedTaskDispatcher with 32 workers.
 -> (artifact id: '895d836e23f24583db8e0fa89544fd9d') in 0.005488 seconds
Number of updated asset objects reloaded before import = 0
Number of asset objects unloaded after import = 14
========================================================================
Received Import Request.
  Time since last request: 9.234331 seconds.
  path: Assets/MyAssets/Prefabs/Coconut.prefab
  artifactKey: Guid(d50557e7e2e56dd4ab5ca2f2110cfdea) Importer(815301076,1909f56bfc062723c751e8b465ee728b)
Start importing Assets/MyAssets/Prefabs/Coconut.prefab using Guid(d50557e7e2e56dd4ab5ca2f2110cfdea) Importer(815301076,1909f56bfc062723c751e8b465ee728b) [PhysX] Initialized MultithreadedTaskDispatcher with 32 workers.
[PhysX] Initialized MultithreadedTaskDispatcher with 32 workers.
 -> (artifact id: '1c75536488682f11a8830f27258c582d') in 0.005773 seconds
Number of updated asset objects reloaded before import = 0
Number of asset objects unloaded after import = 14
========================================================================
Received Import Request.
  Time since last request: 8.410324 seconds.
  path: Assets/MyAssets/Prefabs/Coconut.prefab
  artifactKey: Guid(d50557e7e2e56dd4ab5ca2f2110cfdea) Importer(815301076,1909f56bfc062723c751e8b465ee728b)
Start importing Assets/MyAssets/Prefabs/Coconut.prefab using Guid(d50557e7e2e56dd4ab5ca2f2110cfdea) Importer(815301076,1909f56bfc062723c751e8b465ee728b) [PhysX] Initialized MultithreadedTaskDispatcher with 32 workers.
[PhysX] Initialized MultithreadedTaskDispatcher with 32 workers.
 -> (artifact id: '9c0bae9c287bbc22a2a7bb9148609ed7') in 0.006174 seconds
Number of updated asset objects reloaded before import = 0
Number of asset objects unloaded after import = 14
========================================================================
Received Import Request.
  Time since last request: 52.733499 seconds.
  path: Assets/MyAssets/Prefabs/Coconut.prefab
  artifactKey: Guid(d50557e7e2e56dd4ab5ca2f2110cfdea) Importer(815301076,1909f56bfc062723c751e8b465ee728b)
Start importing Assets/MyAssets/Prefabs/Coconut.prefab using Guid(d50557e7e2e56dd4ab5ca2f2110cfdea) Importer(815301076,1909f56bfc062723c751e8b465ee728b) [PhysX] Initialized MultithreadedTaskDispatcher with 32 workers.
[PhysX] Initialized MultithreadedTaskDispatcher with 32 workers.
 -> (artifact id: '89c370a71a1a2f7b6ba96306d5ec5516') in 0.006621 seconds
Number of updated asset objects reloaded before import = 0
Number of asset objects unloaded after import = 14
========================================================================
Received Import Request.
  Time since last request: 2.934564 seconds.
  path: Assets/MyAssets/Prefabs/Coconut.prefab
  artifactKey: Guid(d50557e7e2e56dd4ab5ca2f2110cfdea) Importer(815301076,1909f56bfc062723c751e8b465ee728b)
Start importing Assets/MyAssets/Prefabs/Coconut.prefab using Guid(d50557e7e2e56dd4ab5ca2f2110cfdea) Importer(815301076,1909f56bfc062723c751e8b465ee728b) [PhysX] Initialized MultithreadedTaskDispatcher with 32 workers.
[PhysX] Initialized MultithreadedTaskDispatcher with 32 workers.
 -> (artifact id: '72e90a879433a86f882a88cc8f04502e') in 0.004919 seconds
Number of updated asset objects reloaded before import = 0
Number of asset objects unloaded after import = 14
========================================================================
Received Prepare
Caller must complete domain reload
Begin MonoManager ReloadAssembly
- Loaded All Assemblies, in  0.279 seconds
Native extension for WindowsStandalone target not found
[Package Manager] Server::EnsureServerProcessIsRunning -- launch failed, reason: Unity was launched with the -noUpm command-line argument
[Package Manager] UpmClient::Send -- Unable to send message (not connected to UPM process).
[Package Manager] Cannot connect to Unity Package Manager local server
Mono: successfully reloaded assembly
- Finished resetting the current domain, in  0.508 seconds
Domain Reload Profiling: 786ms
	BeginReloadAssembly (102ms)
		ExecutionOrderSort (0ms)
		DisableScriptedObjects (3ms)
		BackupInstance (0ms)
		ReleaseScriptingObjects (0ms)
		CreateAndSetChildDomain (22ms)
	RebuildCommonClasses (19ms)
	RebuildNativeTypeToScriptingClass (6ms)
	initialDomainReloadingComplete (18ms)
	LoadAllAssembliesAndSetupDomain (133ms)
		LoadAssemblies (175ms)
		RebuildTransferFunctionScriptingTraits (0ms)
		AnalyzeDomain (10ms)
			TypeCache.Refresh (4ms)
				TypeCache.ScanAssembly (0ms)
			ScanForSourceGeneratedMonoScriptInfo (0ms)
			ResolveRequiredComponents (4ms)
	FinalizeReload (508ms)
		ReleaseScriptCaches (0ms)
		RebuildScriptCaches (0ms)
		SetupLoadedEditorAssemblies (290ms)
			LogAssemblyErrors (0ms)
			InitializePlatformSupportModulesInManaged (4ms)
			SetLoadedEditorAssemblies (2ms)
			RefreshPlugins (0ms)
			BeforeProcessingInitializeOnLoad (38ms)
			ProcessInitializeOnLoadAttributes (227ms)
			ProcessInitializeOnLoadMethodAttributes (15ms)
			AfterProcessingInitializeOnLoad (3ms)
			EditorAssembliesLoaded (0ms)
		ExecutionOrderSort2 (0ms)
		AwakeInstancesAfterBackupRestoration (6ms)
Refreshing native plugins compatible for Editor in 1.49 ms, found 3 plugins.
Preloading 0 native plugins for Editor in 0.00 ms.
Unloading 3284 Unused Serialized files (Serialized files now loaded: 0)
Unloading 55 unused Assets / (4.3 MB). Loaded Objects now: 4157.
Memory consumption went from 157.3 MB to 153.0 MB.
Total: 3.366500 ms (FindLiveObjects: 0.193600 ms CreateObjectMapping: 0.057700 ms MarkObjects: 1.996300 ms  DeleteObjects: 1.118300 ms)

Prepare: number of updated asset objects reloaded= 0
AssetImportParameters requested are different than current active one (requested -> active):
  custom:scripting/monoscript/fileName/Decorators.cs: 4533f6715dc3f8cdabbd37ff77d1dad7 -> 
  custom:scripting/monoscript/fileName/GlobalSettings.cs: e5eb35b80bdfaee4ead1e1630fd77998 -> 
  custom:scripting/monoscript/fileName/PostProcessEffectBaseEditor.cs: 972bdf00f442be0d879dcb6868e25c8e -> 
  custom:scripting/monoscript/fileName/PostProcessRenderContext.cs: 9e034c8bf7d42a1d6c2d4339915eccb0 -> 
  custom:scripting/monoscript/fileName/Spline.cs: 7876820de12ed89d33ad838af99a030e -> 
  custom:scripting/monoscript/fileName/ColorGrading.cs: ef67493fb3cf9676ba5f25862510a595 -> 
  custom:scripting/monoscript/fileName/Monitor.cs: e0eb5d32b3aade2e0ce8680b00ac2b78 -> 
  custom:scripting/precompiled-assembly-types:Unity.Postprocessing.Runtime: 655cd018e42ac91ed9a03cfbdae17956 -> 
  custom:scripting/monoscript/fileName/TemporalAntialiasing.cs: 71e40fdab49d34f4e07f83936454d904 -> 
  custom:container-demuxer-ogg: 62fdf1f143b41e24485cea50d1cbac27 -> 
  custom:scripting/monoscript/fileName/AmbientOcclusion.cs: 7a27923f9312611f0b2898a72e3ee96a -> 
  custom:scripting/precompiled-assembly-types:Unity.PlasticSCM.Editor: 6422b6ca0d4c4c6df738ede20396ac4f -> 61b19ddb92073bec3b858fc919e16e73
  custom:scripting/monoscript/fileName/PostProcessDebugLayer.cs: 6d8a99809398beddf11f92dfbb0e6ad4 -> 
  custom:scripting/monoscript/fileName/ColorUtilities.cs: 47918ebfa890b947a816b80444ee2882 -> 
  custom:scripting/monoscript/fileName/ParameterOverride.cs: 5475497db741ca919df708e5019e593d -> 
  custom:scripting/monoscript/fileName/TextureLerper.cs: 973e800795f77d61d647ea0c3f0cf284 -> 
  custom:scripting/precompiled-assembly-types:Unity.Postprocessing.Editor: 23b49e25b965492466cd147d7735360a -> 
  custom:scripting/monoscript/fileName/Vignette.cs: e0b99ac31b7575ef776e7be56647abb0 -> 
  custom:scripting/monoscript/fileName/DepthOfFieldEditor.cs: 64cce655bf722c851048e2ebbf401a7b -> 
  custom:scripting/monoscript/fileName/DefaultPostProcessEffectEditor.cs: 06a1d8fcea7725e08b95f21cc15fd0a1 -> 
  custom:scripting/monoscript/fileName/MainMenuGUI.cs: 091df4f91c57b9accec9de62246fca77 -> 
  custom:scripting/monoscript/fileName/PostProcessLayer.cs: aa288976158dcd4c24041d5304f25d07 -> 
  custom:video-codec-MediaFoundation-h265: 746d11721c4dcdbdad8f713fa42b33f4 -> 
  custom:scripting/monoscript/fileName/MaxAttribute.cs: d661645ab8c724f24b3e19978e87b44c -> 
  custom:scripting/monoscript/fileName/PostProcessDebugEditor.cs: 1a0488d8742bf880cc7334e53e2cc73d -> 
  custom:video-decoder-ogg-theora: a1e56fd34408186e4bbccfd4996cb3dc -> 
  custom:scripting/monoscript/fileName/SerializedParameterOverride.cs: 5e4deaf96895d013d32a8e84ec179f8e -> 
  custom:scripting/monoscript/fileName/MeshUtilities.cs: dc5356b699afd34cf9728f4d65b476a0 -> 
  custom:scripting/monoscript/fileName/AmbientOcclusionEditor.cs: 61e5422c29b8f52188d508eb7d382167 -> 
  custom:scripting/monoscript/fileName/LoadScene.cs: 206f1b3f828a012e3128d4c1e305d0fb -> 
  custom:scripting/monoscript/fileName/FastApproximateAntialiasing.cs: bf5588b2deec2689a812a7d2eacd9bd5 -> 
  custom:scripting/monoscript/fileName/MotionBlur.cs: 823914e335803785a19e5990c6ab2911 -> 
  custom:scripting/monoscript/fileName/DefineSetter.cs: 292ba08e52064b1a72f8d4bb04301dd3 -> 
  custom:framework-win-MediaFoundation: 216162199b28c13a410421893ffa2e32 -> 
  custom:scripting/monoscript/fileName/ShaderIDs.cs: 96024f1f873475da65a783f1404f9117 -> 
  custom:scripting/monoscript/fileName/PostProcessEditorAttribute.cs: 672a58b4d5bab60112487a31c361c481 -> 
  custom:scripting/monoscript/fileName/LensDistortionEditor.cs: dee045d29944d55e8040435a58a7ce90 -> 
  custom:scripting/monoscript/fileName/MotionBlurEditor.cs: 3bd8d3e7e9a7ea94beb2e5517b62d27b -> 
  custom:scripting/monoscript/fileName/Dithering.cs: 3014fffaa718d0ad6dd2c7bb7956ed46 -> 
  custom:scripting/monoscript/fileName/DecoratorAttribute.cs: be5bd39119e1a41ea1a019fdb3818a3f -> 
  custom:scripting/monoscript/fileName/DisplayNameAttribute.cs: 935a6ac504eb8a852fba40cbcae9292c -> 
  custom:scripting/monoscript/fileName/PostProcessEffectSettings.cs: 2ab9d33170e863b1a9c8a9079cdd12aa -> 
  custom:scripting/monoscript/fileName/Fog.cs: 07e271953e2bcf8513b6a72a2737e767 -> 
  custom:scripting/monoscript/fileName/PostProcessManager.cs: 28ef7780d543a8111635e1f5051383d0 -> 
  custom:scripting/monoscript/fileName/VolumeFactory.cs: cc77136700c9e1ff894d234886ccb852 -> 
  custom:scripting/precompiled-assembly-types:Unity.Timeline.Editor: b4313fba5652ee5a8449f3ec85f31ae4 -> 534d7c71c4dd9147ea00599cede121e1
  custom:CustomObjectIndexerAttribute: 9a22284fe3817be447336de3de66b15e -> 
  custom:scripting/monoscript/fileName/PostProcessEvent.cs: 8fb6e54ff2cf1a8be7ecdd01fbdd78f8 -> 
  custom:scripting/monoscript/fileName/TrackballAttribute.cs: 8dea8f77de7bd03137cc578af1ea6656 -> 
  custom:scripting/monoscript/fileName/TrackballDecorator.cs: 6a2b6c747937d12d8d81be8f5b21fbd2 -> 
  custom:scripting/monoscript/fileName/MultiScaleVO.cs: d4c4732956ffb536e016475d75f04c43 -> 
  custom:scripting/monoscript/fileName/CubeLutAssetFactory.cs: db1961888d7cabf6be94b37e3b663de4 -> 
  custom:container-demuxer-webm: 4f35f7cbe854078d1ac9338744f61a02 -> 
  custom:scripting/monoscript/fileName/PostProcessVolumeEditor.cs: 7aae71821512dcac422c45dc773293c3 -> 
  custom:scripting/monoscript/fileName/ChromaticAberration.cs: 4d59e57f8324f5f986e16678ed451410 -> 
  custom:scripting/monoscript/fileName/VignetteEditor.cs: 345736fc911c5e8ab23e579751a40e4a -> 
  custom:scripting/monoscript/fileName/Styling.cs: d1c4aa14ff93670753edfbb93fc91bfe -> 
  custom:scripting/monoscript/fileName/PostProcessEffectRendererExtensions.cs: e953624d113e7e1739c702512603957d -> 
  custom:scripting/monoscript/fileName/ScalableAO.cs: 2f29d71d59b754086c809cfee1cdce34 -> 
  custom:scripting/monoscript/fileName/PostProcessLayerEditor.cs: d16de665ece05cd6e27dcc8d7bac4b9a -> 
  custom:scripting/monoscript/fileName/MinMaxAttribute.cs: a4b6ac8a4377612c7135a60f905792f1 -> 
  custom:scripting/monoscript/fileName/SubpixelMorphologicalAntialiasing.cs: 02dcb8839824addec278047da0509aea -> 
  custom:scripting/monoscript/fileName/BaseEditor.cs: 90647cc400823b41df847a6cbfc29026 -> 
  custom:container-muxer-webm: aa71ff27fc2769a1b78a27578f13a17b -> 
  custom:video-decoder-webm-vp8: 9c59270c3fd7afecdb556c50c9e8de78 -> 
  custom:SearchIndexIgnoredProperties: e643bd26f0fe6173181afceb89e7c659 -> 
  custom:scripting/monoscript/fileName/ChromaticAberrationEditor.cs: 3043bf57519b71f64b7a6de970c2487b -> 
  custom:scripting/monoscript/fileName/PostProcessEffectRenderer.cs: 577c5acf8157ecea944bb95c8c6d9a95 -> 
  custom:AudioImporter_EditorPlatform: d09bf68614088b80899f8185d706f6e7 -> 
  custom:scripting/monoscript/fileName/TextureFormatUtilities.cs: ba58c57cfaabc0f8201a9ca6902fcb23 -> 
  custom:scripting/monoscript/fileName/PostProcessVolume.cs: 3883cef4be0567c54caf457a416a2095 -> 
  custom:scripting/monoscript/fileName/LightMeterMonitor.cs: a897ae0c731cb153281aea9ecd0efb03 -> 
  custom:scripting/monoscript/fileName/ColorGradingEditor.cs: 25838050e3e1f12ef51713a5dcf60349 -> 
  custom:scripting/monoscript/fileName/AttributeDecorator.cs: 39b465f08cd0a5df82fc2ef70b766ca2 -> 
  custom:scripting/monoscript/fileName/AutoExposureEditor.cs: dfd15824649ea346b717bc72a871d75b -> 
  custom:scripting/precompiled-assembly-types:Unity.VisualScripting.Core.Editor: 1ac958119c4ad755d50390246b13522a -> 39597c0f3a76e24d87d64afa59c5f88d
  custom:scripting/monoscript/fileName/LensDistortion.cs: b7963bb1da21ba484a7b59b9f6ea3aec -> 
  custom:scripting/monoscript/fileName/ResourceAssetFactory.cs: bf6acc988648d854bb3c5751325d0d0a -> 
  custom:scripting/precompiled-assembly-types:UnityEngine.TestRunner: 7a4d96a0696e29157328c6996c3b82c5 -> f5758234275f5346968d00e3b1a1c0e4
  custom:scripting/monoscript/fileName/PostProcessProfileEditor.cs: 1dcd55858a4126cb33b0f2de53c74fbe -> 
  custom:scripting/monoscript/fileName/PostProcessDebug.cs: a653e9b773649e7452b035b4ce1dae82 -> 
  custom:scripting/monoscript/fileName/PostProcessAttribute.cs: e125947bf72ce7382f3b16f75797c897 -> 
  custom:scripting/monoscript/fileName/QuitGame.cs: 5096369e521a632ecaa19ef6bb193ad3 -> 
  custom:scripting/monoscript/fileName/Grain.cs: 43f09a87a88d9937fbb9c4dbf3d5508e -> 
  custom:scripting/monoscript/fileName/HistogramMonitor.cs: 6fd024409d6e9db8d4c2c4e26430c2ad -> 
  custom:scripting/monoscript/fileName/PostProcessProfile.cs: f6dc030e2e953b2ed0eca334cce5d5cf -> 
  custom:scripting/monoscript/fileName/ProfileFactory.cs: f835845dfebfed501813f60a1cb006a3 -> 
  custom:scripting/monoscript/fileName/PostProcessEffectEditor.cs: 90647cc400823b41df847a6cbfc29026 -> 
  custom:scripting/monoscript/fileName/CubeLutAssetImporter.cs: 5e94ca4c74dad11cc8880f33d0ba9efb -> 
  custom:scripting/monoscript/fileName/PostProcessBundle.cs: f610f855c8ae8b896b5084e85ede373e -> 
  custom:scripting/monoscript/fileName/ScreenSpaceReflectionsEditor.cs: 59c13ba25de6098e70bafe8be94f609a -> 
  custom:video-encoder-webm-vp8: eb34c28f22e8b96e1ab97ce403110664 -> 
  custom:scripting/monoscript/fileName/RuntimeUtilities.cs: 76964d36e50cc48cfa29643bdde8d9a5 -> 
  custom:scripting/monoscript/fileName/Bloom.cs: 6f6d579a64201b97313a62a1e91b3575 -> 
  custom:audio-decoder-ogg-vorbis: bf7c407c2cedff20999df2af8eb42d56 -> 
  custom:scripting/monoscript/fileName/AutoExposure.cs: 0e7c21b17f53209ee8c5c61ab59d7835 -> 
  custom:scripting/monoscript/fileName/VectorscopeMonitor.cs: cb70c6437b976f01b752cd219cc47f32 -> 
  custom:scripting/monoscript/fileName/PropertySheetFactory.cs: cfc4667cc03e44252fafe18d99f24b25 -> 
  custom:scripting/monoscript/fileName/EditorUtilities.cs: 53a52fb113757c42f9c516115bd845ca -> 
  custom:scripting/monoscript/fileName/HaltonSeq.cs: a7590e55d6fae5328a1c395a2473d0cf -> 
  custom:scripting/monoscript/fileName/MinAttribute.cs: a3e7473301291585f4cca024ce307406 -> 
  custom:scripting/monoscript/fileName/DepthOfField.cs: d62178d8b5619f59fcdd6d24617ef5fd -> 
  custom:scripting/monoscript/fileName/BloomEditor.cs: c341bb26b40744c3a5c2a142ac3e1051 -> 
  custom:scripting/monoscript/fileName/MainMenuBtns.cs: 7a4c553ed157df86ad49bd371125fa92 -> 
  custom:scripting/monoscript/fileName/WaveformMonitor.cs: 609651ee3f98f206575f684e9cce655d -> 
  custom:scripting/monoscript/fileName/HableCurve.cs: f244b24d6e7c556a2de06e25b0bbf4c1 -> 
  custom:audio-encoder-webm-vorbis: bf7c407c2cedff20999df2af8eb42d56 -> 
  custom:scripting/monoscript/fileName/PropertySheet.cs: e6bb03169eca9d33ea794a47ad6ce213 -> 
  custom:scripting/monoscript/fileName/TargetPool.cs: 6d29560228134c933c12fb1c113fb6ef -> 
  custom:scripting/monoscript/fileName/LogHistogram.cs: bab913d888834a1a8572eb834acec97c -> 
  custom:scripting/monoscript/fileName/ScreenSpaceReflections.cs: 8afa07200328ddfcb2536d4180c62536 -> 
  custom:scripting/precompiled-assembly-types:Assembly-CSharp: 4871bac5146755dc94acd0b06276f62c -> 51bdbbc7743e4ed3f8333c67aed2824c
  custom:scripting/monoscript/fileName/CurveEditor.cs: f5e872b2a5a6427a1785818cb10d95d1 -> 
  custom:scripting/monoscript/fileName/PostProcessResources.cs: 5089c17a701ba9b714a1f3d25fb9a9b0 -> 
  custom:scripting/monoscript/fileName/EffectListEditor.cs: 1ecdb4094d9e64024d6eb7725a86197b -> 
========================================================================
Received Import Request.
  Time since last request: 107.124611 seconds.
  path: Assets/MyAssets/Prefabs/Coconut.prefab
  artifactKey: Guid(d50557e7e2e56dd4ab5ca2f2110cfdea) Importer(815301076,1909f56bfc062723c751e8b465ee728b)
Start importing Assets/MyAssets/Prefabs/Coconut.prefab using Guid(d50557e7e2e56dd4ab5ca2f2110cfdea) Importer(815301076,1909f56bfc062723c751e8b465ee728b) [PhysX] Initialized MultithreadedTaskDispatcher with 32 workers.
[PhysX] Initialized MultithreadedTaskDispatcher with 32 workers.
 -> (artifact id: 'c54df3367f5f282be2677981748ffa06') in 0.045532 seconds
Number of updated asset objects reloaded before import = 0
Number of asset objects unloaded after import = 14
========================================================================
Received Import Request.
  Time since last request: 1.581161 seconds.
  path: Assets/MyAssets/Prefabs/Coconut.prefab
  artifactKey: Guid(d50557e7e2e56dd4ab5ca2f2110cfdea) Importer(815301076,1909f56bfc062723c751e8b465ee728b)
Start importing Assets/MyAssets/Prefabs/Coconut.prefab using Guid(d50557e7e2e56dd4ab5ca2f2110cfdea) Importer(815301076,1909f56bfc062723c751e8b465ee728b) [PhysX] Initialized MultithreadedTaskDispatcher with 32 workers.
[PhysX] Initialized MultithreadedTaskDispatcher with 32 workers.
 -> (artifact id: '42420310e9af82867a19c9bd985ab1eb') in 0.005325 seconds
Number of updated asset objects reloaded before import = 0
Number of asset objects unloaded after import = 14
========================================================================
Received Import Request.
  Time since last request: 24.577171 seconds.
  path: Assets/MyAssets/Prefabs/Coconut.prefab
  artifactKey: Guid(d50557e7e2e56dd4ab5ca2f2110cfdea) Importer(815301076,1909f56bfc062723c751e8b465ee728b)
Start importing Assets/MyAssets/Prefabs/Coconut.prefab using Guid(d50557e7e2e56dd4ab5ca2f2110cfdea) Importer(815301076,1909f56bfc062723c751e8b465ee728b) [PhysX] Initialized MultithreadedTaskDispatcher with 32 workers.
[PhysX] Initialized MultithreadedTaskDispatcher with 32 workers.
 -> (artifact id: '388285a27944a34d103b394d03e4af8a') in 0.006899 seconds
Number of updated asset objects reloaded before import = 0
Number of asset objects unloaded after import = 14
========================================================================
Received Prepare
Caller must complete domain reload
Begin MonoManager ReloadAssembly
- Loaded All Assemblies, in  0.274 seconds
Native extension for WindowsStandalone target not found
[Package Manager] Server::EnsureServerProcessIsRunning -- launch failed, reason: Unity was launched with the -noUpm command-line argument
[Package Manager] UpmClient::Send -- Unable to send message (not connected to UPM process).
[Package Manager] Cannot connect to Unity Package Manager local server
Mono: successfully reloaded assembly
- Finished resetting the current domain, in  0.552 seconds
Domain Reload Profiling: 826ms
	BeginReloadAssembly (98ms)
		ExecutionOrderSort (0ms)
		DisableScriptedObjects (3ms)
		BackupInstance (0ms)
		ReleaseScriptingObjects (0ms)
		CreateAndSetChildDomain (21ms)
	RebuildCommonClasses (21ms)
	RebuildNativeTypeToScriptingClass (6ms)
	initialDomainReloadingComplete (19ms)
	LoadAllAssembliesAndSetupDomain (128ms)
		LoadAssemblies (169ms)
		RebuildTransferFunctionScriptingTraits (0ms)
		AnalyzeDomain (11ms)
			TypeCache.Refresh (5ms)
				TypeCache.ScanAssembly (0ms)
			ScanForSourceGeneratedMonoScriptInfo (0ms)
			ResolveRequiredComponents (4ms)
	FinalizeReload (553ms)
		ReleaseScriptCaches (0ms)
		RebuildScriptCaches (0ms)
		SetupLoadedEditorAssemblies (334ms)
			LogAssemblyErrors (0ms)
			InitializePlatformSupportModulesInManaged (4ms)
			SetLoadedEditorAssemblies (2ms)
			RefreshPlugins (0ms)
			BeforeProcessingInitializeOnLoad (40ms)
			ProcessInitializeOnLoadAttributes (267ms)
			ProcessInitializeOnLoadMethodAttributes (17ms)
			AfterProcessingInitializeOnLoad (4ms)
			EditorAssembliesLoaded (0ms)
		ExecutionOrderSort2 (0ms)
		AwakeInstancesAfterBackupRestoration (6ms)
Refreshing native plugins compatible for Editor in 1.57 ms, found 3 plugins.
Preloading 0 native plugins for Editor in 0.00 ms.
Unloading 3284 Unused Serialized files (Serialized files now loaded: 0)
Unloading 55 unused Assets / (4.3 MB). Loaded Objects now: 4160.
Memory consumption went from 157.3 MB to 153.0 MB.
Total: 2.987100 ms (FindLiveObjects: 0.174400 ms CreateObjectMapping: 0.051000 ms MarkObjects: 1.954500 ms  DeleteObjects: 0.806500 ms)

Prepare: number of updated asset objects reloaded= 0
AssetImportParameters requested are different than current active one (requested -> active):
  custom:scripting/monoscript/fileName/Decorators.cs: 4533f6715dc3f8cdabbd37ff77d1dad7 -> 
  custom:scripting/monoscript/fileName/GlobalSettings.cs: e5eb35b80bdfaee4ead1e1630fd77998 -> 
  custom:scripting/monoscript/fileName/PostProcessEffectBaseEditor.cs: 972bdf00f442be0d879dcb6868e25c8e -> 
  custom:scripting/monoscript/fileName/PostProcessRenderContext.cs: 9e034c8bf7d42a1d6c2d4339915eccb0 -> 
  custom:scripting/monoscript/fileName/Spline.cs: 7876820de12ed89d33ad838af99a030e -> 
  custom:scripting/monoscript/fileName/ColorGrading.cs: ef67493fb3cf9676ba5f25862510a595 -> 
  custom:scripting/monoscript/fileName/Monitor.cs: e0eb5d32b3aade2e0ce8680b00ac2b78 -> 
  custom:scripting/precompiled-assembly-types:Unity.Postprocessing.Runtime: 655cd018e42ac91ed9a03cfbdae17956 -> 
  custom:scripting/monoscript/fileName/TemporalAntialiasing.cs: 71e40fdab49d34f4e07f83936454d904 -> 
  custom:container-demuxer-ogg: 62fdf1f143b41e24485cea50d1cbac27 -> 
  custom:scripting/monoscript/fileName/AmbientOcclusion.cs: 7a27923f9312611f0b2898a72e3ee96a -> 
  custom:scripting/precompiled-assembly-types:Unity.PlasticSCM.Editor: 6422b6ca0d4c4c6df738ede20396ac4f -> 61b19ddb92073bec3b858fc919e16e73
  custom:scripting/monoscript/fileName/PostProcessDebugLayer.cs: 6d8a99809398beddf11f92dfbb0e6ad4 -> 
  custom:scripting/monoscript/fileName/ColorUtilities.cs: 47918ebfa890b947a816b80444ee2882 -> 
  custom:scripting/monoscript/fileName/ParameterOverride.cs: 5475497db741ca919df708e5019e593d -> 
  custom:scripting/monoscript/fileName/TextureLerper.cs: 973e800795f77d61d647ea0c3f0cf284 -> 
  custom:scripting/precompiled-assembly-types:Unity.Postprocessing.Editor: 23b49e25b965492466cd147d7735360a -> 
  custom:scripting/monoscript/fileName/Vignette.cs: e0b99ac31b7575ef776e7be56647abb0 -> 
  custom:scripting/monoscript/fileName/DepthOfFieldEditor.cs: 64cce655bf722c851048e2ebbf401a7b -> 
  custom:scripting/monoscript/fileName/DefaultPostProcessEffectEditor.cs: 06a1d8fcea7725e08b95f21cc15fd0a1 -> 
  custom:scripting/monoscript/fileName/MainMenuGUI.cs: 091df4f91c57b9accec9de62246fca77 -> 
  custom:scripting/monoscript/fileName/PostProcessLayer.cs: aa288976158dcd4c24041d5304f25d07 -> 
  custom:video-codec-MediaFoundation-h265: 746d11721c4dcdbdad8f713fa42b33f4 -> 
  custom:scripting/monoscript/fileName/MaxAttribute.cs: d661645ab8c724f24b3e19978e87b44c -> 
  custom:scripting/monoscript/fileName/PostProcessDebugEditor.cs: 1a0488d8742bf880cc7334e53e2cc73d -> 
  custom:video-decoder-ogg-theora: a1e56fd34408186e4bbccfd4996cb3dc -> 
  custom:scripting/monoscript/fileName/SerializedParameterOverride.cs: 5e4deaf96895d013d32a8e84ec179f8e -> 
  custom:scripting/monoscript/fileName/MeshUtilities.cs: dc5356b699afd34cf9728f4d65b476a0 -> 
  custom:scripting/monoscript/fileName/AmbientOcclusionEditor.cs: 61e5422c29b8f52188d508eb7d382167 -> 
  custom:scripting/monoscript/fileName/LoadScene.cs: 206f1b3f828a012e3128d4c1e305d0fb -> 
  custom:scripting/monoscript/fileName/FastApproximateAntialiasing.cs: bf5588b2deec2689a812a7d2eacd9bd5 -> 
  custom:scripting/monoscript/fileName/MotionBlur.cs: 823914e335803785a19e5990c6ab2911 -> 
  custom:scripting/monoscript/fileName/DefineSetter.cs: 292ba08e52064b1a72f8d4bb04301dd3 -> 
  custom:framework-win-MediaFoundation: 216162199b28c13a410421893ffa2e32 -> 
  custom:scripting/monoscript/fileName/ShaderIDs.cs: 96024f1f873475da65a783f1404f9117 -> 
  custom:scripting/monoscript/fileName/PostProcessEditorAttribute.cs: 672a58b4d5bab60112487a31c361c481 -> 
  custom:scripting/monoscript/fileName/LensDistortionEditor.cs: dee045d29944d55e8040435a58a7ce90 -> 
  custom:scripting/monoscript/fileName/MotionBlurEditor.cs: 3bd8d3e7e9a7ea94beb2e5517b62d27b -> 
  custom:scripting/monoscript/fileName/Dithering.cs: 3014fffaa718d0ad6dd2c7bb7956ed46 -> 
  custom:scripting/monoscript/fileName/DecoratorAttribute.cs: be5bd39119e1a41ea1a019fdb3818a3f -> 
  custom:scripting/monoscript/fileName/DisplayNameAttribute.cs: 935a6ac504eb8a852fba40cbcae9292c -> 
  custom:scripting/monoscript/fileName/PostProcessEffectSettings.cs: 2ab9d33170e863b1a9c8a9079cdd12aa -> 
  custom:scripting/monoscript/fileName/Fog.cs: 07e271953e2bcf8513b6a72a2737e767 -> 
  custom:scripting/monoscript/fileName/PostProcessManager.cs: 28ef7780d543a8111635e1f5051383d0 -> 
  custom:scripting/monoscript/fileName/VolumeFactory.cs: cc77136700c9e1ff894d234886ccb852 -> 
  custom:scripting/precompiled-assembly-types:Unity.Timeline.Editor: b4313fba5652ee5a8449f3ec85f31ae4 -> 534d7c71c4dd9147ea00599cede121e1
  custom:CustomObjectIndexerAttribute: 9a22284fe3817be447336de3de66b15e -> 
  custom:scripting/monoscript/fileName/PostProcessEvent.cs: 8fb6e54ff2cf1a8be7ecdd01fbdd78f8 -> 
  custom:scripting/monoscript/fileName/TrackballAttribute.cs: 8dea8f77de7bd03137cc578af1ea6656 -> 
  custom:scripting/monoscript/fileName/TrackballDecorator.cs: 6a2b6c747937d12d8d81be8f5b21fbd2 -> 
  custom:scripting/monoscript/fileName/MultiScaleVO.cs: d4c4732956ffb536e016475d75f04c43 -> 
  custom:scripting/monoscript/fileName/CubeLutAssetFactory.cs: db1961888d7cabf6be94b37e3b663de4 -> 
  custom:container-demuxer-webm: 4f35f7cbe854078d1ac9338744f61a02 -> 
  custom:scripting/monoscript/fileName/PostProcessVolumeEditor.cs: 7aae71821512dcac422c45dc773293c3 -> 
  custom:scripting/monoscript/fileName/ChromaticAberration.cs: 4d59e57f8324f5f986e16678ed451410 -> 
  custom:scripting/monoscript/fileName/VignetteEditor.cs: 345736fc911c5e8ab23e579751a40e4a -> 
  custom:scripting/monoscript/fileName/Styling.cs: d1c4aa14ff93670753edfbb93fc91bfe -> 
  custom:scripting/monoscript/fileName/PostProcessEffectRendererExtensions.cs: e953624d113e7e1739c702512603957d -> 
  custom:scripting/monoscript/fileName/ScalableAO.cs: 2f29d71d59b754086c809cfee1cdce34 -> 
  custom:scripting/monoscript/fileName/PostProcessLayerEditor.cs: d16de665ece05cd6e27dcc8d7bac4b9a -> 
  custom:scripting/monoscript/fileName/MinMaxAttribute.cs: a4b6ac8a4377612c7135a60f905792f1 -> 
  custom:scripting/monoscript/fileName/SubpixelMorphologicalAntialiasing.cs: 02dcb8839824addec278047da0509aea -> 
  custom:scripting/monoscript/fileName/BaseEditor.cs: 90647cc400823b41df847a6cbfc29026 -> 
  custom:container-muxer-webm: aa71ff27fc2769a1b78a27578f13a17b -> 
  custom:video-decoder-webm-vp8: 9c59270c3fd7afecdb556c50c9e8de78 -> 
  custom:SearchIndexIgnoredProperties: e643bd26f0fe6173181afceb89e7c659 -> 
  custom:scripting/monoscript/fileName/ChromaticAberrationEditor.cs: 3043bf57519b71f64b7a6de970c2487b -> 
  custom:scripting/monoscript/fileName/PostProcessEffectRenderer.cs: 577c5acf8157ecea944bb95c8c6d9a95 -> 
  custom:AudioImporter_EditorPlatform: d09bf68614088b80899f8185d706f6e7 -> 
  custom:scripting/monoscript/fileName/TextureFormatUtilities.cs: ba58c57cfaabc0f8201a9ca6902fcb23 -> 
  custom:scripting/monoscript/fileName/PostProcessVolume.cs: 3883cef4be0567c54caf457a416a2095 -> 
  custom:scripting/monoscript/fileName/LightMeterMonitor.cs: a897ae0c731cb153281aea9ecd0efb03 -> 
  custom:scripting/monoscript/fileName/ColorGradingEditor.cs: 25838050e3e1f12ef51713a5dcf60349 -> 
  custom:scripting/monoscript/fileName/AttributeDecorator.cs: 39b465f08cd0a5df82fc2ef70b766ca2 -> 
  custom:scripting/monoscript/fileName/AutoExposureEditor.cs: dfd15824649ea346b717bc72a871d75b -> 
  custom:scripting/precompiled-assembly-types:Unity.VisualScripting.Core.Editor: 1ac958119c4ad755d50390246b13522a -> 39597c0f3a76e24d87d64afa59c5f88d
  custom:scripting/monoscript/fileName/LensDistortion.cs: b7963bb1da21ba484a7b59b9f6ea3aec -> 
  custom:scripting/monoscript/fileName/ResourceAssetFactory.cs: bf6acc988648d854bb3c5751325d0d0a -> 
  custom:scripting/precompiled-assembly-types:UnityEngine.TestRunner: 7a4d96a0696e29157328c6996c3b82c5 -> f5758234275f5346968d00e3b1a1c0e4
  custom:scripting/monoscript/fileName/PostProcessProfileEditor.cs: 1dcd55858a4126cb33b0f2de53c74fbe -> 
  custom:scripting/monoscript/fileName/PostProcessDebug.cs: a653e9b773649e7452b035b4ce1dae82 -> 
  custom:scripting/monoscript/fileName/PostProcessAttribute.cs: e125947bf72ce7382f3b16f75797c897 -> 
  custom:scripting/monoscript/fileName/QuitGame.cs: 5096369e521a632ecaa19ef6bb193ad3 -> 
  custom:scripting/monoscript/fileName/Grain.cs: 43f09a87a88d9937fbb9c4dbf3d5508e -> 
  custom:scripting/monoscript/fileName/HistogramMonitor.cs: 6fd024409d6e9db8d4c2c4e26430c2ad -> 
  custom:scripting/monoscript/fileName/PostProcessProfile.cs: f6dc030e2e953b2ed0eca334cce5d5cf -> 
  custom:scripting/monoscript/fileName/ProfileFactory.cs: f835845dfebfed501813f60a1cb006a3 -> 
  custom:scripting/monoscript/fileName/PostProcessEffectEditor.cs: 90647cc400823b41df847a6cbfc29026 -> 
  custom:scripting/monoscript/fileName/CubeLutAssetImporter.cs: 5e94ca4c74dad11cc8880f33d0ba9efb -> 
  custom:scripting/monoscript/fileName/PostProcessBundle.cs: f610f855c8ae8b896b5084e85ede373e -> 
  custom:scripting/monoscript/fileName/ScreenSpaceReflectionsEditor.cs: 59c13ba25de6098e70bafe8be94f609a -> 
  custom:video-encoder-webm-vp8: eb34c28f22e8b96e1ab97ce403110664 -> 
  custom:scripting/monoscript/fileName/RuntimeUtilities.cs: 76964d36e50cc48cfa29643bdde8d9a5 -> 
  custom:scripting/monoscript/fileName/Bloom.cs: 6f6d579a64201b97313a62a1e91b3575 -> 
  custom:audio-decoder-ogg-vorbis: bf7c407c2cedff20999df2af8eb42d56 -> 
  custom:scripting/monoscript/fileName/AutoExposure.cs: 0e7c21b17f53209ee8c5c61ab59d7835 -> 
  custom:scripting/monoscript/fileName/VectorscopeMonitor.cs: cb70c6437b976f01b752cd219cc47f32 -> 
  custom:scripting/monoscript/fileName/PropertySheetFactory.cs: cfc4667cc03e44252fafe18d99f24b25 -> 
  custom:scripting/monoscript/fileName/EditorUtilities.cs: 53a52fb113757c42f9c516115bd845ca -> 
  custom:scripting/monoscript/fileName/HaltonSeq.cs: a7590e55d6fae5328a1c395a2473d0cf -> 
  custom:scripting/monoscript/fileName/MinAttribute.cs: a3e7473301291585f4cca024ce307406 -> 
  custom:scripting/monoscript/fileName/DepthOfField.cs: d62178d8b5619f59fcdd6d24617ef5fd -> 
  custom:scripting/monoscript/fileName/BloomEditor.cs: c341bb26b40744c3a5c2a142ac3e1051 -> 
  custom:scripting/monoscript/fileName/MainMenuBtns.cs: 7a4c553ed157df86ad49bd371125fa92 -> 
  custom:scripting/monoscript/fileName/WaveformMonitor.cs: 609651ee3f98f206575f684e9cce655d -> 
  custom:scripting/monoscript/fileName/HableCurve.cs: f244b24d6e7c556a2de06e25b0bbf4c1 -> 
  custom:audio-encoder-webm-vorbis: bf7c407c2cedff20999df2af8eb42d56 -> 
  custom:scripting/monoscript/fileName/PropertySheet.cs: e6bb03169eca9d33ea794a47ad6ce213 -> 
  custom:scripting/monoscript/fileName/TargetPool.cs: 6d29560228134c933c12fb1c113fb6ef -> 
  custom:scripting/monoscript/fileName/LogHistogram.cs: bab913d888834a1a8572eb834acec97c -> 
  custom:scripting/monoscript/fileName/ScreenSpaceReflections.cs: 8afa07200328ddfcb2536d4180c62536 -> 
  custom:scripting/precompiled-assembly-types:Assembly-CSharp: 4871bac5146755dc94acd0b06276f62c -> 51bdbbc7743e4ed3f8333c67aed2824c
  custom:scripting/monoscript/fileName/CurveEditor.cs: f5e872b2a5a6427a1785818cb10d95d1 -> 
  custom:scripting/monoscript/fileName/PostProcessResources.cs: 5089c17a701ba9b714a1f3d25fb9a9b0 -> 
  custom:scripting/monoscript/fileName/EffectListEditor.cs: 1ecdb4094d9e64024d6eb7725a86197b -> 
========================================================================
Received Import Request.
  Time since last request: 28.853949 seconds.
  path: Assets/MyAssets/Prefabs/Coconut.prefab
  artifactKey: Guid(d50557e7e2e56dd4ab5ca2f2110cfdea) Importer(815301076,1909f56bfc062723c751e8b465ee728b)
Start importing Assets/MyAssets/Prefabs/Coconut.prefab using Guid(d50557e7e2e56dd4ab5ca2f2110cfdea) Importer(815301076,1909f56bfc062723c751e8b465ee728b) [PhysX] Initialized MultithreadedTaskDispatcher with 32 workers.
[PhysX] Initialized MultithreadedTaskDispatcher with 32 workers.
 -> (artifact id: '99db75a79370d0e8eb9e8a594b99a87f') in 0.045949 seconds
Number of updated asset objects reloaded before import = 0
Number of asset objects unloaded after import = 14
========================================================================
Received Import Request.
  Time since last request: 9.969544 seconds.
  path: Assets/MyAssets/Prefabs/Coconut.prefab
  artifactKey: Guid(d50557e7e2e56dd4ab5ca2f2110cfdea) Importer(815301076,1909f56bfc062723c751e8b465ee728b)
Start importing Assets/MyAssets/Prefabs/Coconut.prefab using Guid(d50557e7e2e56dd4ab5ca2f2110cfdea) Importer(815301076,1909f56bfc062723c751e8b465ee728b) [PhysX] Initialized MultithreadedTaskDispatcher with 32 workers.
[PhysX] Initialized MultithreadedTaskDispatcher with 32 workers.
 -> (artifact id: '3676c572ddd9bb85dcdaa66f8db7f592') in 0.005743 seconds
Number of updated asset objects reloaded before import = 0
Number of asset objects unloaded after import = 14
========================================================================
Received Import Request.
  Time since last request: 20.265757 seconds.
  path: Assets/MyAssets/Prefabs/Coconut.prefab
  artifactKey: Guid(d50557e7e2e56dd4ab5ca2f2110cfdea) Importer(815301076,1909f56bfc062723c751e8b465ee728b)
Start importing Assets/MyAssets/Prefabs/Coconut.prefab using Guid(d50557e7e2e56dd4ab5ca2f2110cfdea) Importer(815301076,1909f56bfc062723c751e8b465ee728b) [PhysX] Initialized MultithreadedTaskDispatcher with 32 workers.
[PhysX] Initialized MultithreadedTaskDispatcher with 32 workers.
 -> (artifact id: 'de942e4b00541a6d8e9fd8b80826cb1e') in 0.008431 seconds
Number of updated asset objects reloaded before import = 0
Number of asset objects unloaded after import = 14
========================================================================
Received Import Request.
  Time since last request: 0.350650 seconds.
  path: Assets/MyAssets/Prefabs/Coconut.prefab
  artifactKey: Guid(d50557e7e2e56dd4ab5ca2f2110cfdea) Importer(815301076,1909f56bfc062723c751e8b465ee728b)
Start importing Assets/MyAssets/Prefabs/Coconut.prefab using Guid(d50557e7e2e56dd4ab5ca2f2110cfdea) Importer(815301076,1909f56bfc062723c751e8b465ee728b) [PhysX] Initialized MultithreadedTaskDispatcher with 32 workers.
[PhysX] Initialized MultithreadedTaskDispatcher with 32 workers.
 -> (artifact id: 'eeb86eac9dea0ade71ce5363f8915c59') in 0.005238 seconds
Number of updated asset objects reloaded before import = 0
Number of asset objects unloaded after import = 14
========================================================================
Received Import Request.
  Time since last request: 9.847774 seconds.
  path: Assets/MyAssets/Prefabs/Coconut.prefab
  artifactKey: Guid(d50557e7e2e56dd4ab5ca2f2110cfdea) Importer(815301076,1909f56bfc062723c751e8b465ee728b)
Start importing Assets/MyAssets/Prefabs/Coconut.prefab using Guid(d50557e7e2e56dd4ab5ca2f2110cfdea) Importer(815301076,1909f56bfc062723c751e8b465ee728b) [PhysX] Initialized MultithreadedTaskDispatcher with 32 workers.
[PhysX] Initialized MultithreadedTaskDispatcher with 32 workers.
 -> (artifact id: '26f03ec9cd45de53a85a4295fc5cea4f') in 0.006718 seconds
Number of updated asset objects reloaded before import = 0
Number of asset objects unloaded after import = 14
========================================================================
Received Import Request.
  Time since last request: 2.001662 seconds.
  path: Assets/MyAssets/Prefabs/Coconut.prefab
  artifactKey: Guid(d50557e7e2e56dd4ab5ca2f2110cfdea) Importer(815301076,1909f56bfc062723c751e8b465ee728b)
Start importing Assets/MyAssets/Prefabs/Coconut.prefab using Guid(d50557e7e2e56dd4ab5ca2f2110cfdea) Importer(815301076,1909f56bfc062723c751e8b465ee728b) [PhysX] Initialized MultithreadedTaskDispatcher with 32 workers.
[PhysX] Initialized MultithreadedTaskDispatcher with 32 workers.
 -> (artifact id: '2f83d300d0b9abd6bd836fb15f7a9586') in 0.005465 seconds
Number of updated asset objects reloaded before import = 0
Number of asset objects unloaded after import = 14
========================================================================
Received Import Request.
  Time since last request: 3.975399 seconds.
  path: Assets/MyAssets/Prefabs/Coconut.prefab
  artifactKey: Guid(d50557e7e2e56dd4ab5ca2f2110cfdea) Importer(815301076,1909f56bfc062723c751e8b465ee728b)
Start importing Assets/MyAssets/Prefabs/Coconut.prefab using Guid(d50557e7e2e56dd4ab5ca2f2110cfdea) Importer(815301076,1909f56bfc062723c751e8b465ee728b) [PhysX] Initialized MultithreadedTaskDispatcher with 32 workers.
[PhysX] Initialized MultithreadedTaskDispatcher with 32 workers.
 -> (artifact id: '8933571cfd6cc94c1abe5ee04721c22c') in 0.006408 seconds
Number of updated asset objects reloaded before import = 0
Number of asset objects unloaded after import = 14
========================================================================
Received Prepare
Caller must complete domain reload
Begin MonoManager ReloadAssembly
- Loaded All Assemblies, in  0.278 seconds
Native extension for WindowsStandalone target not found
[Package Manager] Server::EnsureServerProcessIsRunning -- launch failed, reason: Unity was launched with the -noUpm command-line argument
[Package Manager] UpmClient::Send -- Unable to send message (not connected to UPM process).
[Package Manager] Cannot connect to Unity Package Manager local server
Mono: successfully reloaded assembly
- Finished resetting the current domain, in  0.545 seconds
Domain Reload Profiling: 822ms
	BeginReloadAssembly (103ms)
		ExecutionOrderSort (0ms)
		DisableScriptedObjects (3ms)
		BackupInstance (0ms)
		ReleaseScriptingObjects (0ms)
		CreateAndSetChildDomain (23ms)
	RebuildCommonClasses (20ms)
	RebuildNativeTypeToScriptingClass (6ms)
	initialDomainReloadingComplete (18ms)
	LoadAllAssembliesAndSetupDomain (130ms)
		LoadAssemblies (172ms)
		RebuildTransferFunctionScriptingTraits (0ms)
		AnalyzeDomain (11ms)
			TypeCache.Refresh (5ms)
				TypeCache.ScanAssembly (0ms)
			ScanForSourceGeneratedMonoScriptInfo (0ms)
			ResolveRequiredComponents (4ms)
	FinalizeReload (545ms)
		ReleaseScriptCaches (0ms)
		RebuildScriptCaches (0ms)
		SetupLoadedEditorAssemblies (319ms)
			LogAssemblyErrors (0ms)
			InitializePlatformSupportModulesInManaged (4ms)
			SetLoadedEditorAssemblies (2ms)
			RefreshPlugins (0ms)
			BeforeProcessingInitializeOnLoad (41ms)
			ProcessInitializeOnLoadAttributes (252ms)
			ProcessInitializeOnLoadMethodAttributes (16ms)
			AfterProcessingInitializeOnLoad (5ms)
			EditorAssembliesLoaded (0ms)
		ExecutionOrderSort2 (0ms)
		AwakeInstancesAfterBackupRestoration (6ms)
Refreshing native plugins compatible for Editor in 1.46 ms, found 3 plugins.
Preloading 0 native plugins for Editor in 0.00 ms.
Unloading 3284 Unused Serialized files (Serialized files now loaded: 0)
Unloading 55 unused Assets / (4.3 MB). Loaded Objects now: 4163.
Memory consumption went from 157.3 MB to 153.0 MB.
Total: 3.278000 ms (FindLiveObjects: 0.191700 ms CreateObjectMapping: 0.053200 ms MarkObjects: 2.024500 ms  DeleteObjects: 1.007700 ms)

Prepare: number of updated asset objects reloaded= 0
AssetImportParameters requested are different than current active one (requested -> active):
  custom:scripting/monoscript/fileName/Decorators.cs: 4533f6715dc3f8cdabbd37ff77d1dad7 -> 
  custom:scripting/monoscript/fileName/GlobalSettings.cs: e5eb35b80bdfaee4ead1e1630fd77998 -> 
  custom:scripting/monoscript/fileName/PostProcessEffectBaseEditor.cs: 972bdf00f442be0d879dcb6868e25c8e -> 
  custom:scripting/monoscript/fileName/PostProcessRenderContext.cs: 9e034c8bf7d42a1d6c2d4339915eccb0 -> 
  custom:scripting/monoscript/fileName/Spline.cs: 7876820de12ed89d33ad838af99a030e -> 
  custom:scripting/monoscript/fileName/ColorGrading.cs: ef67493fb3cf9676ba5f25862510a595 -> 
  custom:scripting/monoscript/fileName/Monitor.cs: e0eb5d32b3aade2e0ce8680b00ac2b78 -> 
  custom:scripting/precompiled-assembly-types:Unity.Postprocessing.Runtime: 655cd018e42ac91ed9a03cfbdae17956 -> 
  custom:scripting/monoscript/fileName/TemporalAntialiasing.cs: 71e40fdab49d34f4e07f83936454d904 -> 
  custom:container-demuxer-ogg: 62fdf1f143b41e24485cea50d1cbac27 -> 
  custom:scripting/monoscript/fileName/AmbientOcclusion.cs: 7a27923f9312611f0b2898a72e3ee96a -> 
  custom:scripting/precompiled-assembly-types:Unity.PlasticSCM.Editor: 6422b6ca0d4c4c6df738ede20396ac4f -> 61b19ddb92073bec3b858fc919e16e73
  custom:scripting/monoscript/fileName/PostProcessDebugLayer.cs: 6d8a99809398beddf11f92dfbb0e6ad4 -> 
  custom:scripting/monoscript/fileName/ColorUtilities.cs: 47918ebfa890b947a816b80444ee2882 -> 
  custom:scripting/monoscript/fileName/ParameterOverride.cs: 5475497db741ca919df708e5019e593d -> 
  custom:scripting/monoscript/fileName/TextureLerper.cs: 973e800795f77d61d647ea0c3f0cf284 -> 
  custom:scripting/precompiled-assembly-types:Unity.Postprocessing.Editor: 23b49e25b965492466cd147d7735360a -> 
  custom:scripting/monoscript/fileName/Vignette.cs: e0b99ac31b7575ef776e7be56647abb0 -> 
  custom:scripting/monoscript/fileName/DepthOfFieldEditor.cs: 64cce655bf722c851048e2ebbf401a7b -> 
  custom:scripting/monoscript/fileName/DefaultPostProcessEffectEditor.cs: 06a1d8fcea7725e08b95f21cc15fd0a1 -> 
  custom:scripting/monoscript/fileName/MainMenuGUI.cs: 091df4f91c57b9accec9de62246fca77 -> 
  custom:scripting/monoscript/fileName/PostProcessLayer.cs: aa288976158dcd4c24041d5304f25d07 -> 
  custom:video-codec-MediaFoundation-h265: 746d11721c4dcdbdad8f713fa42b33f4 -> 
  custom:scripting/monoscript/fileName/MaxAttribute.cs: d661645ab8c724f24b3e19978e87b44c -> 
  custom:scripting/monoscript/fileName/PostProcessDebugEditor.cs: 1a0488d8742bf880cc7334e53e2cc73d -> 
  custom:video-decoder-ogg-theora: a1e56fd34408186e4bbccfd4996cb3dc -> 
  custom:scripting/monoscript/fileName/SerializedParameterOverride.cs: 5e4deaf96895d013d32a8e84ec179f8e -> 
  custom:scripting/monoscript/fileName/MeshUtilities.cs: dc5356b699afd34cf9728f4d65b476a0 -> 
  custom:scripting/monoscript/fileName/AmbientOcclusionEditor.cs: 61e5422c29b8f52188d508eb7d382167 -> 
  custom:scripting/monoscript/fileName/LoadScene.cs: 206f1b3f828a012e3128d4c1e305d0fb -> 
  custom:scripting/monoscript/fileName/FastApproximateAntialiasing.cs: bf5588b2deec2689a812a7d2eacd9bd5 -> 
  custom:scripting/monoscript/fileName/MotionBlur.cs: 823914e335803785a19e5990c6ab2911 -> 
  custom:scripting/monoscript/fileName/DefineSetter.cs: 292ba08e52064b1a72f8d4bb04301dd3 -> 
  custom:framework-win-MediaFoundation: 216162199b28c13a410421893ffa2e32 -> 
  custom:scripting/monoscript/fileName/ShaderIDs.cs: 96024f1f873475da65a783f1404f9117 -> 
  custom:scripting/monoscript/fileName/PostProcessEditorAttribute.cs: 672a58b4d5bab60112487a31c361c481 -> 
  custom:scripting/monoscript/fileName/LensDistortionEditor.cs: dee045d29944d55e8040435a58a7ce90 -> 
  custom:scripting/monoscript/fileName/MotionBlurEditor.cs: 3bd8d3e7e9a7ea94beb2e5517b62d27b -> 
  custom:scripting/monoscript/fileName/Dithering.cs: 3014fffaa718d0ad6dd2c7bb7956ed46 -> 
  custom:scripting/monoscript/fileName/DecoratorAttribute.cs: be5bd39119e1a41ea1a019fdb3818a3f -> 
  custom:scripting/monoscript/fileName/DisplayNameAttribute.cs: 935a6ac504eb8a852fba40cbcae9292c -> 
  custom:scripting/monoscript/fileName/PostProcessEffectSettings.cs: 2ab9d33170e863b1a9c8a9079cdd12aa -> 
  custom:scripting/monoscript/fileName/Fog.cs: 07e271953e2bcf8513b6a72a2737e767 -> 
  custom:scripting/monoscript/fileName/PostProcessManager.cs: 28ef7780d543a8111635e1f5051383d0 -> 
  custom:scripting/monoscript/fileName/VolumeFactory.cs: cc77136700c9e1ff894d234886ccb852 -> 
  custom:scripting/precompiled-assembly-types:Unity.Timeline.Editor: b4313fba5652ee5a8449f3ec85f31ae4 -> 534d7c71c4dd9147ea00599cede121e1
  custom:CustomObjectIndexerAttribute: 9a22284fe3817be447336de3de66b15e -> 
  custom:scripting/monoscript/fileName/PostProcessEvent.cs: 8fb6e54ff2cf1a8be7ecdd01fbdd78f8 -> 
  custom:scripting/monoscript/fileName/TrackballAttribute.cs: 8dea8f77de7bd03137cc578af1ea6656 -> 
  custom:scripting/monoscript/fileName/TrackballDecorator.cs: 6a2b6c747937d12d8d81be8f5b21fbd2 -> 
  custom:scripting/monoscript/fileName/MultiScaleVO.cs: d4c4732956ffb536e016475d75f04c43 -> 
  custom:scripting/monoscript/fileName/CubeLutAssetFactory.cs: db1961888d7cabf6be94b37e3b663de4 -> 
  custom:container-demuxer-webm: 4f35f7cbe854078d1ac9338744f61a02 -> 
  custom:scripting/monoscript/fileName/PostProcessVolumeEditor.cs: 7aae71821512dcac422c45dc773293c3 -> 
  custom:scripting/monoscript/fileName/ChromaticAberration.cs: 4d59e57f8324f5f986e16678ed451410 -> 
  custom:scripting/monoscript/fileName/VignetteEditor.cs: 345736fc911c5e8ab23e579751a40e4a -> 
  custom:scripting/monoscript/fileName/Styling.cs: d1c4aa14ff93670753edfbb93fc91bfe -> 
  custom:scripting/monoscript/fileName/PostProcessEffectRendererExtensions.cs: e953624d113e7e1739c702512603957d -> 
  custom:scripting/monoscript/fileName/ScalableAO.cs: 2f29d71d59b754086c809cfee1cdce34 -> 
  custom:scripting/monoscript/fileName/PostProcessLayerEditor.cs: d16de665ece05cd6e27dcc8d7bac4b9a -> 
  custom:scripting/monoscript/fileName/MinMaxAttribute.cs: a4b6ac8a4377612c7135a60f905792f1 -> 
  custom:scripting/monoscript/fileName/SubpixelMorphologicalAntialiasing.cs: 02dcb8839824addec278047da0509aea -> 
  custom:scripting/monoscript/fileName/BaseEditor.cs: 90647cc400823b41df847a6cbfc29026 -> 
  custom:container-muxer-webm: aa71ff27fc2769a1b78a27578f13a17b -> 
  custom:video-decoder-webm-vp8: 9c59270c3fd7afecdb556c50c9e8de78 -> 
  custom:SearchIndexIgnoredProperties: e643bd26f0fe6173181afceb89e7c659 -> 
  custom:scripting/monoscript/fileName/ChromaticAberrationEditor.cs: 3043bf57519b71f64b7a6de970c2487b -> 
  custom:scripting/monoscript/fileName/PostProcessEffectRenderer.cs: 577c5acf8157ecea944bb95c8c6d9a95 -> 
  custom:AudioImporter_EditorPlatform: d09bf68614088b80899f8185d706f6e7 -> 
  custom:scripting/monoscript/fileName/TextureFormatUtilities.cs: ba58c57cfaabc0f8201a9ca6902fcb23 -> 
  custom:scripting/monoscript/fileName/PostProcessVolume.cs: 3883cef4be0567c54caf457a416a2095 -> 
  custom:scripting/monoscript/fileName/LightMeterMonitor.cs: a897ae0c731cb153281aea9ecd0efb03 -> 
  custom:scripting/monoscript/fileName/ColorGradingEditor.cs: 25838050e3e1f12ef51713a5dcf60349 -> 
  custom:scripting/monoscript/fileName/AttributeDecorator.cs: 39b465f08cd0a5df82fc2ef70b766ca2 -> 
  custom:scripting/monoscript/fileName/AutoExposureEditor.cs: dfd15824649ea346b717bc72a871d75b -> 
  custom:scripting/precompiled-assembly-types:Unity.VisualScripting.Core.Editor: 1ac958119c4ad755d50390246b13522a -> 39597c0f3a76e24d87d64afa59c5f88d
  custom:scripting/monoscript/fileName/LensDistortion.cs: b7963bb1da21ba484a7b59b9f6ea3aec -> 
  custom:scripting/monoscript/fileName/ResourceAssetFactory.cs: bf6acc988648d854bb3c5751325d0d0a -> 
  custom:scripting/precompiled-assembly-types:UnityEngine.TestRunner: 7a4d96a0696e29157328c6996c3b82c5 -> f5758234275f5346968d00e3b1a1c0e4
  custom:scripting/monoscript/fileName/PostProcessProfileEditor.cs: 1dcd55858a4126cb33b0f2de53c74fbe -> 
  custom:scripting/monoscript/fileName/PostProcessDebug.cs: a653e9b773649e7452b035b4ce1dae82 -> 
  custom:scripting/monoscript/fileName/PostProcessAttribute.cs: e125947bf72ce7382f3b16f75797c897 -> 
  custom:scripting/monoscript/fileName/QuitGame.cs: 5096369e521a632ecaa19ef6bb193ad3 -> 
  custom:scripting/monoscript/fileName/Grain.cs: 43f09a87a88d9937fbb9c4dbf3d5508e -> 
  custom:scripting/monoscript/fileName/HistogramMonitor.cs: 6fd024409d6e9db8d4c2c4e26430c2ad -> 
  custom:scripting/monoscript/fileName/PostProcessProfile.cs: f6dc030e2e953b2ed0eca334cce5d5cf -> 
  custom:scripting/monoscript/fileName/ProfileFactory.cs: f835845dfebfed501813f60a1cb006a3 -> 
  custom:scripting/monoscript/fileName/PostProcessEffectEditor.cs: 90647cc400823b41df847a6cbfc29026 -> 
  custom:scripting/monoscript/fileName/CubeLutAssetImporter.cs: 5e94ca4c74dad11cc8880f33d0ba9efb -> 
  custom:scripting/monoscript/fileName/PostProcessBundle.cs: f610f855c8ae8b896b5084e85ede373e -> 
  custom:scripting/monoscript/fileName/ScreenSpaceReflectionsEditor.cs: 59c13ba25de6098e70bafe8be94f609a -> 
  custom:video-encoder-webm-vp8: eb34c28f22e8b96e1ab97ce403110664 -> 
  custom:scripting/monoscript/fileName/RuntimeUtilities.cs: 76964d36e50cc48cfa29643bdde8d9a5 -> 
  custom:scripting/monoscript/fileName/Bloom.cs: 6f6d579a64201b97313a62a1e91b3575 -> 
  custom:audio-decoder-ogg-vorbis: bf7c407c2cedff20999df2af8eb42d56 -> 
  custom:scripting/monoscript/fileName/AutoExposure.cs: 0e7c21b17f53209ee8c5c61ab59d7835 -> 
  custom:scripting/monoscript/fileName/VectorscopeMonitor.cs: cb70c6437b976f01b752cd219cc47f32 -> 
  custom:scripting/monoscript/fileName/PropertySheetFactory.cs: cfc4667cc03e44252fafe18d99f24b25 -> 
  custom:scripting/monoscript/fileName/EditorUtilities.cs: 53a52fb113757c42f9c516115bd845ca -> 
  custom:scripting/monoscript/fileName/HaltonSeq.cs: a7590e55d6fae5328a1c395a2473d0cf -> 
  custom:scripting/monoscript/fileName/MinAttribute.cs: a3e7473301291585f4cca024ce307406 -> 
  custom:scripting/monoscript/fileName/DepthOfField.cs: d62178d8b5619f59fcdd6d24617ef5fd -> 
  custom:scripting/monoscript/fileName/BloomEditor.cs: c341bb26b40744c3a5c2a142ac3e1051 -> 
  custom:scripting/monoscript/fileName/MainMenuBtns.cs: 7a4c553ed157df86ad49bd371125fa92 -> 
  custom:scripting/monoscript/fileName/WaveformMonitor.cs: 609651ee3f98f206575f684e9cce655d -> 
  custom:scripting/monoscript/fileName/HableCurve.cs: f244b24d6e7c556a2de06e25b0bbf4c1 -> 
  custom:audio-encoder-webm-vorbis: bf7c407c2cedff20999df2af8eb42d56 -> 
  custom:scripting/monoscript/fileName/PropertySheet.cs: e6bb03169eca9d33ea794a47ad6ce213 -> 
  custom:scripting/monoscript/fileName/TargetPool.cs: 6d29560228134c933c12fb1c113fb6ef -> 
  custom:scripting/monoscript/fileName/LogHistogram.cs: bab913d888834a1a8572eb834acec97c -> 
  custom:scripting/monoscript/fileName/ScreenSpaceReflections.cs: 8afa07200328ddfcb2536d4180c62536 -> 
  custom:scripting/precompiled-assembly-types:Assembly-CSharp: 4871bac5146755dc94acd0b06276f62c -> 51bdbbc7743e4ed3f8333c67aed2824c
  custom:scripting/monoscript/fileName/CurveEditor.cs: f5e872b2a5a6427a1785818cb10d95d1 -> 
  custom:scripting/monoscript/fileName/PostProcessResources.cs: 5089c17a701ba9b714a1f3d25fb9a9b0 -> 
  custom:scripting/monoscript/fileName/EffectListEditor.cs: 1ecdb4094d9e64024d6eb7725a86197b -> 
========================================================================
Received Prepare
Caller must complete domain reload
Begin MonoManager ReloadAssembly
- Loaded All Assemblies, in  0.290 seconds
Native extension for WindowsStandalone target not found
[Package Manager] Server::EnsureServerProcessIsRunning -- launch failed, reason: Unity was launched with the -noUpm command-line argument
[Package Manager] UpmClient::Send -- Unable to send message (not connected to UPM process).
[Package Manager] Cannot connect to Unity Package Manager local server
Mono: successfully reloaded assembly
- Finished resetting the current domain, in  0.571 seconds
Domain Reload Profiling: 861ms
	BeginReloadAssembly (105ms)
		ExecutionOrderSort (0ms)
		DisableScriptedObjects (3ms)
		BackupInstance (0ms)
		ReleaseScriptingObjects (0ms)
		CreateAndSetChildDomain (20ms)
	RebuildCommonClasses (20ms)
	RebuildNativeTypeToScriptingClass (6ms)
	initialDomainReloadingComplete (19ms)
	LoadAllAssembliesAndSetupDomain (139ms)
		LoadAssemblies (184ms)
		RebuildTransferFunctionScriptingTraits (0ms)
		AnalyzeDomain (10ms)
			TypeCache.Refresh (4ms)
				TypeCache.ScanAssembly (0ms)
			ScanForSourceGeneratedMonoScriptInfo (0ms)
			ResolveRequiredComponents (4ms)
	FinalizeReload (571ms)
		ReleaseScriptCaches (0ms)
		RebuildScriptCaches (0ms)
		SetupLoadedEditorAssemblies (320ms)
			LogAssemblyErrors (0ms)
			InitializePlatformSupportModulesInManaged (4ms)
			SetLoadedEditorAssemblies (2ms)
			RefreshPlugins (0ms)
			BeforeProcessingInitializeOnLoad (46ms)
			ProcessInitializeOnLoadAttributes (248ms)
			ProcessInitializeOnLoadMethodAttributes (16ms)
			AfterProcessingInitializeOnLoad (3ms)
			EditorAssembliesLoaded (0ms)
		ExecutionOrderSort2 (0ms)
		AwakeInstancesAfterBackupRestoration (6ms)
Refreshing native plugins compatible for Editor in 1.37 ms, found 3 plugins.
Preloading 0 native plugins for Editor in 0.00 ms.
Unloading 3285 Unused Serialized files (Serialized files now loaded: 0)
Unloading 55 unused Assets / (4.3 MB). Loaded Objects now: 4166.
Memory consumption went from 157.6 MB to 153.3 MB.
Total: 4.163300 ms (FindLiveObjects: 0.186800 ms CreateObjectMapping: 0.056600 ms MarkObjects: 2.416000 ms  DeleteObjects: 1.502900 ms)

Prepare: number of updated asset objects reloaded= 0
AssetImportParameters requested are different than current active one (requested -> active):
  custom:scripting/monoscript/fileName/Decorators.cs: 4533f6715dc3f8cdabbd37ff77d1dad7 -> 
  custom:scripting/monoscript/fileName/GlobalSettings.cs: e5eb35b80bdfaee4ead1e1630fd77998 -> 
  custom:scripting/monoscript/fileName/PostProcessEffectBaseEditor.cs: 972bdf00f442be0d879dcb6868e25c8e -> 
  custom:scripting/monoscript/fileName/PostProcessRenderContext.cs: 9e034c8bf7d42a1d6c2d4339915eccb0 -> 
  custom:scripting/monoscript/fileName/Spline.cs: 7876820de12ed89d33ad838af99a030e -> 
  custom:scripting/monoscript/fileName/ColorGrading.cs: ef67493fb3cf9676ba5f25862510a595 -> 
  custom:scripting/monoscript/fileName/Monitor.cs: e0eb5d32b3aade2e0ce8680b00ac2b78 -> 
  custom:scripting/precompiled-assembly-types:Unity.Postprocessing.Runtime: 655cd018e42ac91ed9a03cfbdae17956 -> 
  custom:scripting/monoscript/fileName/TemporalAntialiasing.cs: 71e40fdab49d34f4e07f83936454d904 -> 
  custom:container-demuxer-ogg: 62fdf1f143b41e24485cea50d1cbac27 -> 
  custom:scripting/monoscript/fileName/AmbientOcclusion.cs: 7a27923f9312611f0b2898a72e3ee96a -> 
  custom:scripting/precompiled-assembly-types:Unity.PlasticSCM.Editor: 6422b6ca0d4c4c6df738ede20396ac4f -> 61b19ddb92073bec3b858fc919e16e73
  custom:scripting/monoscript/fileName/PostProcessDebugLayer.cs: 6d8a99809398beddf11f92dfbb0e6ad4 -> 
  custom:scripting/monoscript/fileName/ColorUtilities.cs: 47918ebfa890b947a816b80444ee2882 -> 
  custom:scripting/monoscript/fileName/ParameterOverride.cs: 5475497db741ca919df708e5019e593d -> 
  custom:scripting/monoscript/fileName/TextureLerper.cs: 973e800795f77d61d647ea0c3f0cf284 -> 
  custom:scripting/precompiled-assembly-types:Unity.Postprocessing.Editor: 23b49e25b965492466cd147d7735360a -> 
  custom:scripting/monoscript/fileName/Vignette.cs: e0b99ac31b7575ef776e7be56647abb0 -> 
  custom:scripting/monoscript/fileName/DepthOfFieldEditor.cs: 64cce655bf722c851048e2ebbf401a7b -> 
  custom:scripting/monoscript/fileName/DefaultPostProcessEffectEditor.cs: 06a1d8fcea7725e08b95f21cc15fd0a1 -> 
  custom:scripting/monoscript/fileName/MainMenuGUI.cs: 091df4f91c57b9accec9de62246fca77 -> 
  custom:scripting/monoscript/fileName/PostProcessLayer.cs: aa288976158dcd4c24041d5304f25d07 -> 
  custom:video-codec-MediaFoundation-h265: 746d11721c4dcdbdad8f713fa42b33f4 -> 
  custom:scripting/monoscript/fileName/MaxAttribute.cs: d661645ab8c724f24b3e19978e87b44c -> 
  custom:scripting/monoscript/fileName/PostProcessDebugEditor.cs: 1a0488d8742bf880cc7334e53e2cc73d -> 
  custom:video-decoder-ogg-theora: a1e56fd34408186e4bbccfd4996cb3dc -> 
  custom:scripting/monoscript/fileName/SerializedParameterOverride.cs: 5e4deaf96895d013d32a8e84ec179f8e -> 
  custom:scripting/monoscript/fileName/MeshUtilities.cs: dc5356b699afd34cf9728f4d65b476a0 -> 
  custom:scripting/monoscript/fileName/AmbientOcclusionEditor.cs: 61e5422c29b8f52188d508eb7d382167 -> 
  custom:scripting/monoscript/fileName/LoadScene.cs: 206f1b3f828a012e3128d4c1e305d0fb -> 
  custom:scripting/monoscript/fileName/FastApproximateAntialiasing.cs: bf5588b2deec2689a812a7d2eacd9bd5 -> 
  custom:scripting/monoscript/fileName/MotionBlur.cs: 823914e335803785a19e5990c6ab2911 -> 
  custom:scripting/monoscript/fileName/DefineSetter.cs: 292ba08e52064b1a72f8d4bb04301dd3 -> 
  custom:framework-win-MediaFoundation: 216162199b28c13a410421893ffa2e32 -> 
  custom:scripting/monoscript/fileName/ShaderIDs.cs: 96024f1f873475da65a783f1404f9117 -> 
  custom:scripting/monoscript/fileName/PostProcessEditorAttribute.cs: 672a58b4d5bab60112487a31c361c481 -> 
  custom:scripting/monoscript/fileName/LensDistortionEditor.cs: dee045d29944d55e8040435a58a7ce90 -> 
  custom:scripting/monoscript/fileName/MotionBlurEditor.cs: 3bd8d3e7e9a7ea94beb2e5517b62d27b -> 
  custom:scripting/monoscript/fileName/Dithering.cs: 3014fffaa718d0ad6dd2c7bb7956ed46 -> 
  custom:scripting/monoscript/fileName/DecoratorAttribute.cs: be5bd39119e1a41ea1a019fdb3818a3f -> 
  custom:scripting/monoscript/fileName/DisplayNameAttribute.cs: 935a6ac504eb8a852fba40cbcae9292c -> 
  custom:scripting/monoscript/fileName/PostProcessEffectSettings.cs: 2ab9d33170e863b1a9c8a9079cdd12aa -> 
  custom:scripting/monoscript/fileName/Fog.cs: 07e271953e2bcf8513b6a72a2737e767 -> 
  custom:scripting/monoscript/fileName/PostProcessManager.cs: 28ef7780d543a8111635e1f5051383d0 -> 
  custom:scripting/monoscript/fileName/VolumeFactory.cs: cc77136700c9e1ff894d234886ccb852 -> 
  custom:scripting/precompiled-assembly-types:Unity.Timeline.Editor: b4313fba5652ee5a8449f3ec85f31ae4 -> 534d7c71c4dd9147ea00599cede121e1
  custom:CustomObjectIndexerAttribute: 9a22284fe3817be447336de3de66b15e -> 
  custom:scripting/monoscript/fileName/PostProcessEvent.cs: 8fb6e54ff2cf1a8be7ecdd01fbdd78f8 -> 
  custom:scripting/monoscript/fileName/TrackballAttribute.cs: 8dea8f77de7bd03137cc578af1ea6656 -> 
  custom:scripting/monoscript/fileName/TrackballDecorator.cs: 6a2b6c747937d12d8d81be8f5b21fbd2 -> 
  custom:scripting/monoscript/fileName/MultiScaleVO.cs: d4c4732956ffb536e016475d75f04c43 -> 
  custom:scripting/monoscript/fileName/CubeLutAssetFactory.cs: db1961888d7cabf6be94b37e3b663de4 -> 
  custom:container-demuxer-webm: 4f35f7cbe854078d1ac9338744f61a02 -> 
  custom:scripting/monoscript/fileName/PostProcessVolumeEditor.cs: 7aae71821512dcac422c45dc773293c3 -> 
  custom:scripting/monoscript/fileName/ChromaticAberration.cs: 4d59e57f8324f5f986e16678ed451410 -> 
  custom:scripting/monoscript/fileName/VignetteEditor.cs: 345736fc911c5e8ab23e579751a40e4a -> 
  custom:scripting/monoscript/fileName/Styling.cs: d1c4aa14ff93670753edfbb93fc91bfe -> 
  custom:scripting/monoscript/fileName/PostProcessEffectRendererExtensions.cs: e953624d113e7e1739c702512603957d -> 
  custom:scripting/monoscript/fileName/ScalableAO.cs: 2f29d71d59b754086c809cfee1cdce34 -> 
  custom:scripting/monoscript/fileName/PostProcessLayerEditor.cs: d16de665ece05cd6e27dcc8d7bac4b9a -> 
  custom:scripting/monoscript/fileName/MinMaxAttribute.cs: a4b6ac8a4377612c7135a60f905792f1 -> 
  custom:scripting/monoscript/fileName/SubpixelMorphologicalAntialiasing.cs: 02dcb8839824addec278047da0509aea -> 
  custom:scripting/monoscript/fileName/BaseEditor.cs: 90647cc400823b41df847a6cbfc29026 -> 
  custom:container-muxer-webm: aa71ff27fc2769a1b78a27578f13a17b -> 
  custom:video-decoder-webm-vp8: 9c59270c3fd7afecdb556c50c9e8de78 -> 
  custom:SearchIndexIgnoredProperties: e643bd26f0fe6173181afceb89e7c659 -> 
  custom:scripting/monoscript/fileName/ChromaticAberrationEditor.cs: 3043bf57519b71f64b7a6de970c2487b -> 
  custom:scripting/monoscript/fileName/PostProcessEffectRenderer.cs: 577c5acf8157ecea944bb95c8c6d9a95 -> 
  custom:AudioImporter_EditorPlatform: d09bf68614088b80899f8185d706f6e7 -> 
  custom:scripting/monoscript/fileName/TextureFormatUtilities.cs: ba58c57cfaabc0f8201a9ca6902fcb23 -> 
  custom:scripting/monoscript/fileName/PostProcessVolume.cs: 3883cef4be0567c54caf457a416a2095 -> 
  custom:scripting/monoscript/fileName/LightMeterMonitor.cs: a897ae0c731cb153281aea9ecd0efb03 -> 
  custom:scripting/monoscript/fileName/ColorGradingEditor.cs: 25838050e3e1f12ef51713a5dcf60349 -> 
  custom:scripting/monoscript/fileName/AttributeDecorator.cs: 39b465f08cd0a5df82fc2ef70b766ca2 -> 
  custom:scripting/monoscript/fileName/AutoExposureEditor.cs: dfd15824649ea346b717bc72a871d75b -> 
  custom:scripting/precompiled-assembly-types:Unity.VisualScripting.Core.Editor: 1ac958119c4ad755d50390246b13522a -> 39597c0f3a76e24d87d64afa59c5f88d
  custom:scripting/monoscript/fileName/LensDistortion.cs: b7963bb1da21ba484a7b59b9f6ea3aec -> 
  custom:scripting/monoscript/fileName/ResourceAssetFactory.cs: bf6acc988648d854bb3c5751325d0d0a -> 
  custom:scripting/precompiled-assembly-types:UnityEngine.TestRunner: 7a4d96a0696e29157328c6996c3b82c5 -> f5758234275f5346968d00e3b1a1c0e4
  custom:scripting/monoscript/fileName/PostProcessProfileEditor.cs: 1dcd55858a4126cb33b0f2de53c74fbe -> 
  custom:scripting/monoscript/fileName/PostProcessDebug.cs: a653e9b773649e7452b035b4ce1dae82 -> 
  custom:scripting/monoscript/fileName/PostProcessAttribute.cs: e125947bf72ce7382f3b16f75797c897 -> 
  custom:scripting/monoscript/fileName/QuitGame.cs: 5096369e521a632ecaa19ef6bb193ad3 -> 
  custom:scripting/monoscript/fileName/Grain.cs: 43f09a87a88d9937fbb9c4dbf3d5508e -> 
  custom:scripting/monoscript/fileName/HistogramMonitor.cs: 6fd024409d6e9db8d4c2c4e26430c2ad -> 
  custom:scripting/monoscript/fileName/PostProcessProfile.cs: f6dc030e2e953b2ed0eca334cce5d5cf -> 
  custom:scripting/monoscript/fileName/ProfileFactory.cs: f835845dfebfed501813f60a1cb006a3 -> 
  custom:scripting/monoscript/fileName/PostProcessEffectEditor.cs: 90647cc400823b41df847a6cbfc29026 -> 
  custom:scripting/monoscript/fileName/CubeLutAssetImporter.cs: 5e94ca4c74dad11cc8880f33d0ba9efb -> 
  custom:scripting/monoscript/fileName/PostProcessBundle.cs: f610f855c8ae8b896b5084e85ede373e -> 
  custom:scripting/monoscript/fileName/ScreenSpaceReflectionsEditor.cs: 59c13ba25de6098e70bafe8be94f609a -> 
  custom:video-encoder-webm-vp8: eb34c28f22e8b96e1ab97ce403110664 -> 
  custom:scripting/monoscript/fileName/RuntimeUtilities.cs: 76964d36e50cc48cfa29643bdde8d9a5 -> 
  custom:scripting/monoscript/fileName/Bloom.cs: 6f6d579a64201b97313a62a1e91b3575 -> 
  custom:audio-decoder-ogg-vorbis: bf7c407c2cedff20999df2af8eb42d56 -> 
  custom:scripting/monoscript/fileName/AutoExposure.cs: 0e7c21b17f53209ee8c5c61ab59d7835 -> 
  custom:scripting/monoscript/fileName/VectorscopeMonitor.cs: cb70c6437b976f01b752cd219cc47f32 -> 
  custom:scripting/monoscript/fileName/PropertySheetFactory.cs: cfc4667cc03e44252fafe18d99f24b25 -> 
  custom:scripting/monoscript/fileName/EditorUtilities.cs: 53a52fb113757c42f9c516115bd845ca -> 
  custom:scripting/monoscript/fileName/HaltonSeq.cs: a7590e55d6fae5328a1c395a2473d0cf -> 
  custom:scripting/monoscript/fileName/MinAttribute.cs: a3e7473301291585f4cca024ce307406 -> 
  custom:scripting/monoscript/fileName/DepthOfField.cs: d62178d8b5619f59fcdd6d24617ef5fd -> 
  custom:scripting/monoscript/fileName/BloomEditor.cs: c341bb26b40744c3a5c2a142ac3e1051 -> 
  custom:scripting/monoscript/fileName/MainMenuBtns.cs: 7a4c553ed157df86ad49bd371125fa92 -> 
  custom:scripting/monoscript/fileName/WaveformMonitor.cs: 609651ee3f98f206575f684e9cce655d -> 
  custom:scripting/monoscript/fileName/HableCurve.cs: f244b24d6e7c556a2de06e25b0bbf4c1 -> 
  custom:audio-encoder-webm-vorbis: bf7c407c2cedff20999df2af8eb42d56 -> 
  custom:scripting/monoscript/fileName/PropertySheet.cs: e6bb03169eca9d33ea794a47ad6ce213 -> 
  custom:scripting/monoscript/fileName/TargetPool.cs: 6d29560228134c933c12fb1c113fb6ef -> 
  custom:scripting/monoscript/fileName/LogHistogram.cs: bab913d888834a1a8572eb834acec97c -> 
  custom:scripting/monoscript/fileName/ScreenSpaceReflections.cs: 8afa07200328ddfcb2536d4180c62536 -> 
  custom:scripting/precompiled-assembly-types:Assembly-CSharp: 4871bac5146755dc94acd0b06276f62c -> 51bdbbc7743e4ed3f8333c67aed2824c
  custom:scripting/monoscript/fileName/CurveEditor.cs: f5e872b2a5a6427a1785818cb10d95d1 -> 
  custom:scripting/monoscript/fileName/PostProcessResources.cs: 5089c17a701ba9b714a1f3d25fb9a9b0 -> 
  custom:scripting/monoscript/fileName/EffectListEditor.cs: 1ecdb4094d9e64024d6eb7725a86197b -> 
========================================================================
Received Prepare
Caller must complete domain reload
Begin MonoManager ReloadAssembly
- Loaded All Assemblies, in  0.293 seconds
Native extension for WindowsStandalone target not found
[Package Manager] Server::EnsureServerProcessIsRunning -- launch failed, reason: Unity was launched with the -noUpm command-line argument
[Package Manager] UpmClient::Send -- Unable to send message (not connected to UPM process).
[Package Manager] Cannot connect to Unity Package Manager local server
Mono: successfully reloaded assembly
- Finished resetting the current domain, in  0.535 seconds
Domain Reload Profiling: 828ms
	BeginReloadAssembly (106ms)
		ExecutionOrderSort (0ms)
		DisableScriptedObjects (3ms)
		BackupInstance (0ms)
		ReleaseScriptingObjects (0ms)
		CreateAndSetChildDomain (23ms)
	RebuildCommonClasses (21ms)
	RebuildNativeTypeToScriptingClass (6ms)
	initialDomainReloadingComplete (19ms)
	LoadAllAssembliesAndSetupDomain (141ms)
		LoadAssemblies (184ms)
		RebuildTransferFunctionScriptingTraits (0ms)
		AnalyzeDomain (13ms)
			TypeCache.Refresh (6ms)
				TypeCache.ScanAssembly (0ms)
			ScanForSourceGeneratedMonoScriptInfo (0ms)
			ResolveRequiredComponents (5ms)
	FinalizeReload (536ms)
		ReleaseScriptCaches (0ms)
		RebuildScriptCaches (0ms)
		SetupLoadedEditorAssemblies (308ms)
			LogAssemblyErrors (0ms)
			InitializePlatformSupportModulesInManaged (5ms)
			SetLoadedEditorAssemblies (2ms)
			RefreshPlugins (0ms)
			BeforeProcessingInitializeOnLoad (38ms)
			ProcessInitializeOnLoadAttributes (242ms)
			ProcessInitializeOnLoadMethodAttributes (17ms)
			AfterProcessingInitializeOnLoad (3ms)
			EditorAssembliesLoaded (0ms)
		ExecutionOrderSort2 (0ms)
		AwakeInstancesAfterBackupRestoration (6ms)
Refreshing native plugins compatible for Editor in 1.19 ms, found 3 plugins.
Preloading 0 native plugins for Editor in 0.00 ms.
Unloading 3285 Unused Serialized files (Serialized files now loaded: 0)
Unloading 55 unused Assets / (4.3 MB). Loaded Objects now: 4169.
Memory consumption went from 157.6 MB to 153.3 MB.
Total: 2.888200 ms (FindLiveObjects: 0.174700 ms CreateObjectMapping: 0.050600 ms MarkObjects: 1.733300 ms  DeleteObjects: 0.928800 ms)

Prepare: number of updated asset objects reloaded= 0
AssetImportParameters requested are different than current active one (requested -> active):
  custom:scripting/monoscript/fileName/Decorators.cs: 4533f6715dc3f8cdabbd37ff77d1dad7 -> 
  custom:scripting/monoscript/fileName/GlobalSettings.cs: e5eb35b80bdfaee4ead1e1630fd77998 -> 
  custom:scripting/monoscript/fileName/PostProcessEffectBaseEditor.cs: 972bdf00f442be0d879dcb6868e25c8e -> 
  custom:scripting/monoscript/fileName/PostProcessRenderContext.cs: 9e034c8bf7d42a1d6c2d4339915eccb0 -> 
  custom:scripting/monoscript/fileName/Spline.cs: 7876820de12ed89d33ad838af99a030e -> 
  custom:scripting/monoscript/fileName/ColorGrading.cs: ef67493fb3cf9676ba5f25862510a595 -> 
  custom:scripting/monoscript/fileName/Monitor.cs: e0eb5d32b3aade2e0ce8680b00ac2b78 -> 
  custom:scripting/precompiled-assembly-types:Unity.Postprocessing.Runtime: 655cd018e42ac91ed9a03cfbdae17956 -> 
  custom:scripting/monoscript/fileName/TemporalAntialiasing.cs: 71e40fdab49d34f4e07f83936454d904 -> 
  custom:container-demuxer-ogg: 62fdf1f143b41e24485cea50d1cbac27 -> 
  custom:scripting/monoscript/fileName/AmbientOcclusion.cs: 7a27923f9312611f0b2898a72e3ee96a -> 
  custom:scripting/precompiled-assembly-types:Unity.PlasticSCM.Editor: 6422b6ca0d4c4c6df738ede20396ac4f -> 61b19ddb92073bec3b858fc919e16e73
  custom:scripting/monoscript/fileName/PostProcessDebugLayer.cs: 6d8a99809398beddf11f92dfbb0e6ad4 -> 
  custom:scripting/monoscript/fileName/ColorUtilities.cs: 47918ebfa890b947a816b80444ee2882 -> 
  custom:scripting/monoscript/fileName/ParameterOverride.cs: 5475497db741ca919df708e5019e593d -> 
  custom:scripting/monoscript/fileName/TextureLerper.cs: 973e800795f77d61d647ea0c3f0cf284 -> 
  custom:scripting/precompiled-assembly-types:Unity.Postprocessing.Editor: 23b49e25b965492466cd147d7735360a -> 
  custom:scripting/monoscript/fileName/Vignette.cs: e0b99ac31b7575ef776e7be56647abb0 -> 
  custom:scripting/monoscript/fileName/DepthOfFieldEditor.cs: 64cce655bf722c851048e2ebbf401a7b -> 
  custom:scripting/monoscript/fileName/DefaultPostProcessEffectEditor.cs: 06a1d8fcea7725e08b95f21cc15fd0a1 -> 
  custom:scripting/monoscript/fileName/MainMenuGUI.cs: 091df4f91c57b9accec9de62246fca77 -> 
  custom:scripting/monoscript/fileName/PostProcessLayer.cs: aa288976158dcd4c24041d5304f25d07 -> 
  custom:video-codec-MediaFoundation-h265: 746d11721c4dcdbdad8f713fa42b33f4 -> 
  custom:scripting/monoscript/fileName/MaxAttribute.cs: d661645ab8c724f24b3e19978e87b44c -> 
  custom:scripting/monoscript/fileName/PostProcessDebugEditor.cs: 1a0488d8742bf880cc7334e53e2cc73d -> 
  custom:video-decoder-ogg-theora: a1e56fd34408186e4bbccfd4996cb3dc -> 
  custom:scripting/monoscript/fileName/SerializedParameterOverride.cs: 5e4deaf96895d013d32a8e84ec179f8e -> 
  custom:scripting/monoscript/fileName/MeshUtilities.cs: dc5356b699afd34cf9728f4d65b476a0 -> 
  custom:scripting/monoscript/fileName/AmbientOcclusionEditor.cs: 61e5422c29b8f52188d508eb7d382167 -> 
  custom:scripting/monoscript/fileName/LoadScene.cs: 206f1b3f828a012e3128d4c1e305d0fb -> 
  custom:scripting/monoscript/fileName/FastApproximateAntialiasing.cs: bf5588b2deec2689a812a7d2eacd9bd5 -> 
  custom:scripting/monoscript/fileName/MotionBlur.cs: 823914e335803785a19e5990c6ab2911 -> 
  custom:scripting/monoscript/fileName/DefineSetter.cs: 292ba08e52064b1a72f8d4bb04301dd3 -> 
  custom:framework-win-MediaFoundation: 216162199b28c13a410421893ffa2e32 -> 
  custom:scripting/monoscript/fileName/ShaderIDs.cs: 96024f1f873475da65a783f1404f9117 -> 
  custom:scripting/monoscript/fileName/PostProcessEditorAttribute.cs: 672a58b4d5bab60112487a31c361c481 -> 
  custom:scripting/monoscript/fileName/LensDistortionEditor.cs: dee045d29944d55e8040435a58a7ce90 -> 
  custom:scripting/monoscript/fileName/MotionBlurEditor.cs: 3bd8d3e7e9a7ea94beb2e5517b62d27b -> 
  custom:scripting/monoscript/fileName/Dithering.cs: 3014fffaa718d0ad6dd2c7bb7956ed46 -> 
  custom:scripting/monoscript/fileName/DecoratorAttribute.cs: be5bd39119e1a41ea1a019fdb3818a3f -> 
  custom:scripting/monoscript/fileName/DisplayNameAttribute.cs: 935a6ac504eb8a852fba40cbcae9292c -> 
  custom:scripting/monoscript/fileName/PostProcessEffectSettings.cs: 2ab9d33170e863b1a9c8a9079cdd12aa -> 
  custom:scripting/monoscript/fileName/Fog.cs: 07e271953e2bcf8513b6a72a2737e767 -> 
  custom:scripting/monoscript/fileName/PostProcessManager.cs: 28ef7780d543a8111635e1f5051383d0 -> 
  custom:scripting/monoscript/fileName/VolumeFactory.cs: cc77136700c9e1ff894d234886ccb852 -> 
  custom:scripting/precompiled-assembly-types:Unity.Timeline.Editor: b4313fba5652ee5a8449f3ec85f31ae4 -> 534d7c71c4dd9147ea00599cede121e1
  custom:CustomObjectIndexerAttribute: 9a22284fe3817be447336de3de66b15e -> 
  custom:scripting/monoscript/fileName/PostProcessEvent.cs: 8fb6e54ff2cf1a8be7ecdd01fbdd78f8 -> 
  custom:scripting/monoscript/fileName/TrackballAttribute.cs: 8dea8f77de7bd03137cc578af1ea6656 -> 
  custom:scripting/monoscript/fileName/TrackballDecorator.cs: 6a2b6c747937d12d8d81be8f5b21fbd2 -> 
  custom:scripting/monoscript/fileName/MultiScaleVO.cs: d4c4732956ffb536e016475d75f04c43 -> 
  custom:scripting/monoscript/fileName/CubeLutAssetFactory.cs: db1961888d7cabf6be94b37e3b663de4 -> 
  custom:container-demuxer-webm: 4f35f7cbe854078d1ac9338744f61a02 -> 
  custom:scripting/monoscript/fileName/PostProcessVolumeEditor.cs: 7aae71821512dcac422c45dc773293c3 -> 
  custom:scripting/monoscript/fileName/ChromaticAberration.cs: 4d59e57f8324f5f986e16678ed451410 -> 
  custom:scripting/monoscript/fileName/VignetteEditor.cs: 345736fc911c5e8ab23e579751a40e4a -> 
  custom:scripting/monoscript/fileName/Styling.cs: d1c4aa14ff93670753edfbb93fc91bfe -> 
  custom:scripting/monoscript/fileName/PostProcessEffectRendererExtensions.cs: e953624d113e7e1739c702512603957d -> 
  custom:scripting/monoscript/fileName/ScalableAO.cs: 2f29d71d59b754086c809cfee1cdce34 -> 
  custom:scripting/monoscript/fileName/PostProcessLayerEditor.cs: d16de665ece05cd6e27dcc8d7bac4b9a -> 
  custom:scripting/monoscript/fileName/MinMaxAttribute.cs: a4b6ac8a4377612c7135a60f905792f1 -> 
  custom:scripting/monoscript/fileName/SubpixelMorphologicalAntialiasing.cs: 02dcb8839824addec278047da0509aea -> 
  custom:scripting/monoscript/fileName/BaseEditor.cs: 90647cc400823b41df847a6cbfc29026 -> 
  custom:container-muxer-webm: aa71ff27fc2769a1b78a27578f13a17b -> 
  custom:video-decoder-webm-vp8: 9c59270c3fd7afecdb556c50c9e8de78 -> 
  custom:SearchIndexIgnoredProperties: e643bd26f0fe6173181afceb89e7c659 -> 
  custom:scripting/monoscript/fileName/ChromaticAberrationEditor.cs: 3043bf57519b71f64b7a6de970c2487b -> 
  custom:scripting/monoscript/fileName/PostProcessEffectRenderer.cs: 577c5acf8157ecea944bb95c8c6d9a95 -> 
  custom:AudioImporter_EditorPlatform: d09bf68614088b80899f8185d706f6e7 -> 
  custom:scripting/monoscript/fileName/TextureFormatUtilities.cs: ba58c57cfaabc0f8201a9ca6902fcb23 -> 
  custom:scripting/monoscript/fileName/PostProcessVolume.cs: 3883cef4be0567c54caf457a416a2095 -> 
  custom:scripting/monoscript/fileName/LightMeterMonitor.cs: a897ae0c731cb153281aea9ecd0efb03 -> 
  custom:scripting/monoscript/fileName/ColorGradingEditor.cs: 25838050e3e1f12ef51713a5dcf60349 -> 
  custom:scripting/monoscript/fileName/AttributeDecorator.cs: 39b465f08cd0a5df82fc2ef70b766ca2 -> 
  custom:scripting/monoscript/fileName/AutoExposureEditor.cs: dfd15824649ea346b717bc72a871d75b -> 
  custom:scripting/precompiled-assembly-types:Unity.VisualScripting.Core.Editor: 1ac958119c4ad755d50390246b13522a -> 39597c0f3a76e24d87d64afa59c5f88d
  custom:scripting/monoscript/fileName/LensDistortion.cs: b7963bb1da21ba484a7b59b9f6ea3aec -> 
  custom:scripting/monoscript/fileName/ResourceAssetFactory.cs: bf6acc988648d854bb3c5751325d0d0a -> 
  custom:scripting/precompiled-assembly-types:UnityEngine.TestRunner: 7a4d96a0696e29157328c6996c3b82c5 -> f5758234275f5346968d00e3b1a1c0e4
  custom:scripting/monoscript/fileName/PostProcessProfileEditor.cs: 1dcd55858a4126cb33b0f2de53c74fbe -> 
  custom:scripting/monoscript/fileName/PostProcessDebug.cs: a653e9b773649e7452b035b4ce1dae82 -> 
  custom:scripting/monoscript/fileName/PostProcessAttribute.cs: e125947bf72ce7382f3b16f75797c897 -> 
  custom:scripting/monoscript/fileName/QuitGame.cs: 5096369e521a632ecaa19ef6bb193ad3 -> 
  custom:scripting/monoscript/fileName/Grain.cs: 43f09a87a88d9937fbb9c4dbf3d5508e -> 
  custom:scripting/monoscript/fileName/HistogramMonitor.cs: 6fd024409d6e9db8d4c2c4e26430c2ad -> 
  custom:scripting/monoscript/fileName/PostProcessProfile.cs: f6dc030e2e953b2ed0eca334cce5d5cf -> 
  custom:scripting/monoscript/fileName/ProfileFactory.cs: f835845dfebfed501813f60a1cb006a3 -> 
  custom:scripting/monoscript/fileName/PostProcessEffectEditor.cs: 90647cc400823b41df847a6cbfc29026 -> 
  custom:scripting/monoscript/fileName/CubeLutAssetImporter.cs: 5e94ca4c74dad11cc8880f33d0ba9efb -> 
  custom:scripting/monoscript/fileName/PostProcessBundle.cs: f610f855c8ae8b896b5084e85ede373e -> 
  custom:scripting/monoscript/fileName/ScreenSpaceReflectionsEditor.cs: 59c13ba25de6098e70bafe8be94f609a -> 
  custom:video-encoder-webm-vp8: eb34c28f22e8b96e1ab97ce403110664 -> 
  custom:scripting/monoscript/fileName/RuntimeUtilities.cs: 76964d36e50cc48cfa29643bdde8d9a5 -> 
  custom:scripting/monoscript/fileName/Bloom.cs: 6f6d579a64201b97313a62a1e91b3575 -> 
  custom:audio-decoder-ogg-vorbis: bf7c407c2cedff20999df2af8eb42d56 -> 
  custom:scripting/monoscript/fileName/AutoExposure.cs: 0e7c21b17f53209ee8c5c61ab59d7835 -> 
  custom:scripting/monoscript/fileName/VectorscopeMonitor.cs: cb70c6437b976f01b752cd219cc47f32 -> 
  custom:scripting/monoscript/fileName/PropertySheetFactory.cs: cfc4667cc03e44252fafe18d99f24b25 -> 
  custom:scripting/monoscript/fileName/EditorUtilities.cs: 53a52fb113757c42f9c516115bd845ca -> 
  custom:scripting/monoscript/fileName/HaltonSeq.cs: a7590e55d6fae5328a1c395a2473d0cf -> 
  custom:scripting/monoscript/fileName/MinAttribute.cs: a3e7473301291585f4cca024ce307406 -> 
  custom:scripting/monoscript/fileName/DepthOfField.cs: d62178d8b5619f59fcdd6d24617ef5fd -> 
  custom:scripting/monoscript/fileName/BloomEditor.cs: c341bb26b40744c3a5c2a142ac3e1051 -> 
  custom:scripting/monoscript/fileName/MainMenuBtns.cs: 7a4c553ed157df86ad49bd371125fa92 -> 
  custom:scripting/monoscript/fileName/WaveformMonitor.cs: 609651ee3f98f206575f684e9cce655d -> 
  custom:scripting/monoscript/fileName/HableCurve.cs: f244b24d6e7c556a2de06e25b0bbf4c1 -> 
  custom:audio-encoder-webm-vorbis: bf7c407c2cedff20999df2af8eb42d56 -> 
  custom:scripting/monoscript/fileName/PropertySheet.cs: e6bb03169eca9d33ea794a47ad6ce213 -> 
  custom:scripting/monoscript/fileName/TargetPool.cs: 6d29560228134c933c12fb1c113fb6ef -> 
  custom:scripting/monoscript/fileName/LogHistogram.cs: bab913d888834a1a8572eb834acec97c -> 
  custom:scripting/monoscript/fileName/ScreenSpaceReflections.cs: 8afa07200328ddfcb2536d4180c62536 -> 
  custom:scripting/precompiled-assembly-types:Assembly-CSharp: 4871bac5146755dc94acd0b06276f62c -> 51bdbbc7743e4ed3f8333c67aed2824c
  custom:scripting/monoscript/fileName/CurveEditor.cs: f5e872b2a5a6427a1785818cb10d95d1 -> 
  custom:scripting/monoscript/fileName/PostProcessResources.cs: 5089c17a701ba9b714a1f3d25fb9a9b0 -> 
  custom:scripting/monoscript/fileName/EffectListEditor.cs: 1ecdb4094d9e64024d6eb7725a86197b -> 
========================================================================
Received Prepare
Caller must complete domain reload
Begin MonoManager ReloadAssembly
- Loaded All Assemblies, in  0.282 seconds
Native extension for WindowsStandalone target not found
[Package Manager] Server::EnsureServerProcessIsRunning -- launch failed, reason: Unity was launched with the -noUpm command-line argument
[Package Manager] UpmClient::Send -- Unable to send message (not connected to UPM process).
[Package Manager] Cannot connect to Unity Package Manager local server
Mono: successfully reloaded assembly
- Finished resetting the current domain, in  0.554 seconds
Domain Reload Profiling: 835ms
	BeginReloadAssembly (98ms)
		ExecutionOrderSort (0ms)
		DisableScriptedObjects (3ms)
		BackupInstance (0ms)
		ReleaseScriptingObjects (0ms)
		CreateAndSetChildDomain (20ms)
	RebuildCommonClasses (21ms)
	RebuildNativeTypeToScriptingClass (7ms)
	initialDomainReloadingComplete (19ms)
	LoadAllAssembliesAndSetupDomain (135ms)
		LoadAssemblies (175ms)
		RebuildTransferFunctionScriptingTraits (0ms)
		AnalyzeDomain (12ms)
			TypeCache.Refresh (6ms)
				TypeCache.ScanAssembly (0ms)
			ScanForSourceGeneratedMonoScriptInfo (0ms)
			ResolveRequiredComponents (4ms)
	FinalizeReload (554ms)
		ReleaseScriptCaches (0ms)
		RebuildScriptCaches (0ms)
		SetupLoadedEditorAssemblies (325ms)
			LogAssemblyErrors (0ms)
			InitializePlatformSupportModulesInManaged (5ms)
			SetLoadedEditorAssemblies (2ms)
			RefreshPlugins (0ms)
			BeforeProcessingInitializeOnLoad (40ms)
			ProcessInitializeOnLoadAttributes (254ms)
			ProcessInitializeOnLoadMethodAttributes (19ms)
			AfterProcessingInitializeOnLoad (4ms)
			EditorAssembliesLoaded (0ms)
		ExecutionOrderSort2 (0ms)
		AwakeInstancesAfterBackupRestoration (6ms)
Refreshing native plugins compatible for Editor in 1.13 ms, found 3 plugins.
Preloading 0 native plugins for Editor in 0.00 ms.
Unloading 3285 Unused Serialized files (Serialized files now loaded: 0)
Unloading 55 unused Assets / (4.3 MB). Loaded Objects now: 4172.
Memory consumption went from 157.5 MB to 153.2 MB.
Total: 3.655300 ms (FindLiveObjects: 0.214200 ms CreateObjectMapping: 0.157600 ms MarkObjects: 2.219400 ms  DeleteObjects: 1.063100 ms)

Prepare: number of updated asset objects reloaded= 0
AssetImportParameters requested are different than current active one (requested -> active):
  custom:scripting/monoscript/fileName/Decorators.cs: 4533f6715dc3f8cdabbd37ff77d1dad7 -> 
  custom:scripting/monoscript/fileName/GlobalSettings.cs: e5eb35b80bdfaee4ead1e1630fd77998 -> 
  custom:scripting/monoscript/fileName/PostProcessEffectBaseEditor.cs: 972bdf00f442be0d879dcb6868e25c8e -> 
  custom:scripting/monoscript/fileName/PostProcessRenderContext.cs: 9e034c8bf7d42a1d6c2d4339915eccb0 -> 
  custom:scripting/monoscript/fileName/Spline.cs: 7876820de12ed89d33ad838af99a030e -> 
  custom:scripting/monoscript/fileName/ColorGrading.cs: ef67493fb3cf9676ba5f25862510a595 -> 
  custom:scripting/monoscript/fileName/Monitor.cs: e0eb5d32b3aade2e0ce8680b00ac2b78 -> 
  custom:scripting/precompiled-assembly-types:Unity.Postprocessing.Runtime: 655cd018e42ac91ed9a03cfbdae17956 -> 
  custom:scripting/monoscript/fileName/TemporalAntialiasing.cs: 71e40fdab49d34f4e07f83936454d904 -> 
  custom:container-demuxer-ogg: 62fdf1f143b41e24485cea50d1cbac27 -> 
  custom:scripting/monoscript/fileName/AmbientOcclusion.cs: 7a27923f9312611f0b2898a72e3ee96a -> 
  custom:scripting/precompiled-assembly-types:Unity.PlasticSCM.Editor: 6422b6ca0d4c4c6df738ede20396ac4f -> 61b19ddb92073bec3b858fc919e16e73
  custom:scripting/monoscript/fileName/PostProcessDebugLayer.cs: 6d8a99809398beddf11f92dfbb0e6ad4 -> 
  custom:scripting/monoscript/fileName/ColorUtilities.cs: 47918ebfa890b947a816b80444ee2882 -> 
  custom:scripting/monoscript/fileName/ParameterOverride.cs: 5475497db741ca919df708e5019e593d -> 
  custom:scripting/monoscript/fileName/TextureLerper.cs: 973e800795f77d61d647ea0c3f0cf284 -> 
  custom:scripting/precompiled-assembly-types:Unity.Postprocessing.Editor: 23b49e25b965492466cd147d7735360a -> 
  custom:scripting/monoscript/fileName/Vignette.cs: e0b99ac31b7575ef776e7be56647abb0 -> 
  custom:scripting/monoscript/fileName/DepthOfFieldEditor.cs: 64cce655bf722c851048e2ebbf401a7b -> 
  custom:scripting/monoscript/fileName/DefaultPostProcessEffectEditor.cs: 06a1d8fcea7725e08b95f21cc15fd0a1 -> 
  custom:scripting/monoscript/fileName/MainMenuGUI.cs: 091df4f91c57b9accec9de62246fca77 -> 
  custom:scripting/monoscript/fileName/PostProcessLayer.cs: aa288976158dcd4c24041d5304f25d07 -> 
  custom:video-codec-MediaFoundation-h265: 746d11721c4dcdbdad8f713fa42b33f4 -> 
  custom:scripting/monoscript/fileName/MaxAttribute.cs: d661645ab8c724f24b3e19978e87b44c -> 
  custom:scripting/monoscript/fileName/PostProcessDebugEditor.cs: 1a0488d8742bf880cc7334e53e2cc73d -> 
  custom:video-decoder-ogg-theora: a1e56fd34408186e4bbccfd4996cb3dc -> 
  custom:scripting/monoscript/fileName/SerializedParameterOverride.cs: 5e4deaf96895d013d32a8e84ec179f8e -> 
  custom:scripting/monoscript/fileName/MeshUtilities.cs: dc5356b699afd34cf9728f4d65b476a0 -> 
  custom:scripting/monoscript/fileName/AmbientOcclusionEditor.cs: 61e5422c29b8f52188d508eb7d382167 -> 
  custom:scripting/monoscript/fileName/LoadScene.cs: 206f1b3f828a012e3128d4c1e305d0fb -> 
  custom:scripting/monoscript/fileName/FastApproximateAntialiasing.cs: bf5588b2deec2689a812a7d2eacd9bd5 -> 
  custom:scripting/monoscript/fileName/MotionBlur.cs: 823914e335803785a19e5990c6ab2911 -> 
  custom:scripting/monoscript/fileName/DefineSetter.cs: 292ba08e52064b1a72f8d4bb04301dd3 -> 
  custom:framework-win-MediaFoundation: 216162199b28c13a410421893ffa2e32 -> 
  custom:scripting/monoscript/fileName/ShaderIDs.cs: 96024f1f873475da65a783f1404f9117 -> 
  custom:scripting/monoscript/fileName/PostProcessEditorAttribute.cs: 672a58b4d5bab60112487a31c361c481 -> 
  custom:scripting/monoscript/fileName/LensDistortionEditor.cs: dee045d29944d55e8040435a58a7ce90 -> 
  custom:scripting/monoscript/fileName/MotionBlurEditor.cs: 3bd8d3e7e9a7ea94beb2e5517b62d27b -> 
  custom:scripting/monoscript/fileName/Dithering.cs: 3014fffaa718d0ad6dd2c7bb7956ed46 -> 
  custom:scripting/monoscript/fileName/DecoratorAttribute.cs: be5bd39119e1a41ea1a019fdb3818a3f -> 
  custom:scripting/monoscript/fileName/DisplayNameAttribute.cs: 935a6ac504eb8a852fba40cbcae9292c -> 
  custom:scripting/monoscript/fileName/PostProcessEffectSettings.cs: 2ab9d33170e863b1a9c8a9079cdd12aa -> 
  custom:scripting/monoscript/fileName/Fog.cs: 07e271953e2bcf8513b6a72a2737e767 -> 
  custom:scripting/monoscript/fileName/PostProcessManager.cs: 28ef7780d543a8111635e1f5051383d0 -> 
  custom:scripting/monoscript/fileName/VolumeFactory.cs: cc77136700c9e1ff894d234886ccb852 -> 
  custom:scripting/precompiled-assembly-types:Unity.Timeline.Editor: b4313fba5652ee5a8449f3ec85f31ae4 -> 534d7c71c4dd9147ea00599cede121e1
  custom:CustomObjectIndexerAttribute: 9a22284fe3817be447336de3de66b15e -> 
  custom:scripting/monoscript/fileName/PostProcessEvent.cs: 8fb6e54ff2cf1a8be7ecdd01fbdd78f8 -> 
  custom:scripting/monoscript/fileName/TrackballAttribute.cs: 8dea8f77de7bd03137cc578af1ea6656 -> 
  custom:scripting/monoscript/fileName/TrackballDecorator.cs: 6a2b6c747937d12d8d81be8f5b21fbd2 -> 
  custom:scripting/monoscript/fileName/MultiScaleVO.cs: d4c4732956ffb536e016475d75f04c43 -> 
  custom:scripting/monoscript/fileName/CubeLutAssetFactory.cs: db1961888d7cabf6be94b37e3b663de4 -> 
  custom:container-demuxer-webm: 4f35f7cbe854078d1ac9338744f61a02 -> 
  custom:scripting/monoscript/fileName/PostProcessVolumeEditor.cs: 7aae71821512dcac422c45dc773293c3 -> 
  custom:scripting/monoscript/fileName/ChromaticAberration.cs: 4d59e57f8324f5f986e16678ed451410 -> 
  custom:scripting/monoscript/fileName/VignetteEditor.cs: 345736fc911c5e8ab23e579751a40e4a -> 
  custom:scripting/monoscript/fileName/Styling.cs: d1c4aa14ff93670753edfbb93fc91bfe -> 
  custom:scripting/monoscript/fileName/PostProcessEffectRendererExtensions.cs: e953624d113e7e1739c702512603957d -> 
  custom:scripting/monoscript/fileName/ScalableAO.cs: 2f29d71d59b754086c809cfee1cdce34 -> 
  custom:scripting/monoscript/fileName/PostProcessLayerEditor.cs: d16de665ece05cd6e27dcc8d7bac4b9a -> 
  custom:scripting/monoscript/fileName/MinMaxAttribute.cs: a4b6ac8a4377612c7135a60f905792f1 -> 
  custom:scripting/monoscript/fileName/SubpixelMorphologicalAntialiasing.cs: 02dcb8839824addec278047da0509aea -> 
  custom:scripting/monoscript/fileName/BaseEditor.cs: 90647cc400823b41df847a6cbfc29026 -> 
  custom:container-muxer-webm: aa71ff27fc2769a1b78a27578f13a17b -> 
  custom:video-decoder-webm-vp8: 9c59270c3fd7afecdb556c50c9e8de78 -> 
  custom:SearchIndexIgnoredProperties: e643bd26f0fe6173181afceb89e7c659 -> 
  custom:scripting/monoscript/fileName/ChromaticAberrationEditor.cs: 3043bf57519b71f64b7a6de970c2487b -> 
  custom:scripting/monoscript/fileName/PostProcessEffectRenderer.cs: 577c5acf8157ecea944bb95c8c6d9a95 -> 
  custom:AudioImporter_EditorPlatform: d09bf68614088b80899f8185d706f6e7 -> 
  custom:scripting/monoscript/fileName/TextureFormatUtilities.cs: ba58c57cfaabc0f8201a9ca6902fcb23 -> 
  custom:scripting/monoscript/fileName/PostProcessVolume.cs: 3883cef4be0567c54caf457a416a2095 -> 
  custom:scripting/monoscript/fileName/LightMeterMonitor.cs: a897ae0c731cb153281aea9ecd0efb03 -> 
  custom:scripting/monoscript/fileName/ColorGradingEditor.cs: 25838050e3e1f12ef51713a5dcf60349 -> 
  custom:scripting/monoscript/fileName/AttributeDecorator.cs: 39b465f08cd0a5df82fc2ef70b766ca2 -> 
  custom:scripting/monoscript/fileName/AutoExposureEditor.cs: dfd15824649ea346b717bc72a871d75b -> 
  custom:scripting/precompiled-assembly-types:Unity.VisualScripting.Core.Editor: 1ac958119c4ad755d50390246b13522a -> 39597c0f3a76e24d87d64afa59c5f88d
  custom:scripting/monoscript/fileName/LensDistortion.cs: b7963bb1da21ba484a7b59b9f6ea3aec -> 
  custom:scripting/monoscript/fileName/ResourceAssetFactory.cs: bf6acc988648d854bb3c5751325d0d0a -> 
  custom:scripting/precompiled-assembly-types:UnityEngine.TestRunner: 7a4d96a0696e29157328c6996c3b82c5 -> f5758234275f5346968d00e3b1a1c0e4
  custom:scripting/monoscript/fileName/PostProcessProfileEditor.cs: 1dcd55858a4126cb33b0f2de53c74fbe -> 
  custom:scripting/monoscript/fileName/PostProcessDebug.cs: a653e9b773649e7452b035b4ce1dae82 -> 
  custom:scripting/monoscript/fileName/PostProcessAttribute.cs: e125947bf72ce7382f3b16f75797c897 -> 
  custom:scripting/monoscript/fileName/QuitGame.cs: 5096369e521a632ecaa19ef6bb193ad3 -> 
  custom:scripting/monoscript/fileName/Grain.cs: 43f09a87a88d9937fbb9c4dbf3d5508e -> 
  custom:scripting/monoscript/fileName/HistogramMonitor.cs: 6fd024409d6e9db8d4c2c4e26430c2ad -> 
  custom:scripting/monoscript/fileName/PostProcessProfile.cs: f6dc030e2e953b2ed0eca334cce5d5cf -> 
  custom:scripting/monoscript/fileName/ProfileFactory.cs: f835845dfebfed501813f60a1cb006a3 -> 
  custom:scripting/monoscript/fileName/PostProcessEffectEditor.cs: 90647cc400823b41df847a6cbfc29026 -> 
  custom:scripting/monoscript/fileName/CubeLutAssetImporter.cs: 5e94ca4c74dad11cc8880f33d0ba9efb -> 
  custom:scripting/monoscript/fileName/PostProcessBundle.cs: f610f855c8ae8b896b5084e85ede373e -> 
  custom:scripting/monoscript/fileName/ScreenSpaceReflectionsEditor.cs: 59c13ba25de6098e70bafe8be94f609a -> 
  custom:video-encoder-webm-vp8: eb34c28f22e8b96e1ab97ce403110664 -> 
  custom:scripting/monoscript/fileName/RuntimeUtilities.cs: 76964d36e50cc48cfa29643bdde8d9a5 -> 
  custom:scripting/monoscript/fileName/Bloom.cs: 6f6d579a64201b97313a62a1e91b3575 -> 
  custom:audio-decoder-ogg-vorbis: bf7c407c2cedff20999df2af8eb42d56 -> 
  custom:scripting/monoscript/fileName/AutoExposure.cs: 0e7c21b17f53209ee8c5c61ab59d7835 -> 
  custom:scripting/monoscript/fileName/VectorscopeMonitor.cs: cb70c6437b976f01b752cd219cc47f32 -> 
  custom:scripting/monoscript/fileName/PropertySheetFactory.cs: cfc4667cc03e44252fafe18d99f24b25 -> 
  custom:scripting/monoscript/fileName/EditorUtilities.cs: 53a52fb113757c42f9c516115bd845ca -> 
  custom:scripting/monoscript/fileName/HaltonSeq.cs: a7590e55d6fae5328a1c395a2473d0cf -> 
  custom:scripting/monoscript/fileName/MinAttribute.cs: a3e7473301291585f4cca024ce307406 -> 
  custom:scripting/monoscript/fileName/DepthOfField.cs: d62178d8b5619f59fcdd6d24617ef5fd -> 
  custom:scripting/monoscript/fileName/BloomEditor.cs: c341bb26b40744c3a5c2a142ac3e1051 -> 
  custom:scripting/monoscript/fileName/MainMenuBtns.cs: 7a4c553ed157df86ad49bd371125fa92 -> 
  custom:scripting/monoscript/fileName/WaveformMonitor.cs: 609651ee3f98f206575f684e9cce655d -> 
  custom:scripting/monoscript/fileName/HableCurve.cs: f244b24d6e7c556a2de06e25b0bbf4c1 -> 
  custom:audio-encoder-webm-vorbis: bf7c407c2cedff20999df2af8eb42d56 -> 
  custom:scripting/monoscript/fileName/PropertySheet.cs: e6bb03169eca9d33ea794a47ad6ce213 -> 
  custom:scripting/monoscript/fileName/TargetPool.cs: 6d29560228134c933c12fb1c113fb6ef -> 
  custom:scripting/monoscript/fileName/LogHistogram.cs: bab913d888834a1a8572eb834acec97c -> 
  custom:scripting/monoscript/fileName/ScreenSpaceReflections.cs: 8afa07200328ddfcb2536d4180c62536 -> 
  custom:scripting/precompiled-assembly-types:Assembly-CSharp: 4871bac5146755dc94acd0b06276f62c -> 51bdbbc7743e4ed3f8333c67aed2824c
  custom:scripting/monoscript/fileName/CurveEditor.cs: f5e872b2a5a6427a1785818cb10d95d1 -> 
  custom:scripting/monoscript/fileName/PostProcessResources.cs: 5089c17a701ba9b714a1f3d25fb9a9b0 -> 
  custom:scripting/monoscript/fileName/EffectListEditor.cs: 1ecdb4094d9e64024d6eb7725a86197b -> 
========================================================================
Received Prepare
Caller must complete domain reload
Begin MonoManager ReloadAssembly
- Loaded All Assemblies, in  0.291 seconds
Native extension for WindowsStandalone target not found
[Package Manager] Server::EnsureServerProcessIsRunning -- launch failed, reason: Unity was launched with the -noUpm command-line argument
[Package Manager] UpmClient::Send -- Unable to send message (not connected to UPM process).
[Package Manager] Cannot connect to Unity Package Manager local server
Mono: successfully reloaded assembly
- Finished resetting the current domain, in  0.543 seconds
Domain Reload Profiling: 833ms
	BeginReloadAssembly (105ms)
		ExecutionOrderSort (0ms)
		DisableScriptedObjects (3ms)
		BackupInstance (0ms)
		ReleaseScriptingObjects (0ms)
		CreateAndSetChildDomain (22ms)
	RebuildCommonClasses (22ms)
	RebuildNativeTypeToScriptingClass (7ms)
	initialDomainReloadingComplete (19ms)
	LoadAllAssembliesAndSetupDomain (137ms)
		LoadAssemblies (181ms)
		RebuildTransferFunctionScriptingTraits (0ms)
		AnalyzeDomain (11ms)
			TypeCache.Refresh (5ms)
				TypeCache.ScanAssembly (0ms)
			ScanForSourceGeneratedMonoScriptInfo (0ms)
			ResolveRequiredComponents (4ms)
	FinalizeReload (544ms)
		ReleaseScriptCaches (0ms)
		RebuildScriptCaches (0ms)
		SetupLoadedEditorAssemblies (317ms)
			LogAssemblyErrors (0ms)
			InitializePlatformSupportModulesInManaged (5ms)
			SetLoadedEditorAssemblies (4ms)
			RefreshPlugins (0ms)
			BeforeProcessingInitializeOnLoad (40ms)
			ProcessInitializeOnLoadAttributes (246ms)
			ProcessInitializeOnLoadMethodAttributes (18ms)
			AfterProcessingInitializeOnLoad (4ms)
			EditorAssembliesLoaded (0ms)
		ExecutionOrderSort2 (0ms)
		AwakeInstancesAfterBackupRestoration (7ms)
Refreshing native plugins compatible for Editor in 1.72 ms, found 3 plugins.
Preloading 0 native plugins for Editor in 0.00 ms.
Unloading 3285 Unused Serialized files (Serialized files now loaded: 0)
Unloading 55 unused Assets / (4.3 MB). Loaded Objects now: 4175.
Memory consumption went from 157.6 MB to 153.3 MB.
Total: 4.485000 ms (FindLiveObjects: 0.237200 ms CreateObjectMapping: 0.076600 ms MarkObjects: 2.845800 ms  DeleteObjects: 1.324400 ms)

Prepare: number of updated asset objects reloaded= 0
AssetImportParameters requested are different than current active one (requested -> active):
  custom:scripting/monoscript/fileName/Decorators.cs: 4533f6715dc3f8cdabbd37ff77d1dad7 -> 
  custom:scripting/monoscript/fileName/GlobalSettings.cs: e5eb35b80bdfaee4ead1e1630fd77998 -> 
  custom:scripting/monoscript/fileName/PostProcessEffectBaseEditor.cs: 972bdf00f442be0d879dcb6868e25c8e -> 
  custom:scripting/monoscript/fileName/PostProcessRenderContext.cs: 9e034c8bf7d42a1d6c2d4339915eccb0 -> 
  custom:scripting/monoscript/fileName/Spline.cs: 7876820de12ed89d33ad838af99a030e -> 
  custom:scripting/monoscript/fileName/ColorGrading.cs: ef67493fb3cf9676ba5f25862510a595 -> 
  custom:scripting/monoscript/fileName/Monitor.cs: e0eb5d32b3aade2e0ce8680b00ac2b78 -> 
  custom:scripting/precompiled-assembly-types:Unity.Postprocessing.Runtime: 655cd018e42ac91ed9a03cfbdae17956 -> 
  custom:scripting/monoscript/fileName/TemporalAntialiasing.cs: 71e40fdab49d34f4e07f83936454d904 -> 
  custom:container-demuxer-ogg: 62fdf1f143b41e24485cea50d1cbac27 -> 
  custom:scripting/monoscript/fileName/AmbientOcclusion.cs: 7a27923f9312611f0b2898a72e3ee96a -> 
  custom:scripting/precompiled-assembly-types:Unity.PlasticSCM.Editor: 6422b6ca0d4c4c6df738ede20396ac4f -> 61b19ddb92073bec3b858fc919e16e73
  custom:scripting/monoscript/fileName/PostProcessDebugLayer.cs: 6d8a99809398beddf11f92dfbb0e6ad4 -> 
  custom:scripting/monoscript/fileName/ColorUtilities.cs: 47918ebfa890b947a816b80444ee2882 -> 
  custom:scripting/monoscript/fileName/ParameterOverride.cs: 5475497db741ca919df708e5019e593d -> 
  custom:scripting/monoscript/fileName/TextureLerper.cs: 973e800795f77d61d647ea0c3f0cf284 -> 
  custom:scripting/precompiled-assembly-types:Unity.Postprocessing.Editor: 23b49e25b965492466cd147d7735360a -> 
  custom:scripting/monoscript/fileName/Vignette.cs: e0b99ac31b7575ef776e7be56647abb0 -> 
  custom:scripting/monoscript/fileName/DepthOfFieldEditor.cs: 64cce655bf722c851048e2ebbf401a7b -> 
  custom:scripting/monoscript/fileName/DefaultPostProcessEffectEditor.cs: 06a1d8fcea7725e08b95f21cc15fd0a1 -> 
  custom:scripting/monoscript/fileName/MainMenuGUI.cs: 091df4f91c57b9accec9de62246fca77 -> 
  custom:scripting/monoscript/fileName/PostProcessLayer.cs: aa288976158dcd4c24041d5304f25d07 -> 
  custom:video-codec-MediaFoundation-h265: 746d11721c4dcdbdad8f713fa42b33f4 -> 
  custom:scripting/monoscript/fileName/MaxAttribute.cs: d661645ab8c724f24b3e19978e87b44c -> 
  custom:scripting/monoscript/fileName/PostProcessDebugEditor.cs: 1a0488d8742bf880cc7334e53e2cc73d -> 
  custom:video-decoder-ogg-theora: a1e56fd34408186e4bbccfd4996cb3dc -> 
  custom:scripting/monoscript/fileName/SerializedParameterOverride.cs: 5e4deaf96895d013d32a8e84ec179f8e -> 
  custom:scripting/monoscript/fileName/MeshUtilities.cs: dc5356b699afd34cf9728f4d65b476a0 -> 
  custom:scripting/monoscript/fileName/AmbientOcclusionEditor.cs: 61e5422c29b8f52188d508eb7d382167 -> 
  custom:scripting/monoscript/fileName/LoadScene.cs: 206f1b3f828a012e3128d4c1e305d0fb -> 
  custom:scripting/monoscript/fileName/FastApproximateAntialiasing.cs: bf5588b2deec2689a812a7d2eacd9bd5 -> 
  custom:scripting/monoscript/fileName/MotionBlur.cs: 823914e335803785a19e5990c6ab2911 -> 
  custom:scripting/monoscript/fileName/DefineSetter.cs: 292ba08e52064b1a72f8d4bb04301dd3 -> 
  custom:framework-win-MediaFoundation: 216162199b28c13a410421893ffa2e32 -> 
  custom:scripting/monoscript/fileName/ShaderIDs.cs: 96024f1f873475da65a783f1404f9117 -> 
  custom:scripting/monoscript/fileName/PostProcessEditorAttribute.cs: 672a58b4d5bab60112487a31c361c481 -> 
  custom:scripting/monoscript/fileName/LensDistortionEditor.cs: dee045d29944d55e8040435a58a7ce90 -> 
  custom:scripting/monoscript/fileName/MotionBlurEditor.cs: 3bd8d3e7e9a7ea94beb2e5517b62d27b -> 
  custom:scripting/monoscript/fileName/Dithering.cs: 3014fffaa718d0ad6dd2c7bb7956ed46 -> 
  custom:scripting/monoscript/fileName/DecoratorAttribute.cs: be5bd39119e1a41ea1a019fdb3818a3f -> 
  custom:scripting/monoscript/fileName/DisplayNameAttribute.cs: 935a6ac504eb8a852fba40cbcae9292c -> 
  custom:scripting/monoscript/fileName/PostProcessEffectSettings.cs: 2ab9d33170e863b1a9c8a9079cdd12aa -> 
  custom:scripting/monoscript/fileName/Fog.cs: 07e271953e2bcf8513b6a72a2737e767 -> 
  custom:scripting/monoscript/fileName/PostProcessManager.cs: 28ef7780d543a8111635e1f5051383d0 -> 
  custom:scripting/monoscript/fileName/VolumeFactory.cs: cc77136700c9e1ff894d234886ccb852 -> 
  custom:scripting/precompiled-assembly-types:Unity.Timeline.Editor: b4313fba5652ee5a8449f3ec85f31ae4 -> 534d7c71c4dd9147ea00599cede121e1
  custom:CustomObjectIndexerAttribute: 9a22284fe3817be447336de3de66b15e -> 
  custom:scripting/monoscript/fileName/PostProcessEvent.cs: 8fb6e54ff2cf1a8be7ecdd01fbdd78f8 -> 
  custom:scripting/monoscript/fileName/TrackballAttribute.cs: 8dea8f77de7bd03137cc578af1ea6656 -> 
  custom:scripting/monoscript/fileName/TrackballDecorator.cs: 6a2b6c747937d12d8d81be8f5b21fbd2 -> 
  custom:scripting/monoscript/fileName/MultiScaleVO.cs: d4c4732956ffb536e016475d75f04c43 -> 
  custom:scripting/monoscript/fileName/CubeLutAssetFactory.cs: db1961888d7cabf6be94b37e3b663de4 -> 
  custom:container-demuxer-webm: 4f35f7cbe854078d1ac9338744f61a02 -> 
  custom:scripting/monoscript/fileName/PostProcessVolumeEditor.cs: 7aae71821512dcac422c45dc773293c3 -> 
  custom:scripting/monoscript/fileName/ChromaticAberration.cs: 4d59e57f8324f5f986e16678ed451410 -> 
  custom:scripting/monoscript/fileName/VignetteEditor.cs: 345736fc911c5e8ab23e579751a40e4a -> 
  custom:scripting/monoscript/fileName/Styling.cs: d1c4aa14ff93670753edfbb93fc91bfe -> 
  custom:scripting/monoscript/fileName/PostProcessEffectRendererExtensions.cs: e953624d113e7e1739c702512603957d -> 
  custom:scripting/monoscript/fileName/ScalableAO.cs: 2f29d71d59b754086c809cfee1cdce34 -> 
  custom:scripting/monoscript/fileName/PostProcessLayerEditor.cs: d16de665ece05cd6e27dcc8d7bac4b9a -> 
  custom:scripting/monoscript/fileName/MinMaxAttribute.cs: a4b6ac8a4377612c7135a60f905792f1 -> 
  custom:scripting/monoscript/fileName/SubpixelMorphologicalAntialiasing.cs: 02dcb8839824addec278047da0509aea -> 
  custom:scripting/monoscript/fileName/BaseEditor.cs: 90647cc400823b41df847a6cbfc29026 -> 
  custom:container-muxer-webm: aa71ff27fc2769a1b78a27578f13a17b -> 
  custom:video-decoder-webm-vp8: 9c59270c3fd7afecdb556c50c9e8de78 -> 
  custom:SearchIndexIgnoredProperties: e643bd26f0fe6173181afceb89e7c659 -> 
  custom:scripting/monoscript/fileName/ChromaticAberrationEditor.cs: 3043bf57519b71f64b7a6de970c2487b -> 
  custom:scripting/monoscript/fileName/PostProcessEffectRenderer.cs: 577c5acf8157ecea944bb95c8c6d9a95 -> 
  custom:AudioImporter_EditorPlatform: d09bf68614088b80899f8185d706f6e7 -> 
  custom:scripting/monoscript/fileName/TextureFormatUtilities.cs: ba58c57cfaabc0f8201a9ca6902fcb23 -> 
  custom:scripting/monoscript/fileName/PostProcessVolume.cs: 3883cef4be0567c54caf457a416a2095 -> 
  custom:scripting/monoscript/fileName/LightMeterMonitor.cs: a897ae0c731cb153281aea9ecd0efb03 -> 
  custom:scripting/monoscript/fileName/ColorGradingEditor.cs: 25838050e3e1f12ef51713a5dcf60349 -> 
  custom:scripting/monoscript/fileName/AttributeDecorator.cs: 39b465f08cd0a5df82fc2ef70b766ca2 -> 
  custom:scripting/monoscript/fileName/AutoExposureEditor.cs: dfd15824649ea346b717bc72a871d75b -> 
  custom:scripting/precompiled-assembly-types:Unity.VisualScripting.Core.Editor: 1ac958119c4ad755d50390246b13522a -> 39597c0f3a76e24d87d64afa59c5f88d
  custom:scripting/monoscript/fileName/LensDistortion.cs: b7963bb1da21ba484a7b59b9f6ea3aec -> 
  custom:scripting/monoscript/fileName/ResourceAssetFactory.cs: bf6acc988648d854bb3c5751325d0d0a -> 
  custom:scripting/precompiled-assembly-types:UnityEngine.TestRunner: 7a4d96a0696e29157328c6996c3b82c5 -> f5758234275f5346968d00e3b1a1c0e4
  custom:scripting/monoscript/fileName/PostProcessProfileEditor.cs: 1dcd55858a4126cb33b0f2de53c74fbe -> 
  custom:scripting/monoscript/fileName/PostProcessDebug.cs: a653e9b773649e7452b035b4ce1dae82 -> 
  custom:scripting/monoscript/fileName/PostProcessAttribute.cs: e125947bf72ce7382f3b16f75797c897 -> 
  custom:scripting/monoscript/fileName/QuitGame.cs: 5096369e521a632ecaa19ef6bb193ad3 -> 
  custom:scripting/monoscript/fileName/Grain.cs: 43f09a87a88d9937fbb9c4dbf3d5508e -> 
  custom:scripting/monoscript/fileName/HistogramMonitor.cs: 6fd024409d6e9db8d4c2c4e26430c2ad -> 
  custom:scripting/monoscript/fileName/PostProcessProfile.cs: f6dc030e2e953b2ed0eca334cce5d5cf -> 
  custom:scripting/monoscript/fileName/ProfileFactory.cs: f835845dfebfed501813f60a1cb006a3 -> 
  custom:scripting/monoscript/fileName/PostProcessEffectEditor.cs: 90647cc400823b41df847a6cbfc29026 -> 
  custom:scripting/monoscript/fileName/CubeLutAssetImporter.cs: 5e94ca4c74dad11cc8880f33d0ba9efb -> 
  custom:scripting/monoscript/fileName/PostProcessBundle.cs: f610f855c8ae8b896b5084e85ede373e -> 
  custom:scripting/monoscript/fileName/ScreenSpaceReflectionsEditor.cs: 59c13ba25de6098e70bafe8be94f609a -> 
  custom:video-encoder-webm-vp8: eb34c28f22e8b96e1ab97ce403110664 -> 
  custom:scripting/monoscript/fileName/RuntimeUtilities.cs: 76964d36e50cc48cfa29643bdde8d9a5 -> 
  custom:scripting/monoscript/fileName/Bloom.cs: 6f6d579a64201b97313a62a1e91b3575 -> 
  custom:audio-decoder-ogg-vorbis: bf7c407c2cedff20999df2af8eb42d56 -> 
  custom:scripting/monoscript/fileName/AutoExposure.cs: 0e7c21b17f53209ee8c5c61ab59d7835 -> 
  custom:scripting/monoscript/fileName/VectorscopeMonitor.cs: cb70c6437b976f01b752cd219cc47f32 -> 
  custom:scripting/monoscript/fileName/PropertySheetFactory.cs: cfc4667cc03e44252fafe18d99f24b25 -> 
  custom:scripting/monoscript/fileName/EditorUtilities.cs: 53a52fb113757c42f9c516115bd845ca -> 
  custom:scripting/monoscript/fileName/HaltonSeq.cs: a7590e55d6fae5328a1c395a2473d0cf -> 
  custom:scripting/monoscript/fileName/MinAttribute.cs: a3e7473301291585f4cca024ce307406 -> 
  custom:scripting/monoscript/fileName/DepthOfField.cs: d62178d8b5619f59fcdd6d24617ef5fd -> 
  custom:scripting/monoscript/fileName/BloomEditor.cs: c341bb26b40744c3a5c2a142ac3e1051 -> 
  custom:scripting/monoscript/fileName/MainMenuBtns.cs: 7a4c553ed157df86ad49bd371125fa92 -> 
  custom:scripting/monoscript/fileName/WaveformMonitor.cs: 609651ee3f98f206575f684e9cce655d -> 
  custom:scripting/monoscript/fileName/HableCurve.cs: f244b24d6e7c556a2de06e25b0bbf4c1 -> 
  custom:audio-encoder-webm-vorbis: bf7c407c2cedff20999df2af8eb42d56 -> 
  custom:scripting/monoscript/fileName/PropertySheet.cs: e6bb03169eca9d33ea794a47ad6ce213 -> 
  custom:scripting/monoscript/fileName/TargetPool.cs: 6d29560228134c933c12fb1c113fb6ef -> 
  custom:scripting/monoscript/fileName/LogHistogram.cs: bab913d888834a1a8572eb834acec97c -> 
  custom:scripting/monoscript/fileName/ScreenSpaceReflections.cs: 8afa07200328ddfcb2536d4180c62536 -> 
  custom:scripting/precompiled-assembly-types:Assembly-CSharp: 4871bac5146755dc94acd0b06276f62c -> 51bdbbc7743e4ed3f8333c67aed2824c
  custom:scripting/monoscript/fileName/CurveEditor.cs: f5e872b2a5a6427a1785818cb10d95d1 -> 
  custom:scripting/monoscript/fileName/PostProcessResources.cs: 5089c17a701ba9b714a1f3d25fb9a9b0 -> 
  custom:scripting/monoscript/fileName/EffectListEditor.cs: 1ecdb4094d9e64024d6eb7725a86197b -> 
========================================================================
Received Import Request.
  Time since last request: 2481.977601 seconds.
  path: Assets/Animals/Low Poly Animals
  artifactKey: Guid(34196dcab48d0994c9860494d82fab44) Importer(815301076,1909f56bfc062723c751e8b465ee728b)
Start importing Assets/Animals/Low Poly Animals using Guid(34196dcab48d0994c9860494d82fab44) Importer(815301076,1909f56bfc062723c751e8b465ee728b) [PhysX] Initialized MultithreadedTaskDispatcher with 32 workers.
 -> (artifact id: 'dbaa186516bc98cd87831adc44f907b5') in 0.002569 seconds
Number of updated asset objects reloaded before import = 0
Number of asset objects unloaded after import = 0
========================================================================
Received Import Request.
  Time since last request: 6.658001 seconds.
  path: Assets/Animals/Low Poly Animals/Prefab
  artifactKey: Guid(6c22e2024e6b0114581d9fad76b29b7a) Importer(815301076,1909f56bfc062723c751e8b465ee728b)
Start importing Assets/Animals/Low Poly Animals/Prefab using Guid(6c22e2024e6b0114581d9fad76b29b7a) Importer(815301076,1909f56bfc062723c751e8b465ee728b) [PhysX] Initialized MultithreadedTaskDispatcher with 32 workers.
 -> (artifact id: '1e75f7842f419052c93074c0be8aaa8b') in 0.000562 seconds
Number of updated asset objects reloaded before import = 0
Number of asset objects unloaded after import = 0
========================================================================
Received Import Request.
  Time since last request: 0.179940 seconds.
  path: Assets/Animals/Low Poly Animals/Prefab/wolf.prefab
  artifactKey: Guid(b30d826b4d4bddb40a032b1baa3043fb) Importer(815301076,1909f56bfc062723c751e8b465ee728b)
Start importing Assets/Animals/Low Poly Animals/Prefab/wolf.prefab using Guid(b30d826b4d4bddb40a032b1baa3043fb) Importer(815301076,1909f56bfc062723c751e8b465ee728b) [PhysX] Initialized MultithreadedTaskDispatcher with 32 workers.
[PhysX] Initialized MultithreadedTaskDispatcher with 32 workers.
 -> (artifact id: '41ca5a5394a684bec65a776d888dae3e') in 0.235603 seconds
Number of updated asset objects reloaded before import = 0
Number of asset objects unloaded after import = 90
========================================================================
Received Prepare
Caller must complete domain reload
Begin MonoManager ReloadAssembly
- Loaded All Assemblies, in  0.292 seconds
Native extension for WindowsStandalone target not found
[Package Manager] Server::EnsureServerProcessIsRunning -- launch failed, reason: Unity was launched with the -noUpm command-line argument
[Package Manager] UpmClient::Send -- Unable to send message (not connected to UPM process).
[Package Manager] Cannot connect to Unity Package Manager local server
Mono: successfully reloaded assembly
- Finished resetting the current domain, in  0.536 seconds
Domain Reload Profiling: 828ms
	BeginReloadAssembly (103ms)
		ExecutionOrderSort (0ms)
		DisableScriptedObjects (3ms)
		BackupInstance (0ms)
		ReleaseScriptingObjects (0ms)
		CreateAndSetChildDomain (21ms)
	RebuildCommonClasses (22ms)
	RebuildNativeTypeToScriptingClass (6ms)
	initialDomainReloadingComplete (20ms)
	LoadAllAssembliesAndSetupDomain (140ms)
		LoadAssemblies (183ms)
		RebuildTransferFunctionScriptingTraits (0ms)
		AnalyzeDomain (11ms)
			TypeCache.Refresh (4ms)
				TypeCache.ScanAssembly (0ms)
			ScanForSourceGeneratedMonoScriptInfo (0ms)
			ResolveRequiredComponents (4ms)
	FinalizeReload (536ms)
		ReleaseScriptCaches (0ms)
		RebuildScriptCaches (0ms)
		SetupLoadedEditorAssemblies (290ms)
			LogAssemblyErrors (0ms)
			InitializePlatformSupportModulesInManaged (4ms)
			SetLoadedEditorAssemblies (2ms)
			RefreshPlugins (0ms)
			BeforeProcessingInitializeOnLoad (38ms)
			ProcessInitializeOnLoadAttributes (228ms)
			ProcessInitializeOnLoadMethodAttributes (14ms)
			AfterProcessingInitializeOnLoad (3ms)
			EditorAssembliesLoaded (0ms)
		ExecutionOrderSort2 (0ms)
		AwakeInstancesAfterBackupRestoration (5ms)
Refreshing native plugins compatible for Editor in 1.04 ms, found 3 plugins.
Preloading 0 native plugins for Editor in 0.00 ms.
Unloading 3284 Unused Serialized files (Serialized files now loaded: 0)
Unloading 55 unused Assets / (4.3 MB). Loaded Objects now: 4179.
Memory consumption went from 158.9 MB to 154.6 MB.
Total: 2.982400 ms (FindLiveObjects: 0.218400 ms CreateObjectMapping: 0.066900 ms MarkObjects: 1.843300 ms  DeleteObjects: 0.852800 ms)

Prepare: number of updated asset objects reloaded= 0
AssetImportParameters requested are different than current active one (requested -> active):
  custom:scripting/monoscript/fileName/Decorators.cs: 4533f6715dc3f8cdabbd37ff77d1dad7 -> 
  custom:scripting/monoscript/fileName/GlobalSettings.cs: e5eb35b80bdfaee4ead1e1630fd77998 -> 
  custom:scripting/monoscript/fileName/PostProcessEffectBaseEditor.cs: 972bdf00f442be0d879dcb6868e25c8e -> 
  custom:scripting/monoscript/fileName/PostProcessRenderContext.cs: 9e034c8bf7d42a1d6c2d4339915eccb0 -> 
  custom:scripting/monoscript/fileName/Spline.cs: 7876820de12ed89d33ad838af99a030e -> 
  custom:scripting/monoscript/fileName/ColorGrading.cs: ef67493fb3cf9676ba5f25862510a595 -> 
  custom:scripting/monoscript/fileName/Monitor.cs: e0eb5d32b3aade2e0ce8680b00ac2b78 -> 
  custom:scripting/precompiled-assembly-types:Unity.Postprocessing.Runtime: 655cd018e42ac91ed9a03cfbdae17956 -> 
  custom:scripting/monoscript/fileName/TemporalAntialiasing.cs: 71e40fdab49d34f4e07f83936454d904 -> 
  custom:container-demuxer-ogg: 62fdf1f143b41e24485cea50d1cbac27 -> 
  custom:scripting/monoscript/fileName/AmbientOcclusion.cs: 7a27923f9312611f0b2898a72e3ee96a -> 
  custom:scripting/precompiled-assembly-types:Unity.PlasticSCM.Editor: 6422b6ca0d4c4c6df738ede20396ac4f -> 61b19ddb92073bec3b858fc919e16e73
  custom:scripting/monoscript/fileName/PostProcessDebugLayer.cs: 6d8a99809398beddf11f92dfbb0e6ad4 -> 
  custom:scripting/monoscript/fileName/ColorUtilities.cs: 47918ebfa890b947a816b80444ee2882 -> 
  custom:scripting/monoscript/fileName/ParameterOverride.cs: 5475497db741ca919df708e5019e593d -> 
  custom:scripting/monoscript/fileName/TextureLerper.cs: 973e800795f77d61d647ea0c3f0cf284 -> 
  custom:scripting/precompiled-assembly-types:Unity.Postprocessing.Editor: 23b49e25b965492466cd147d7735360a -> 
  custom:scripting/monoscript/fileName/Vignette.cs: e0b99ac31b7575ef776e7be56647abb0 -> 
  custom:scripting/monoscript/fileName/DepthOfFieldEditor.cs: 64cce655bf722c851048e2ebbf401a7b -> 
  custom:scripting/monoscript/fileName/DefaultPostProcessEffectEditor.cs: 06a1d8fcea7725e08b95f21cc15fd0a1 -> 
  custom:scripting/monoscript/fileName/MainMenuGUI.cs: 091df4f91c57b9accec9de62246fca77 -> 
  custom:scripting/monoscript/fileName/PostProcessLayer.cs: aa288976158dcd4c24041d5304f25d07 -> 
  custom:video-codec-MediaFoundation-h265: 746d11721c4dcdbdad8f713fa42b33f4 -> 
  custom:scripting/monoscript/fileName/MaxAttribute.cs: d661645ab8c724f24b3e19978e87b44c -> 
  custom:scripting/monoscript/fileName/PostProcessDebugEditor.cs: 1a0488d8742bf880cc7334e53e2cc73d -> 
  custom:video-decoder-ogg-theora: a1e56fd34408186e4bbccfd4996cb3dc -> 
  custom:scripting/monoscript/fileName/SerializedParameterOverride.cs: 5e4deaf96895d013d32a8e84ec179f8e -> 
  custom:scripting/monoscript/fileName/MeshUtilities.cs: dc5356b699afd34cf9728f4d65b476a0 -> 
  custom:scripting/monoscript/fileName/AmbientOcclusionEditor.cs: 61e5422c29b8f52188d508eb7d382167 -> 
  custom:scripting/monoscript/fileName/LoadScene.cs: 206f1b3f828a012e3128d4c1e305d0fb -> 
  custom:scripting/monoscript/fileName/FastApproximateAntialiasing.cs: bf5588b2deec2689a812a7d2eacd9bd5 -> 
  custom:scripting/monoscript/fileName/MotionBlur.cs: 823914e335803785a19e5990c6ab2911 -> 
  custom:scripting/monoscript/fileName/DefineSetter.cs: 292ba08e52064b1a72f8d4bb04301dd3 -> 
  custom:framework-win-MediaFoundation: 216162199b28c13a410421893ffa2e32 -> 
  custom:scripting/monoscript/fileName/ShaderIDs.cs: 96024f1f873475da65a783f1404f9117 -> 
  custom:scripting/monoscript/fileName/PostProcessEditorAttribute.cs: 672a58b4d5bab60112487a31c361c481 -> 
  custom:scripting/monoscript/fileName/LensDistortionEditor.cs: dee045d29944d55e8040435a58a7ce90 -> 
  custom:scripting/monoscript/fileName/MotionBlurEditor.cs: 3bd8d3e7e9a7ea94beb2e5517b62d27b -> 
  custom:scripting/monoscript/fileName/Dithering.cs: 3014fffaa718d0ad6dd2c7bb7956ed46 -> 
  custom:scripting/monoscript/fileName/DecoratorAttribute.cs: be5bd39119e1a41ea1a019fdb3818a3f -> 
  custom:scripting/monoscript/fileName/DisplayNameAttribute.cs: 935a6ac504eb8a852fba40cbcae9292c -> 
  custom:scripting/monoscript/fileName/PostProcessEffectSettings.cs: 2ab9d33170e863b1a9c8a9079cdd12aa -> 
  custom:scripting/monoscript/fileName/Fog.cs: 07e271953e2bcf8513b6a72a2737e767 -> 
  custom:scripting/monoscript/fileName/PostProcessManager.cs: 28ef7780d543a8111635e1f5051383d0 -> 
  custom:scripting/monoscript/fileName/VolumeFactory.cs: cc77136700c9e1ff894d234886ccb852 -> 
  custom:scripting/precompiled-assembly-types:Unity.Timeline.Editor: b4313fba5652ee5a8449f3ec85f31ae4 -> 534d7c71c4dd9147ea00599cede121e1
  custom:CustomObjectIndexerAttribute: 9a22284fe3817be447336de3de66b15e -> 
  custom:scripting/monoscript/fileName/PostProcessEvent.cs: 8fb6e54ff2cf1a8be7ecdd01fbdd78f8 -> 
  custom:scripting/monoscript/fileName/TrackballAttribute.cs: 8dea8f77de7bd03137cc578af1ea6656 -> 
  custom:scripting/monoscript/fileName/TrackballDecorator.cs: 6a2b6c747937d12d8d81be8f5b21fbd2 -> 
  custom:scripting/monoscript/fileName/MultiScaleVO.cs: d4c4732956ffb536e016475d75f04c43 -> 
  custom:scripting/monoscript/fileName/CubeLutAssetFactory.cs: db1961888d7cabf6be94b37e3b663de4 -> 
  custom:container-demuxer-webm: 4f35f7cbe854078d1ac9338744f61a02 -> 
  custom:scripting/monoscript/fileName/PostProcessVolumeEditor.cs: 7aae71821512dcac422c45dc773293c3 -> 
  custom:scripting/monoscript/fileName/ChromaticAberration.cs: 4d59e57f8324f5f986e16678ed451410 -> 
  custom:scripting/monoscript/fileName/VignetteEditor.cs: 345736fc911c5e8ab23e579751a40e4a -> 
  custom:scripting/monoscript/fileName/Styling.cs: d1c4aa14ff93670753edfbb93fc91bfe -> 
  custom:scripting/monoscript/fileName/PostProcessEffectRendererExtensions.cs: e953624d113e7e1739c702512603957d -> 
  custom:scripting/monoscript/fileName/ScalableAO.cs: 2f29d71d59b754086c809cfee1cdce34 -> 
  custom:scripting/monoscript/fileName/PostProcessLayerEditor.cs: d16de665ece05cd6e27dcc8d7bac4b9a -> 
  custom:scripting/monoscript/fileName/MinMaxAttribute.cs: a4b6ac8a4377612c7135a60f905792f1 -> 
  custom:scripting/monoscript/fileName/SubpixelMorphologicalAntialiasing.cs: 02dcb8839824addec278047da0509aea -> 
  custom:scripting/monoscript/fileName/BaseEditor.cs: 90647cc400823b41df847a6cbfc29026 -> 
  custom:container-muxer-webm: aa71ff27fc2769a1b78a27578f13a17b -> 
  custom:video-decoder-webm-vp8: 9c59270c3fd7afecdb556c50c9e8de78 -> 
  custom:SearchIndexIgnoredProperties: e643bd26f0fe6173181afceb89e7c659 -> 
  custom:scripting/monoscript/fileName/ChromaticAberrationEditor.cs: 3043bf57519b71f64b7a6de970c2487b -> 
  custom:scripting/monoscript/fileName/PostProcessEffectRenderer.cs: 577c5acf8157ecea944bb95c8c6d9a95 -> 
  custom:AudioImporter_EditorPlatform: d09bf68614088b80899f8185d706f6e7 -> 
  custom:scripting/monoscript/fileName/TextureFormatUtilities.cs: ba58c57cfaabc0f8201a9ca6902fcb23 -> 
  custom:scripting/monoscript/fileName/PostProcessVolume.cs: 3883cef4be0567c54caf457a416a2095 -> 
  custom:scripting/monoscript/fileName/LightMeterMonitor.cs: a897ae0c731cb153281aea9ecd0efb03 -> 
  custom:scripting/monoscript/fileName/ColorGradingEditor.cs: 25838050e3e1f12ef51713a5dcf60349 -> 
  custom:scripting/monoscript/fileName/AttributeDecorator.cs: 39b465f08cd0a5df82fc2ef70b766ca2 -> 
  custom:scripting/monoscript/fileName/AutoExposureEditor.cs: dfd15824649ea346b717bc72a871d75b -> 
  custom:scripting/precompiled-assembly-types:Unity.VisualScripting.Core.Editor: 1ac958119c4ad755d50390246b13522a -> 39597c0f3a76e24d87d64afa59c5f88d
  custom:scripting/monoscript/fileName/LensDistortion.cs: b7963bb1da21ba484a7b59b9f6ea3aec -> 
  custom:scripting/monoscript/fileName/ResourceAssetFactory.cs: bf6acc988648d854bb3c5751325d0d0a -> 
  custom:scripting/precompiled-assembly-types:UnityEngine.TestRunner: 7a4d96a0696e29157328c6996c3b82c5 -> f5758234275f5346968d00e3b1a1c0e4
  custom:scripting/monoscript/fileName/PostProcessProfileEditor.cs: 1dcd55858a4126cb33b0f2de53c74fbe -> 
  custom:scripting/monoscript/fileName/PostProcessDebug.cs: a653e9b773649e7452b035b4ce1dae82 -> 
  custom:scripting/monoscript/fileName/PostProcessAttribute.cs: e125947bf72ce7382f3b16f75797c897 -> 
  custom:scripting/monoscript/fileName/QuitGame.cs: 5096369e521a632ecaa19ef6bb193ad3 -> 
  custom:scripting/monoscript/fileName/Grain.cs: 43f09a87a88d9937fbb9c4dbf3d5508e -> 
  custom:scripting/monoscript/fileName/HistogramMonitor.cs: 6fd024409d6e9db8d4c2c4e26430c2ad -> 
  custom:scripting/monoscript/fileName/PostProcessProfile.cs: f6dc030e2e953b2ed0eca334cce5d5cf -> 
  custom:scripting/monoscript/fileName/ProfileFactory.cs: f835845dfebfed501813f60a1cb006a3 -> 
  custom:scripting/monoscript/fileName/PostProcessEffectEditor.cs: 90647cc400823b41df847a6cbfc29026 -> 
  custom:scripting/monoscript/fileName/CubeLutAssetImporter.cs: 5e94ca4c74dad11cc8880f33d0ba9efb -> 
  custom:scripting/monoscript/fileName/PostProcessBundle.cs: f610f855c8ae8b896b5084e85ede373e -> 
  custom:scripting/monoscript/fileName/ScreenSpaceReflectionsEditor.cs: 59c13ba25de6098e70bafe8be94f609a -> 
  custom:video-encoder-webm-vp8: eb34c28f22e8b96e1ab97ce403110664 -> 
  custom:scripting/monoscript/fileName/RuntimeUtilities.cs: 76964d36e50cc48cfa29643bdde8d9a5 -> 
  custom:scripting/monoscript/fileName/Bloom.cs: 6f6d579a64201b97313a62a1e91b3575 -> 
  custom:audio-decoder-ogg-vorbis: bf7c407c2cedff20999df2af8eb42d56 -> 
  custom:scripting/monoscript/fileName/AutoExposure.cs: 0e7c21b17f53209ee8c5c61ab59d7835 -> 
  custom:scripting/monoscript/fileName/VectorscopeMonitor.cs: cb70c6437b976f01b752cd219cc47f32 -> 
  custom:scripting/monoscript/fileName/PropertySheetFactory.cs: cfc4667cc03e44252fafe18d99f24b25 -> 
  custom:scripting/monoscript/fileName/EditorUtilities.cs: 53a52fb113757c42f9c516115bd845ca -> 
  custom:scripting/monoscript/fileName/HaltonSeq.cs: a7590e55d6fae5328a1c395a2473d0cf -> 
  custom:scripting/monoscript/fileName/MinAttribute.cs: a3e7473301291585f4cca024ce307406 -> 
  custom:scripting/monoscript/fileName/DepthOfField.cs: d62178d8b5619f59fcdd6d24617ef5fd -> 
  custom:scripting/monoscript/fileName/BloomEditor.cs: c341bb26b40744c3a5c2a142ac3e1051 -> 
  custom:scripting/monoscript/fileName/MainMenuBtns.cs: 7a4c553ed157df86ad49bd371125fa92 -> 
  custom:scripting/monoscript/fileName/WaveformMonitor.cs: 609651ee3f98f206575f684e9cce655d -> 
  custom:scripting/monoscript/fileName/HableCurve.cs: f244b24d6e7c556a2de06e25b0bbf4c1 -> 
  custom:audio-encoder-webm-vorbis: bf7c407c2cedff20999df2af8eb42d56 -> 
  custom:scripting/monoscript/fileName/PropertySheet.cs: e6bb03169eca9d33ea794a47ad6ce213 -> 
  custom:scripting/monoscript/fileName/TargetPool.cs: 6d29560228134c933c12fb1c113fb6ef -> 
  custom:scripting/monoscript/fileName/LogHistogram.cs: bab913d888834a1a8572eb834acec97c -> 
  custom:scripting/monoscript/fileName/ScreenSpaceReflections.cs: 8afa07200328ddfcb2536d4180c62536 -> 
  custom:scripting/precompiled-assembly-types:Assembly-CSharp: 4871bac5146755dc94acd0b06276f62c -> 51bdbbc7743e4ed3f8333c67aed2824c
  custom:scripting/monoscript/fileName/CurveEditor.cs: f5e872b2a5a6427a1785818cb10d95d1 -> 
  custom:scripting/monoscript/fileName/PostProcessResources.cs: 5089c17a701ba9b714a1f3d25fb9a9b0 -> 
  custom:scripting/monoscript/fileName/EffectListEditor.cs: 1ecdb4094d9e64024d6eb7725a86197b -> 
